Date,PortRet,SPYRet,GrossRet,Turnover,TxnCostBps,FinancingCostRet,FinancingRateAnnual,BorrowedNotionalUSD,NHoldings,Regime,RegimeConf,RegimeExp,RawRegime,RawRegimeConf,SmoothedRegime,SmoothedRegimeConf,RegimeStable,ProbExpansion,ProbTransition,ProbContraction,PredSectors,PredSectorNames,RealTopSectors,TopStocksInPredSectors,PortEq,SPYEq,AlphaEq,ks_active,ks_zscore,ks_reason,ks_exposure,PortRetKS
2005-09-30,0.0,0.03678243694387895,0.0,0.0,0.0,0.0,0.0,0.0,0,Contraction,1.0,0.5,Contraction,1.0,Contraction,1.0,True,7.876303775238764e-77,2.0997382570376704e-43,1.0,,,"Energy,Information Technology,Utilities",0,1.0,1.036782436943879,-0.03678243694387895,False,-0.8868877026892463,inactive,1.0,0.0
2005-12-31,0.0,0.01731135139303608,0.0,0.0,0.0,0.0,0.0,0.0,0,Contraction,1.0,0.5,Contraction,1.0,Contraction,1.0,True,3.099155067019556e-100,3.4640220686155015e-61,1.0,,,"Financials,Materials,Industrials",0,1.0,1.0547305420279427,-0.0547305420279427,False,-0.7892634514167697,inactive,1.0,0.0
2006-03-31,0.08379356481036039,0.046874135937976735,0.08715356481036039,1.0,33.6,0.0,0.0,0.0,30,Transition,0.999999994348812,1.0,Transition,0.999999994348812,Transition,0.599949196767033,False,5.651185729590626e-09,0.999999994348812,2.7068605402211977e-32,"Energy,Materials,Consumer Discretionary","Energy,Materials,Consumer Discretionary","Real Estate,Materials,Industrials",5,1.0837935648103605,1.1041701248328963,-0.02037656002253585,False,-1.0310209033222542,inactive,1.0,0.08379356481036039
2006-06-30,-0.01581289246397272,-0.0153079917126685,-0.028937784929708592,0.39999999999999997,13.44,0.0,0.0,0.0,30,Contraction,0.999999999939071,0.4999999999695355,Contraction,0.999999999939071,Contraction,0.5999983080104568,False,6.093036265908768e-11,3.533208184699955e-28,0.999999999939071,"Energy,Materials,Financials","Energy,Materials,Financials","Energy,Consumer Staples,Communication Services",8,1.0666556537168685,1.0872674977125782,-0.0206118439957097,False,-0.902608378265796,inactive,1.0,-0.01581289246397272
2006-09-30,0.09294434401587655,0.054113089023990035,0.09630434401587655,1.0000000000000013,33.600000000000044,0.0,0.0,0.0,30,Transition,0.9999987481796372,1.0,Transition,0.9999987481796372,Transition,0.5995936141528149,False,1.2518203613384306e-06,0.9999987481796372,1.0677656550674778e-24,"Information Technology,Utilities,Health Care","Information Technology,Utilities,Health Care","Real Estate,Information Technology,Communication Services",8,1.165795263742409,1.1461029006091898,0.019692363133219093,False,-0.8414441156206682,inactive,1.0,0.09294434401587655
2006-12-31,0.08262182617379683,0.06609567760424762,0.08508582617379684,0.733333333333334,24.640000000000022,0.0,0.0,0.0,30,Transition,0.9999999999980816,1.0,Transition,0.9999999999980816,Transition,0.5999940826177028,False,1.9169817742874287e-12,0.9999999999980816,8.532185103877902e-26,"Energy,Industrials,Utilities","Energy,Industrials,Utilities","Utilities,Real Estate,Consumer Discretionary",3,1.2621153973775698,1.221855348429148,0.040260048948421945,False,-1.0700494762592818,inactive,1.0,0.08262182617379683
2007-03-31,0.05033902903603,0.0066602921523821745,0.05257902903603,0.6666666666666671,22.400000000000016,0.0,0.0,0.0,30,Transition,0.9999999971199642,1.0,Transition,0.9999999971199642,Transition,0.5999033160274765,False,2.880037100870276e-09,0.9999999971199642,4.206000452832061e-19,"Energy,Health Care,Consumer Discretionary","Energy,Health Care,Consumer Discretionary","Materials,Utilities,Energy",3,1.3256490610129799,1.2299932620176368,0.09565579899534304,False,-1.0575976968743277,inactive,1.0,0.05033902903603
2007-06-30,0.07556518672264576,0.06393221662110382,0.07791718672264576,0.7000000000000005,23.520000000000017,0.0,0.0,0.0,30,Transition,0.9999969692730158,1.0,Transition,0.9999969692730158,Transition,0.5008473754999748,False,2.982519098421427e-06,0.9999969692730158,4.820788869263919e-08,"Energy,Information Technology,Financials","Energy,Information Technology,Financials","Energy,Industrials,Information Technology",16,1.4258219798371257,1.3086294576874464,0.11719252214967923,False,-0.967630303871394,inactive,1.0,0.07556518672264576
2007-09-30,0.019732306501891006,0.01910431582001837,0.04304863166397838,0.5333333333333333,17.92,0.0,0.0,0.0,30,Contraction,0.9999995665321836,0.4999997832660918,Contraction,0.9999995665321836,Contraction,0.9999999116472584,True,4.334678151233833e-07,2.182340563073161e-33,0.9999995665321836,"Energy,Materials,Financials","Energy,Materials,Financials","Energy,Health Care,Information Technology",10,1.4539567361604049,1.3336299281384867,0.1203268080219182,False,-0.4030783539509787,inactive,1.0,0.019732306501891006
2007-12-31,-0.014619615494560471,-0.036663081737782655,-0.027671230989125464,0.2333333333333333,7.84,0.0,0.0,0.0,30,Contraction,0.9999999999998366,0.4999999999999183,Contraction,0.9999999999998366,Contraction,0.9999999999984815,True,1.6312586063848114e-13,7.262832353318846e-163,0.9999999999998366,"Energy,Financials,Materials","Energy,Financials,Materials","Energy,Utilities,Consumer Staples",11,1.4327004477320135,1.2847349450751921,0.1479655026568214,False,0.3920974836997667,inactive,1.0,-0.014619615494560471
2008-03-31,-0.039538550988293696,-0.09292565724430002,-0.07616510197744923,0.4333333333333333,14.559999999999999,0.0,0.0,0.0,30,Contraction,0.9999999999886846,0.4999999999943423,Contraction,0.9999999999886846,Contraction,0.9999999999977256,True,1.1313901232766531e-11,0.0,0.9999999999886846,"Energy,Information Technology,Materials","Energy,Information Technology,Materials","Real Estate,Consumer Discretionary,Energy",4,1.3760535480284102,1.1653501059193603,0.2107034421090499,False,1.4306022361860866,inactive,1.0,-0.039538550988293696
2008-06-30,0.052901663271342075,-0.02538356857823043,0.10893932654268415,0.4666666666666666,15.68,0.0,0.0,0.0,30,Contraction,1.0,0.5,Contraction,1.0,Contraction,1.0,True,1.7932882914198998e-82,0.0,1.0,"Information Technology,Utilities,Energy","Information Technology,Utilities,Energy","Energy,Utilities,Information Technology",6,1.4488490694695448,1.1357693615881082,0.3130797078814367,False,1.016217252399286,inactive,1.0,0.052901663271342075
2008-09-30,-0.013087832925435075,-0.08844040073119197,-0.019455665850870146,1.0000000000000004,33.600000000000016,0.0,0.0,0.0,27,Contraction,1.0,0.5,Contraction,1.0,Contraction,1.0,True,8.892795232164222e-174,0.0,1.0,"Consumer Discretionary,Industrials,Real Estate","Consumer Discretionary,Industrials,Real Estate","Consumer Discretionary,Consumer Staples,Real Estate",1,1.4298867749141555,1.0353214641110458,0.39456531080310975,False,2.6278208841286177,inactive,1.0,-0.013087832925435075
2008-12-31,-0.08809861303918859,-0.21568626387121026,-0.1710452260783772,0.7666666666666667,25.76,0.0,0.0,0.0,30,Contraction,1.0,0.5,Contraction,1.0,Contraction,1.0,True,0.0,0.0,1.0,"Utilities,Information Technology,Consumer Discretionary","Utilities,Information Technology,Consumer Discretionary","Utilities,Consumer Staples,Health Care",1,1.30391573324114,0.812016845611263,0.491898887629877,True,4.476205066022322,cooling,0.5,-0.044049306519594295
2009-03-31,-0.01427908867357516,-0.11248726846594148,-0.026766177347150318,0.26666666666666666,8.96,0.0,0.0,0.0,30,Contraction,1.0,0.5,Contraction,1.0,Contraction,1.0,True,0.0,0.0,1.0,"Information Technology,Consumer Discretionary,Utilities","Information Technology,Consumer Discretionary,Utilities","Information Technology,Consumer Discretionary,Materials",8,1.2852970048633199,0.7206752887001219,0.564621716163198,True,3.4920792760310144,cooling,0.5,-0.00713954433678758
2009-06-30,0.0174113092256891,0.16284464005830301,0.03997601295155263,0.7666666666666674,25.760000000000026,0.0,0.0,0.0,30,Contraction,0.9999651165768804,0.4999825582884402,Contraction,0.9999651165768804,Contraction,0.9999927008063322,True,3.488342311810656e-05,0.0,0.9999651165768804,"Consumer Discretionary,Financials,Materials","Consumer Discretionary,Financials,Materials","Real Estate,Financials,Materials",16,1.307675708461847,0.8380333966874068,0.46964231177444027,False,1.3853169482148016,inactive,1.0,0.0174113092256891
2009-09-30,0.2973987020290282,0.15381073114492017,0.23321673001614876,0.6333333333333336,21.280000000000012,0.003655046991965165,0.04767452598215432,392302.7125385542,30,Expansion,0.9295194158259432,1.3,Expansion,0.9295194158259432,Expansion,0.7098405685513138,False,0.9295194158259432,0.0,0.070480584174058,"Materials,Financials,Real Estate","Materials,Financials,Real Estate","Financials,Materials,Real Estate",15,1.69657676683329,0.9669319261557578,0.7296448406775322,False,0.5886413195740793,inactive,1.0,0.2973987020290282
2009-12-31,0.13679339939811588,0.06108540921304351,0.10914003676119745,0.4333333333333333,14.559999999999999,0.0036326483914407713,0.047382370323140494,508973.0300499871,30,Expansion,0.9999320601284268,1.3,Expansion,0.9999320601284268,Expansion,0.7983782328806232,False,0.9999320601284268,0.0,6.793987157310767e-05,"Materials,Consumer Discretionary,Real Estate","Materials,Consumer Discretionary,Real Estate","Information Technology,Health Care,Real Estate",2,1.9286572701082805,1.0259973585461386,0.9026599115621419,False,0.1250583534072248,inactive,1.0,0.13679339939811588
2010-03-31,0.06766897423295698,0.05421600279516525,0.056847527817665486,0.8000000000000008,26.880000000000027,0.003544811930008168,0.047264159066775564,578597.1810324843,30,Expansion,0.9999867547908842,1.3,Expansion,0.9999867547908842,Expansion,0.7991935996805335,False,0.9999867547908842,8.610606603923756e-65,1.3245209115340606e-05,"Financials,Energy,Consumer Discretionary","Financials,Energy,Consumer Discretionary","Consumer Discretionary,Financials,Industrials",15,2.059167529223443,1.0816228342049081,0.9775446950185347,False,-0.0415913883358756,inactive,1.0,0.06766897423295698
2010-06-30,-0.04898041170736555,-0.11358113236029344,-0.0950488234147311,0.4333333333333333,14.559999999999999,0.0,0.0,0.0,30,Contraction,1.0,0.5,Contraction,1.0,Contraction,1.0,True,2.848668719655358e-70,4.9847694304492853e-290,1.0,"Energy,Utilities,Consumer Discretionary","Energy,Utilities,Consumer Discretionary","Utilities,Consumer Staples,Real Estate",4,1.95830865586764,0.9587708879091648,0.9995377679584752,False,0.3477536604319939,inactive,1.0,-0.04898041170736555
2010-09-30,0.0919450085856973,0.11161629866863731,0.18904201717139463,0.7666666666666674,25.760000000000026,0.0,0.0,0.0,30,Contraction,1.0,0.5,Contraction,1.0,Contraction,1.0,True,3.7914225144211344e-62,8.995159945666626e-256,1.0,"Consumer Discretionary,Industrials,Information Technology","Consumer Discretionary,Industrials,Information Technology","Consumer Discretionary,Materials,Industrials",10,2.1383653620448353,1.0657853456888287,1.0725800163560066,False,0.080355656373589,inactive,1.0,0.0919450085856973
2010-12-31,0.12816295726298887,0.10760891602426859,0.10352311190924207,0.8333333333333343,28.000000000000032,0.003617088219025828,0.0471794115525108,641509.6086134508,30,Expansion,0.9999703436199752,1.3,Expansion,0.9999703436199752,Expansion,0.798755474085773,False,0.9999703436199752,1.0946724694350802e-53,2.9656380025768004e-05,"Materials,Consumer Discretionary,Financials","Materials,Consumer Discretionary,Financials","Energy,Materials,Financials",15,2.4124245905532433,1.180473351452954,1.2319512391002894,False,-0.1807942286299528,inactive,1.0,0.12816295726298887
2011-03-31,0.12551812345007712,0.058973735890740286,0.1010784142624658,0.7000000000000005,23.520000000000017,0.0035318150911284383,0.0470908678817125,723727.3771659731,30,Expansion,0.9999641162437852,1.3,Expansion,0.9999641162437852,Expansion,0.797365876533705,False,0.9999641162437852,3.6765805034079527e-208,3.5883756215646e-05,"Energy,Industrials,Materials","Energy,Industrials,Materials","Energy,Communication Services,Real Estate",3,2.715227598124307,1.2500902751075975,1.4651373230167095,False,-0.3756905790520657,inactive,1.0,0.12551812345007712
2011-06-30,-0.009995801276775669,0.0002586030060409694,-0.00322352802715238,0.6666666666666669,22.400000000000006,0.0035652148414775744,0.04701382208541856,814568.2794372923,26,Expansion,0.9921072688336808,1.3,Expansion,0.9921072688336808,Expansion,0.7278069474389935,False,0.9921072688336808,4.338537800970167e-223,0.0078927311663202,"Energy,Communication Services,Utilities","Energy,Communication Services,Utilities","Health Care,Consumer Discretionary,Utilities",3,2.6880867226322396,1.2504135522105628,1.4376731704216767,False,-0.1691680697142827,inactive,1.0,-0.009995801276775669
2011-09-30,-0.07022532716085172,-0.13817248411683591,-0.13485065433017993,0.8333333333333339,28.00000000000002,0.0,0.0,0.0,30,Contraction,0.9999999999371418,0.4999999999685709,Contraction,0.9999999999371418,Contraction,0.9999999999566392,True,6.285942979268699e-11,2.40666714600122e-253,0.9999999999371418,"Utilities,Information Technology,Industrials","Utilities,Information Technology,Industrials","Utilities,Consumer Staples,Consumer Discretionary",6,2.499314953098649,1.0776408055282725,1.4216741475703765,False,0.771864503160142,inactive,1.0,-0.07022532716085172
2011-12-31,0.06332490036561395,0.11618170096118008,0.12957270304985766,0.4333333333333333,14.559999999999999,0.0,0.0,0.0,30,Contraction,0.9999158594489954,0.4999579297244977,Contraction,0.9999158594489954,Contraction,0.9999828531604334,True,2.5600226536676177e-72,8.414055100392599e-05,0.9999158594489954,"Industrials,Information Technology,Utilities","Industrials,Information Technology,Utilities","Energy,Industrials,Materials",4,2.65758382348591,1.2028429473397235,1.4547408761461864,False,0.3916658331900031,inactive,1.0,0.06332490036561395
2012-03-31,0.11393821162636344,0.12690859710178803,0.09297264316264688,1.0000000000000013,33.600000000000044,0.0035662244850774927,0.047027136066955945,797275.1470457731,30,Expansion,0.9968056773149816,1.3,Expansion,0.9968056773149816,Expansion,0.7818922274046786,False,0.9968056773149816,1.5915739280653674e-175,0.0031943226850172,"Materials,Real Estate,Energy","Materials,Real Estate,Energy","Financials,Information Technology,Consumer Discretionary",0,2.9603841715810475,1.3554940583203878,1.6048901132606597,False,-0.0048662196792713,inactive,1.0,0.11393821162636344
2012-06-30,-0.00044537874576225074,-0.028440659975483507,0.0018087803131874747,0.39999999999999997,13.44,0.0,0.0,0.0,30,Contraction,0.993621223855735,0.4968106119278675,Contraction,0.993621223855735,Contraction,0.998111116687914,True,0.0063787761442632,1.7935233400498212e-131,0.993621223855735,"Industrials,Real Estate,Materials","Industrials,Real Estate,Materials","Utilities,Consumer Staples,Real Estate",3,2.9590656793917343,1.3169429127089094,1.6421227666828249,False,0.1385180352690912,inactive,1.0,-0.00044537874576225074
2012-09-30,0.06498509463163452,0.0634720645001039,0.05465354597186248,0.733333333333334,24.640000000000022,0.0036005151317867034,0.04696324084939178,887719.7038175204,30,Expansion,0.94310987681601,1.3,Expansion,0.94310987681601,Expansion,0.7235261484902997,False,0.94310987681601,1.5501596953165088e-131,0.056890123183991,"Industrials,Financials,Consumer Discretionary","Industrials,Financials,Consumer Discretionary","Energy,Materials,Financials",9,3.151360842588228,1.4005319982073239,1.7508288443809041,False,-0.088354804614953,inactive,1.0,0.06498509463163452
2012-12-31,0.045113196903520364,-0.003820135503943778,0.04005467468766226,1.0000000000000013,33.600000000000044,0.0035978801904405742,0.04692887204922488,945408.2527764686,30,Expansion,0.985135987190458,1.3,Expansion,0.985135987190458,Expansion,0.7680841921099638,False,0.985135987190458,1.2723447221268672e-105,0.0148640128095425,"Energy,Materials,Real Estate","Energy,Materials,Real Estate","Communication Services,Materials,Industrials",2,3.2935288047939544,1.3951817761965628,1.8983470285973916,False,-0.2179194348183206,inactive,1.0,0.045113196903520364
2013-03-31,0.19975209323982457,0.10502668385420466,0.15817080496365282,0.7000000000000003,23.52000000000001,0.0035179532129241005,0.046906042838988,988058.6414381864,27,Expansion,0.9994877752533324,1.3,Expansion,0.9994877752533324,Expansion,0.7910400596408882,False,0.9994877752533324,2.2708164524697674e-99,0.0005122247466665,"Communication Services,Energy,Utilities","Communication Services,Energy,Utilities","Communication Services,Consumer Staples,Financials",3,3.951418077697204,1.541713091524307,2.409704986172897,False,-0.3726406858351331,inactive,1.0,0.19975209323982457
2013-06-30,-0.004372001308918968,0.02935362132930952,0.00039837318239544775,0.4074074074074072,13.688888888888883,0.0035209975571441616,0.046430737017285645,1185425.4233091613,27,Expansion,0.9494231977118776,1.3,Expansion,0.9494231977118776,Expansion,0.704865206034641,False,0.9494231977118776,4.509897358176294e-143,0.0505768022881225,"Communication Services,Energy,Real Estate","Communication Services,Energy,Real Estate","Communication Services,Financials,Information Technology",1,3.934142472689426,1.5869679538113506,2.3471745188780755,False,-0.2521032747880865,inactive,1.0,-0.004372001308918968
2013-09-30,0.11352570175104208,0.052417870465460537,0.0911193326710791,0.4074074074074072,13.688888888888883,0.0035605418324718757,0.04644184998876359,1180242.741806828,27,Expansion,0.999889018156742,1.3,Expansion,0.999889018156742,Expansion,0.7963388172597727,False,0.999889018156742,6.245287550353094e-152,0.0001109818432584,"Communication Services,Energy,Industrials","Communication Services,Energy,Industrials","Industrials,Materials,Energy",3,4.380768757690072,1.670153434447071,2.710615323243001,False,-0.3747856235967112,inactive,1.0,0.11352570175104208
2013-12-31,0.09142421032705482,0.10524791656716737,0.074859141791523,0.7000000000000004,23.520000000000014,0.003540674001925084,0.046182704372935875,1314230.6273070218,30,Expansion,0.9997619536104598,1.3,Expansion,0.9997619536104598,Expansion,0.7915938397782523,False,0.9997619536104598,1.379547785942894e-174,0.0002380463895401,"Energy,Materials,Real Estate","Energy,Materials,Real Estate","Financials,Communication Services,Industrials",3,4.78127708198732,1.8459336037701244,2.935343478217196,False,-0.648010546112685,inactive,1.0,0.09142421032705482
2014-03-31,0.06345464361779012,0.017030705399410095,0.05249846574953093,0.39999999999999986,13.439999999999996,0.0034493618566000927,0.04599149142133456,1434383.1245961965,27,Expansion,0.9998758437274216,1.3,Expansion,0.9998758437274216,Expansion,0.7959025321178808,False,0.9998758437274216,1.811889178126628e-110,0.0001241562725776,"Energy,Real Estate,Communication Services","Energy,Real Estate,Communication Services","Utilities,Real Estate,Information Technology",1,5.0846713152627325,1.8773711551628047,3.207300160099928,False,-0.718844465470961,inactive,1.0,0.06345464361779012
2014-06-30,0.10507746079439961,0.051589789878145886,0.08539975784634289,0.7333333333333336,24.64000000000001,0.00347822440584613,0.0458666954617072,1525401.3945788199,30,Expansion,0.9999175768748668,1.3,Expansion,0.9999175768748668,Expansion,0.796773905674047,False,0.9999175768748668,6.577476988366192e-85,8.242312513135578e-05,"Energy,Consumer Discretionary,Utilities","Energy,Consumer Discretionary,Utilities","Energy,Communication Services,Real Estate",6,5.618955666044661,1.974224338580946,3.644731327463715,False,-0.7915258242938767,inactive,1.0,0.10507746079439961
2014-09-30,-0.00494812672358555,0.011347662620508236,-0.0065618929487896325,0.49999999999999983,16.799999999999994,0.0,0.0,0.0,27,Contraction,0.9960926668845974,0.4980463334422987,Contraction,0.9960926668845974,Contraction,0.998579755084004,True,8.125123924440424e-18,0.003907333115403,0.9960926668845974,"Energy,Communication Services,Consumer Discretionary","Energy,Communication Services,Consumer Discretionary","Health Care,Consumer Staples,Information Technology",3,5.591152361354863,1.9966271703123586,3.594525191042504,False,-0.4889238728465285,inactive,1.0,-0.00494812672358555
2014-12-31,0.13803764093987012,0.04900243134676119,0.11146186847031778,1.0000000000000002,33.60000000000001,0.0035027880715430104,0.04568854006360448,1677345.7084064588,30,Expansion,0.9568238324821348,1.3,Expansion,0.9568238324821348,Expansion,0.7615521197472329,False,0.9568238324821348,1.4649269230447223e-77,0.0431761675178639,"Information Technology,Industrials,Utilities","Information Technology,Industrials,Utilities","Real Estate,Utilities,Consumer Discretionary",4,6.362941843451671,2.094466756150668,4.268475087301003,False,-0.2672064770183347,inactive,1.0,0.13803764093987012
2015-03-31,0.0020041162091016737,0.00881281988243976,0.00623268170473854,0.8000000000000008,26.880000000000027,0.003410370007058426,0.045471600094112344,1908882.5530355016,30,Expansion,0.9999146271478556,1.3,Expansion,0.9999146271478556,Expansion,0.7966416301656667,False,0.9999146271478556,3.582967463399758e-78,8.537285214377642e-05,"Real Estate,Information Technology,Energy","Real Estate,Information Technology,Energy","Communication Services,Health Care,Materials",2,6.375693918337704,2.112924914422382,4.262769003915322,False,-0.3402438361816564,inactive,1.0,0.0020041162091016737
2015-06-30,0.030396959710636207,0.0020410608411949305,0.02775768026583274,0.6666666666666669,22.400000000000006,0.003448024634946358,0.045468456724567355,1912708.1755013114,27,Expansion,0.9993960686098664,1.3,Expansion,0.9993960686098664,Expansion,0.7968254314300134,False,0.9993960686098664,4.335101807289554e-101,0.0006039313901332,"Materials,Communication Services,Energy","Materials,Communication Services,Energy","Communication Services,Health Care,Materials",4,6.5694956295007625,2.1172375227255946,4.452258106775168,False,-0.2742553496910648,inactive,1.0,0.030396959710636207
2015-09-30,-0.014454701906971753,-0.0642399286836185,-0.02603342397981864,0.42857142857142844,14.399999999999997,0.0,0.0,0.0,28,Contraction,0.999845576752476,0.499922788376238,Contraction,0.999845576752476,Contraction,0.999967183514186,True,0.000154423247525,1.7677670410098988e-140,0.999845576752476,"Utilities,Communication Services,Energy","Utilities,Communication Services,Energy","Utilities,Communication Services,Consumer Staples",6,6.474535528497175,1.9812263352594213,4.493309193237754,False,0.2897453394393592,inactive,1.0,-0.014454701906971753
2015-12-31,0.09439512381210637,0.07020496029855838,0.07713784853175006,0.7142857142857146,24.000000000000014,0.0034840792791687135,0.04544451233698322,1942360.6585491528,28,Expansion,0.9997035927055734,1.3,Expansion,0.9997035927055734,Expansion,0.7925520918540998,False,0.9997035927055734,3.7826669421437546e-169,0.0002964072944281,"Communication Services,Information Technology,Health Care","Communication Services,Information Technology,Health Care","Communication Services,Health Care,Consumer Staples",7,7.085700111335548,2.1203182514687673,4.965381859866781,False,0.4044337059083762,inactive,1.0,0.09439512381210637
2016-03-31,0.12651274086763192,0.013292783976563305,0.10183226977907242,0.7241379310344831,24.331034482758632,0.0034361063968863866,0.04531129314575454,2125710.0334006646,29,Expansion,0.9926938834231436,1.3,Expansion,0.9926938834231436,Expansion,0.785645985968956,False,0.9926938834231436,2.3934497086745803e-173,0.0073061165768571,"Materials,Utilities,Communication Services","Materials,Utilities,Communication Services","Utilities,Materials,Consumer Staples",4,7.9821314533866925,2.1485031839471063,5.833628269439586,False,0.4329951533780919,inactive,1.0,0.12651274086763192
2016-06-30,0.09703563991242499,0.024568650496438194,0.07899979008465167,0.6666666666666669,22.400000000000006,0.003424087197622187,0.04515279821040246,2394639.4360160083,30,Expansion,0.953170905487504,1.3,Expansion,0.953170905487504,Expansion,0.6132738864282163,False,0.953170905487504,2.3955786808164586e-142,0.0468290945124979,"Materials,Energy,Health Care","Materials,Energy,Health Care","Energy,Utilities,Consumer Staples",7,8.756682686831166,2.2012890077639873,6.555393679067178,False,0.1358558921083901,inactive,1.0,0.09703563991242499
2016-09-30,0.028125111569528904,0.03777268374847864,0.025411023397764534,0.4333333333333333,14.559999999999999,0.003453218847564991,0.04504198496823901,2627004.8060493497,30,Expansion,0.9999531881400748,1.3,Expansion,0.9999531881400748,Expansion,0.7989611925513114,False,0.9999531881400748,1.1191792017597428e-62,4.681185992674569e-05,"Energy,Materials,Industrials","Energy,Materials,Industrials","Information Technology,Communication Services,Financials",2,9.002965364377255,2.284437601293259,6.718527763083996,False,-0.3030914986691904,inactive,1.0,0.028125111569528904
2016-12-31,0.022402304951102972,0.039517022187629314,0.021696252880742048,0.7000000000000005,23.520000000000017,0.003450823793861691,0.0450107451373264,2700889.609313177,30,Expansion,0.999920058836528,1.3,Expansion,0.999920058836528,Expansion,0.7981749729241799,False,0.999920058836528,1.9052855723606544e-51,7.994116347084401e-05,"Communication Services,Consumer Staples,Energy","Communication Services,Consumer Staples,Energy","Financials,Industrials,Energy",0,9.204652539934253,2.3747117726698193,6.829940767264434,False,-0.5680291204152856,inactive,1.0,0.022402304951102972
2017-03-31,0.08941908661182327,0.059211514006146215,0.0737054362656637,0.9000000000000011,30.24000000000004,0.003373980533539549,0.04498640711386064,2761395.7619802766,30,Expansion,0.9998759101280288,1.3,Expansion,0.9998759101280288,Expansion,0.7995049312972704,False,0.9998759101280288,0.0001112667885255,1.2823083446535823e-05,"Health Care,Consumer Staples,Consumer Discretionary","Health Care,Consumer Staples,Consumer Discretionary","Information Technology,Health Care,Communication Services",5,10.027724162634373,2.515322052057819,7.512402110576554,False,-0.6695559687250935,inactive,1.0,0.08941908661182327
2017-06-30,0.020458413861970906,0.03070821054838202,0.020510092975643508,0.8333333333333343,28.000000000000032,0.003404707006365651,0.04489723524877781,3008317.248790312,30,Expansion,0.9999565365898327,1.3,Expansion,0.9999565365898327,Expansion,0.7987569549775579,False,0.9999565365898327,3.0505601555074968e-27,4.346341016629081e-05,"Industrials,Consumer Staples,Communication Services","Industrials,Consumer Staples,Communication Services","Health Care,Financials,Communication Services",4,10.232875493647233,2.5925630912293984,7.640312402417835,False,-0.7169672200457433,inactive,1.0,0.020458413861970906
2017-09-30,0.06661113616171153,0.044155620731721745,0.06941113616171153,0.8333333333333343,28.000000000000032,0.0,0.0,0.0,30,Transition,0.9828106585105372,1.0,Transition,0.9828106585105372,Transition,0.7854917263975139,False,0.0171867971349838,0.9828106585105372,2.5443544795185327e-06,"Utilities,Consumer Staples,Information Technology","Utilities,Consumer Staples,Information Technology","Information Technology,Energy,Materials",6,10.91449895648041,2.7070393238087838,8.207459632671625,False,-0.7861630670569132,inactive,1.0,0.06661113616171153
2017-12-31,0.08239624324221974,0.06764307527833568,0.08519624324221974,0.8333333333333343,28.000000000000032,0.0,0.0,0.0,30,Transition,0.9999752071259064,1.0,Transition,0.9999752071259064,Transition,0.7984860349259648,False,1.106556082053444e-11,0.9999752071259064,2.479286302820256e-05,"Energy,Consumer Staples,Health Care","Energy,Consumer Staples,Health Care","Consumer Staples,Industrials,Consumer Discretionary",3,11.813812667365523,2.8901517885705963,8.923660878794927,False,-0.7534757298262825,inactive,1.0,0.08239624324221974
2018-03-31,0.021073318661950412,-0.009953093581353323,0.02264131866195041,0.4666666666666666,15.68,0.0,0.0,0.0,30,Transition,0.6916294727874551,1.0,Transition,0.6916294727874551,Contraction,0.5103580404750216,False,8.585837262508376e-09,0.6916294727874551,0.3083705186267106,"Health Care,Energy,Information Technology","Health Care,Energy,Information Technology","Information Technology,Health Care,Communication Services",9,12.062768906317505,2.8613858373546375,9.201383068962867,False,-0.7131667429465579,inactive,1.0,0.021073318661950412
2018-06-30,0.04399757246624927,0.03552441885400137,0.04657357246624927,0.7666666666666674,25.760000000000026,0.0,0.0,0.0,30,Transition,0.999989854431407,1.0,Transition,0.999989854431407,Transition,0.7995978375671999,False,3.6663730298434327e-10,0.999989854431407,1.0145201954398952e-05,"Consumer Discretionary,Information Technology,Communication Services","Consumer Discretionary,Information Technology,Communication Services","Energy,Communication Services,Real Estate",7,12.59350145541683,2.963034906343731,9.630466549073098,False,-0.7088050452365642,inactive,1.0,0.04399757246624927
2018-09-30,0.015581650852954402,0.07651151301259174,0.017933650852954404,0.7000000000000005,23.520000000000017,0.0,0.0,0.0,30,Transition,0.9999992053799248,1.0,Transition,0.9999992053799248,Transition,0.7999457841559641,False,3.924603292829144e-09,0.9999992053799248,7.906954713947062e-07,"Industrials,Energy,Communication Services","Industrials,Energy,Communication Services","Health Care,Industrials,Information Technology",2,12.78972899811131,3.1897411901372132,9.599987807974095,False,-0.8578840766631411,inactive,1.0,0.015581650852954402
2018-12-31,-0.039941189123834736,-0.13532126490605267,-0.07316237827291025,1.0000000000000013,33.600000000000044,0.0,0.0,0.0,30,Contraction,0.9999999996550032,0.4999999998275016,Contraction,0.9999999996550032,Contraction,0.9999999999301352,True,2.95882428676975e-23,3.449934255241342e-10,0.9999999996550032,"Utilities,Consumer Staples,Information Technology","Utilities,Consumer Staples,Information Technology","Utilities,Real Estate,Consumer Staples",7,12.278892013355152,2.7581013775649077,9.520790635790245,False,-0.1040161609551413,inactive,1.0,-0.039941189123834736
2019-03-31,0.25535969763129324,0.13526022116813552,0.20099175235458416,0.7666666666666674,25.760000000000026,0.0033535804296661513,0.04471440572888201,3683667.6040065465,30,Expansion,0.9423028395439133,1.3,Expansion,0.9423028395439133,Expansion,0.7018432689872329,False,0.9423028395439133,0.0165697503130403,0.0411274101430468,"Industrials,Consumer Discretionary,Information Technology","Industrials,Consumer Discretionary,Information Technology","Information Technology,Energy,Consumer Discretionary",8,15.414426165132827,3.1311627798984762,12.283263385234351,False,-0.5693667512655067,inactive,1.0,0.25535969763129324
2019-06-30,0.047358789946877186,0.042286583063180894,0.05071878994687719,1.0000000000000013,33.600000000000044,0.0,0.0,0.0,30,Transition,0.9999890566158688,1.0,Transition,0.9999890566158688,Transition,0.7993818649956514,False,2.302728774609446e-09,0.9999890566158688,1.0941081402270694e-05,"Materials,Real Estate,Financials","Materials,Real Estate,Financials","Financials,Communication Services,Consumer Discretionary",9,16.144434736039003,3.2635689548749935,12.880865781164008,False,-0.5576357975594854,inactive,1.0,0.047358789946877186
2019-09-30,0.008184433030885967,0.017543954265990758,0.01064843303088597,0.733333333333334,24.640000000000022,0.0,0.0,0.0,30,Transition,0.9999574038990788,1.0,Transition,0.9999574038990788,Transition,0.798428773795093,False,9.796440314869142e-09,0.9999574038990788,4.258630448040758e-05,"Consumer Discretionary,Industrials,Materials","Consumer Discretionary,Industrials,Materials","Utilities,Real Estate,Consumer Staples",10,16.276567780957624,3.3208248593632277,12.955742921594396,False,-0.572081215777532,inactive,1.0,0.008184433030885967
2019-12-31,0.02656140327553155,0.08987620256187934,0.02868940327553155,0.6333333333333336,21.280000000000012,0.0,0.0,0.0,30,Transition,0.9999943958779448,1.0,Transition,0.9999943958779448,Transition,0.799842830562871,False,5.722500580240844e-08,0.9999943958779448,5.546897048917826e-06,"Consumer Discretionary,Industrials,Health Care","Consumer Discretionary,Industrials,Health Care","Health Care,Information Technology,Communication Services",8,16.708896261729162,3.6192879870958814,13.089608274633282,False,-0.7237445411310857,inactive,1.0,0.02656140327553155
2020-03-31,-0.06746328460650798,-0.19447712377724125,-0.12820656921301596,1.0000000000000013,33.600000000000044,0.0,0.0,0.0,30,Contraction,1.0,0.5,Contraction,1.0,Contraction,1.0,True,5.645224593738805e-115,7.601477693233206e-44,1.0,"Information Technology,Utilities,Consumer Staples","Information Technology,Utilities,Consumer Staples","Consumer Staples,Health Care,Utilities",4,15.58165923776351,2.9154192692439533,12.666239968519557,False,1.2012329865758156,inactive,1.0,-0.06746328460650798
2020-06-30,0.17581138281293177,0.2016179682334367,0.35834276562586614,1.0000000000000013,33.600000000000044,0.0,0.0,0.0,30,Contraction,0.9999999999999928,0.4999999999999964,Contraction,0.9999999999999928,Contraction,0.9999999999999986,True,9.647392090494041e-17,5.8158230400592105e-15,0.9999999999999928,"Consumer Discretionary,Energy,Industrials","Consumer Discretionary,Energy,Industrials","Energy,Consumer Discretionary,Information Technology",10,18.321092294874607,3.50322017885753,14.817872116017076,False,0.3284451083862078,inactive,1.0,0.17581138281293177
2020-09-30,0.06256052462353166,0.09038307337619034,0.13072123677327507,0.8333333333333343,28.000000000000032,0.0,0.0,0.0,30,Contraction,0.9999985654495293,0.4999992827247646,Contraction,0.9999985654495293,Contraction,0.999999711726731,True,9.940993672755222e-12,1.4345405325134138e-06,0.9999985654495293,"Consumer Discretionary,Materials,Financials","Consumer Discretionary,Materials,Financials","Materials,Consumer Discretionary,Industrials",6,19.467269440518105,3.8198519853361605,15.647417455181944,False,-0.0555039387136937,inactive,1.0,0.06256052462353166
2020-12-31,0.07667582685469818,0.1211855114827296,0.15807376530056563,0.7000000000000005,23.520000000000017,0.0,0.0,0.0,30,Contraction,0.9998854231685136,0.4999427115842568,Contraction,0.9998854231685136,Contraction,0.9999759200592588,True,4.0936651040847525e-10,0.0001145764221167,0.9998854231685136,"Energy,Consumer Discretionary,Health Care","Energy,Consumer Discretionary,Health Care","Energy,Financials,Information Technology",8,20.959938421473026,4.282762701967443,16.677175719505584,False,-0.6358324018687592,inactive,1.0,0.07667582685469818
2021-03-31,0.048471671480773096,0.06351755458035702,0.10165303472339506,0.7000000000000005,23.520000000000017,0.0,0.0,0.0,30,Contraction,0.9999440079495476,0.4999720039747738,Contraction,0.9999440079495476,Contraction,0.9999882084780384,True,5.5992050392329166e-05,5.96534492160737e-14,0.9999440079495476,"Consumer Discretionary,Communication Services,Real Estate","Consumer Discretionary,Communication Services,Real Estate","Energy,Consumer Discretionary,Financials",3,21.9759016708959,4.554793315644377,17.421108355251523,False,-0.8187814359664175,inactive,1.0,0.048471671480773096
2021-06-30,0.05580841185880885,0.08359305480382706,0.12022208084919178,0.966666666666668,32.48000000000005,0.0,0.0,0.0,30,Contraction,0.9824553267030876,0.4912276633515438,Contraction,0.9824553267030876,Contraction,0.9923788060904252,True,0.0175443123493834,3.60947530042154e-07,0.9824553267030876,"Energy,Financials,Consumer Discretionary","Energy,Financials,Consumer Discretionary","Energy,Real Estate,Health Care",5,23.202341842313945,4.935542402899143,18.266799439414804,False,-0.9323600370469564,inactive,1.0,0.05580841185880885
2021-09-30,0.00023432382025039998,0.005734619570334942,0.0038286476416701984,0.49999999999999994,16.799999999999997,0.0,0.0,0.0,30,Contraction,0.999999999694566,0.499999999847283,Contraction,0.999999999694566,Contraction,0.9999999844263088,True,1.2120253198858731e-11,2.9331532221608264e-10,0.999999999694566,"Industrials,Energy,Financials","Industrials,Energy,Financials","Real Estate,Financials,Health Care",9,23.207778703693194,4.963845860953026,18.24393284274017,False,-0.8828513176871061,inactive,1.0,0.00023432382025039998
2021-12-31,0.14368825044850794,0.11066007816216761,0.14704825044850794,1.0000000000000013,33.600000000000044,0.0,0.0,0.0,30,Transition,0.936974415134978,1.0,Transition,0.936974415134978,Transition,0.7351175033474074,False,8.99130637594683e-06,0.936974415134978,0.0630165935586461,"Information Technology,Consumer Staples,Health Care","Information Technology,Consumer Staples,Health Care","Information Technology,Real Estate,Materials",8,26.54246382242301,5.51314543191104,21.029318390511968,False,-0.8943187966705252,inactive,1.0,0.14368825044850794
2022-03-31,0.08454557210520353,-0.046144814026213954,0.08734557210520352,0.8333333333333343,28.000000000000032,0.0,0.0,0.0,30,Transition,0.999990141294578,1.0,Transition,0.999990141294578,Transition,0.799395957736803,False,8.052875608786487e-18,0.999990141294578,9.858705420942516e-06,"Health Care,Energy,Financials","Health Care,Energy,Financials","Energy,Utilities,Materials",14,28.78651161137143,5.258742361256034,23.527769250115398,False,-0.763907851085125,inactive,1.0,0.08454557210520353
2022-06-30,-0.09726522234356946,-0.16110248687713158,-0.18781044468761532,1.0000000000000013,33.600000000000044,0.0,0.0,0.0,30,Contraction,0.9999999999974634,0.4999999999987317,Contraction,0.9999999999974634,Contraction,0.9999999995409083,True,1.0985616004267071e-25,2.537048567604048e-12,0.9999999999974634,"Consumer Discretionary,Industrials,Information Technology","Consumer Discretionary,Industrials,Information Technology","Consumer Staples,Utilities,Energy",6,25.986585158995645,4.411545889011568,21.575039269984078,False,0.1683230096918304,inactive,1.0,-0.09726522234356946
2022-09-30,-0.011016095620947335,-0.04931166668392728,-0.01643219124189677,0.8333333333333343,28.000000000000032,0.0,0.0,0.0,30,Contraction,0.999999999999872,0.499999999999936,Contraction,0.999999999999872,Contraction,0.9999999999999716,True,2.3850448592759225e-25,1.2662736350893177e-13,0.999999999999872,"Energy,Information Technology,Materials","Energy,Information Technology,Materials","Energy,Consumer Discretionary,Financials",6,25.70031445202226,4.19400520857178,21.506309243450477,False,0.0023345128475853,inactive,1.0,-0.011016095620947335
2022-12-31,0.06953974553927905,0.07560941570150903,0.14221551169505867,0.4666666666666666,15.68,0.0,0.0,0.0,30,Contraction,0.9999998550333904,0.4999999275166952,Contraction,0.9999998550333904,Contraction,0.9999999700616647,True,1.439565447745595e-07,1.0100632555848767e-09,0.9999998550333904,"Consumer Discretionary,Materials,Energy","Consumer Discretionary,Materials,Energy","Energy,Health Care,Industrials",8,27.487507779295342,4.511111491840978,22.976396287454364,False,-0.2339130127008189,inactive,1.0,0.06953974553927905
2023-03-31,0.020820190877813262,0.0745821145743446,0.04500985352481765,0.49999999999999994,16.799999999999997,0.0,0.0,0.0,30,Contraction,0.9997895623191508,0.4998947811595754,Contraction,0.9997895623191508,Contraction,0.9999563196607676,True,0.000210419504221,1.8176625905201884e-08,0.9997895623191508,"Consumer Discretionary,Materials,Real Estate","Consumer Discretionary,Materials,Real Estate","Information Technology,Communication Services,Consumer Discretionary",4,28.059802938015647,4.847559725983105,23.21224321203254,False,-0.3201616019564104,inactive,1.0,0.020820190877813262
2023-06-30,0.01336865571832671,0.08680367841565872,0.014932895894748477,0.8000000000000008,26.880000000000027,0.0033561089448463045,0.044256381690280934,8417940.881404696,30,Expansion,0.999734303195744,1.3,Expansion,0.999734303195744,Expansion,0.7962925673195884,False,0.999734303195744,1.2510455538732298e-15,0.0002656968042573,"Energy,Consumer Discretionary,Financials","Energy,Consumer Discretionary,Financials","Consumer Discretionary,Communication Services,Industrials",5,28.434924783018072,5.268345741538042,23.16657904148003,False,-0.5239848819537595,inactive,1.0,0.01336865571832671
2023-09-30,-0.02499312029051028,-0.03224170402360227,-0.0451730149892788,0.733333333333334,24.640000000000022,0.0,0.0,0.0,30,Contraction,0.997459226303901,0.4987296131519505,Contraction,0.997459226303901,Contraction,0.9992043082174088,True,0.0002908377934612,0.0022499359026352,0.997459226303901,"Consumer Discretionary,Financials,Materials","Consumer Discretionary,Financials,Materials","Energy,Financials,Information Technology",3,27.72424728746449,5.098485297445367,22.62576199001912,False,-0.5279470256876928,inactive,1.0,-0.02499312029051028
2023-12-31,0.2009283445684708,0.11639626325834862,0.15923820348132986,0.8000000000000008,26.880000000000027,0.0033933199572580156,0.04426069509466977,8317274.186239348,30,Expansion,0.857344844445551,1.3,Expansion,0.857344844445551,Expansion,0.6779874626475249,False,0.857344844445551,0.1423312783700628,0.0003238771843865,"Consumer Discretionary,Industrials,Health Care","Consumer Discretionary,Industrials,Health Care","Real Estate,Information Technology,Financials",10,33.294834399341646,5.691929934345638,27.60290446499601,False,-0.7745867782151024,inactive,1.0,0.2009283445684708
2024-03-31,0.08207609968644142,0.10390114858555854,0.08476409968644143,0.8000000000000008,26.880000000000027,0.0,0.0,0.0,30,Transition,0.9999915431298816,1.0,Transition,0.9999915431298816,Transition,0.7998010435781369,False,1.5781382110167537e-07,0.9999915431298816,8.299056296505092e-06,"Energy,Real Estate,Consumer Discretionary","Energy,Real Estate,Consumer Discretionary","Energy,Industrials,Financials",6,36.02754454654557,6.283327992192673,29.744216554352896,False,-0.8627964200919278,inactive,1.0,0.08207609968644142
2024-06-30,-0.014484018442402283,0.04379074278216222,-0.011908018442402279,0.7666666666666674,25.760000000000026,0.0,0.0,0.0,30,Transition,0.999994802470258,1.0,Transition,0.999994802470258,Transition,0.7994003419243398,False,7.064705956581177e-07,0.999994802470258,4.491059147065982e-06,"Consumer Discretionary,Health Care,Industrials","Consumer Discretionary,Health Care,Industrials","Information Technology,Utilities,Communication Services",3,35.50572092689893,6.558479592114742,28.947241334784188,False,-0.8325657461102892,inactive,1.0,-0.014484018442402283
2024-09-30,0.0536723429248548,0.05751328200282613,0.055688342924854806,0.6000000000000002,20.160000000000007,0.0,0.0,0.0,30,Transition,0.999998376485994,1.0,Transition,0.999998376485994,Transition,0.7998164197058586,False,2.559788526671345e-13,0.999998376485994,1.6235137506616711e-06,"Health Care,Industrials,Energy","Health Care,Industrials,Energy","Utilities,Real Estate,Industrials",7,37.41139615628165,6.935679278405818,30.47571687787583,False,-0.897002037644469,inactive,1.0,0.0536723429248548
2024-12-31,-0.035800810579246986,0.02491046095518823,-0.032440810579246984,1.0000000000000013,33.600000000000044,0.0,0.0,0.0,30,Transition,0.9999871945548556,1.0,Transition,0.9999871945548556,Transition,0.7998052466561568,False,2.304021375710891e-12,0.9999871945548556,1.280544283854867e-05,"Communication Services,Real Estate,Materials","Communication Services,Real Estate,Materials","Communication Services,Financials,Consumer Discretionary",2,36.07203784898544,7.108450246268254,28.963587602717183,False,-0.9313758612956596,inactive,1.0,-0.035800810579246986
2025-03-31,0.007585688329362525,-0.04266874248357533,0.010049688329362528,0.733333333333334,24.640000000000022,0.0,0.0,0.0,30,Transition,0.974527739751278,1.0,Transition,0.974527739751278,Transition,0.7754516272411589,False,2.1332630310048525e-13,0.974527739751278,0.0254722602485101,"Health Care,Industrials,Communication Services","Health Care,Industrials,Communication Services","Energy,Utilities,Consumer Staples",8,36.34566908551281,6.8051416132529265,29.540527472259882,False,-0.6761917746791566,inactive,1.0,0.007585688329362525
2025-06-30,0.17303286012321809,0.10777193894992232,0.17560886012321808,0.7666666666666674,25.760000000000026,0.0,0.0,0.0,30,Transition,0.9805054248844156,1.0,Transition,0.9805054248844156,Transition,0.768390462048388,False,1.884902130503689e-05,0.9805054248844156,0.0194757260942777,"Communication Services,Consumer Discretionary,Information Technology","Communication Services,Consumer Discretionary,Information Technology","Information Technology,Communication Services,Industrials",12,42.63466416047112,7.538544919741997,35.096119240729124,False,-0.9037489281902664,inactive,1.0,0.17303286012321809
2025-09-30,0.02297413207246721,0.08121220551160557,0.026334132072467216,1.0000000000000013,33.600000000000044,0.0,0.0,0.0,30,Transition,0.9157461916451222,1.0,Transition,0.9157461916451222,Transition,0.7104299897447787,False,6.24356165217246e-05,0.9157461916451222,0.0841913727383552,"Energy,Health Care,Consumer Staples","Energy,Health Care,Consumer Staples","Information Technology,Utilities,Consumer Discretionary",1,43.61415856575907,8.150766779022554,35.463391786736516,False,-0.958806980754248,inactive,1.0,0.02297413207246721
2025-12-31,0.0055812285844426945,0.026651967886897054,0.027155750120005883,0.6333333333333336,21.280000000000012,0.0,0.0,0.0,30,Contraction,0.567778724607076,0.283889362303538,Contraction,0.567778724607076,Contraction,0.6760924023342557,True,0.4307361183625088,0.0014851570304141,0.567778724607076,"Health Care,Consumer Staples,Industrials","Health Care,Consumer Staples,Industrials","Health Care,Materials,Financials",10,43.8575791542327,8.36800075347065,35.489578400762056,False,-0.9479179688613808,inactive,1.0,0.0055812285844426945
