Window,TrainStart,TrainEnd,TestStart,TestEnd,TrainN,TestN,Port_Train_Sharpe,Port_Test_Sharpe,SPY_Train_Sharpe,SPY_Test_Sharpe,Sharpe_Decay_TestOverTrain,Port_Test_CAGR,SPY_Test_CAGR,Port_Test_Alpha_CAGR,Port_Test_HitRateVsSPY
1,2005-09-30,2013-06-30,2013-09-30,2015-06-30,32,8,1.0139765004453078,2.8175059393427215,0.3340480856104154,2.2479296566506908,2.7786698588207708,0.2276171714423907,0.1550498088889014,0.07256736255348928,0.625
2,2006-09-30,2014-06-30,2014-09-30,2016-06-30,32,8,1.3532601368976047,2.1360760280073,0.4291795417466007,0.7123226184128032,1.5784666744878402,0.19559126126975013,0.055942528544741243,0.13964873272500888,0.75
3,2007-09-30,2015-06-30,2015-09-30,2017-06-30,32,8,1.4646446036040286,2.696347799698816,0.3462668106179756,1.3030370728172944,1.8409570438194447,0.19798365780785954,0.10657250701299104,0.0914111507948685,0.625
4,2008-09-30,2016-06-30,2016-09-30,2018-06-30,32,8,1.7792849439708782,3.310721775445741,0.49072771631279255,3.470904847240606,1.8607035296186192,0.14154536246688965,0.160191959703593,-0.018646597236703366,0.375
5,2009-09-30,2017-06-30,2017-09-30,2019-06-30,32,8,2.1018400977757827,1.4720904055112942,1.1850380868951436,0.7697720038217605,0.7003817307836095,0.1829573638255082,0.12197125299105993,0.06098611083444827,0.5
6,2010-09-30,2018-06-30,2018-09-30,2020-06-30,32,8,2.278204286703102,0.9502258611818594,1.3835617137404659,0.32771162706211193,0.41709422931363166,0.12505961847173874,0.08733992057232554,0.03771969789941321,0.375
7,2011-09-30,2019-06-30,2019-09-30,2021-06-30,32,8,2.0076953538261484,1.4310207899648892,1.020679729726308,0.9980788463576564,0.7127678944103849,0.03864441720176637,0.2297619377785023,-0.19111752057673592,0.125
8,2012-09-30,2020-06-30,2020-09-30,2022-06-30,32,8,1.975222151218527,1.1537015218238929,0.9181059832900993,0.6326234010362711,0.584086970223366,0.07660207171635558,0.12217782806072752,-0.04557575634437194,0.25
9,2013-09-30,2021-06-30,2021-09-30,2023-06-30,32,8,1.8360706491927599,0.9834072123611801,1.0551100018064052,0.17846479209439114,0.5356042333082366,0.06748995805528746,0.033165012055833554,0.034324945999453904,0.375
10,2014-09-30,2022-06-30,2022-09-30,2024-06-30,32,8,1.535543327598139,0.9568728348817868,0.6475307116921187,1.7804723679245085,0.623149355464871,0.10165179167203031,0.21928767883523492,-0.11763588716320461,0.375
11,2015-09-30,2023-06-30,2023-09-30,2025-06-30,32,8,1.4252325895237097,1.2426496213156444,0.7194275906687753,1.5892494407718767,0.8718925110532635,0.1522652846738093,0.1962077983126298,-0.04394251363882051,0.375
