Date,GrossRet,PortRet,SPYRet,Turnover,TxnCostBps,FinancingCostRet,FinancingRateAnnual,BorrowedNotionalUSD,NHoldings
2005-09-30,0.0,0.0,0.03678243694387895,0.0,0.0,0.0,0.0,0.0,0
2005-12-31,0.0,0.0,0.01731135139303608,0.0,0.0,0.0,0.0,0.0,0
2006-03-31,0.08715356481036039,0.08379356481036039,0.046874135937976735,1.0,33.6,0.0,0.0,0.0,30
2006-06-30,-0.028937784929708592,-0.01581289246397272,-0.0153079917126685,0.39999999999999997,13.44,0.0,0.0,0.0,30
2006-09-30,0.09630434401587655,0.09294434401587655,0.054113089023990035,1.0000000000000013,33.600000000000044,0.0,0.0,0.0,30
2006-12-31,0.08508582617379684,0.08262182617379683,0.06609567760424762,0.733333333333334,24.640000000000022,0.0,0.0,0.0,30
2007-03-31,0.05257902903603,0.05033902903603,0.0066602921523821745,0.6666666666666671,22.400000000000016,0.0,0.0,0.0,30
2007-06-30,0.07791718672264576,0.07556518672264576,0.06393221662110382,0.7000000000000005,23.520000000000017,0.0,0.0,0.0,30
2007-09-30,0.04304863166397838,0.019732306501891006,0.01910431582001837,0.5333333333333333,17.92,0.0,0.0,0.0,30
2007-12-31,-0.027671230989125464,-0.014619615494560471,-0.036663081737782655,0.2333333333333333,7.84,0.0,0.0,0.0,30
2008-03-31,-0.07616510197744923,-0.039538550988293696,-0.09292565724430002,0.4333333333333333,14.559999999999999,0.0,0.0,0.0,30
2008-06-30,0.10893932654268415,0.052901663271342075,-0.02538356857823043,0.4666666666666666,15.68,0.0,0.0,0.0,30
2008-09-30,-0.019455665850870146,-0.013087832925435075,-0.08844040073119197,1.0000000000000004,33.600000000000016,0.0,0.0,0.0,27
2008-12-31,-0.1710452260783772,-0.08809861303918859,-0.21568626387121026,0.7666666666666667,25.76,0.0,0.0,0.0,30
2009-03-31,-0.026766177347150318,-0.01427908867357516,-0.11248726846594148,0.26666666666666666,8.96,0.0,0.0,0.0,30
2009-06-30,0.03997601295155263,0.0174113092256891,0.16284464005830301,0.7666666666666674,25.760000000000026,0.0,0.0,0.0,30
2009-09-30,0.23321673001614876,0.2752628068051911,0.15381073114492017,0.6333333333333336,21.280000000000012,0.0024692692141873853,0.04831178897323147,261535.14169236936,30
2009-12-31,0.10914003676119745,0.12706386618788013,0.06108540921304351,0.4333333333333333,14.559999999999999,0.0024481779255567816,0.04789913332611096,333526.0388728044,30
2010-03-31,0.056847527817665486,0.06314252724205753,0.05421600279516525,0.8000000000000008,26.880000000000027,0.0023865061391410564,0.047730122782821134,375905.1468463121,30
2010-06-30,-0.0950488234147311,-0.04898041170736555,-0.11358113236029344,0.4333333333333333,14.559999999999999,0.0,0.0,0.0,30
2010-09-30,0.18904201717139463,0.0919450085856973,0.11161629866863731,0.7666666666666674,25.760000000000026,0.0,0.0,0.0,30
2010-12-31,0.10352311190924207,0.11899460077032432,0.10760891602426859,0.8333333333333343,28.000000000000032,0.0024331335207661525,0.04760478627585951,415011.367591562,30
2011-03-31,0.1010784142624658,0.11656826368828156,0.058973735890740286,0.7000000000000005,23.520000000000017,0.0023738334266773997,0.047476668533548004,464395.47959326627,30
2011-06-30,-0.00322352802715238,-0.008502760401025034,0.0002586030060409694,0.6666666666666669,22.400000000000006,0.0023945267684421763,0.04736426574940569,518529.2543141401,26
2011-09-30,-0.13485065433017993,-0.07022532716085172,-0.13817248411683591,0.8333333333333339,28.00000000000002,0.0,0.0,0.0,30
2011-12-31,0.12957270304985766,0.06332490036561395,0.11618170096118008,0.4333333333333333,14.559999999999999,0.0,0.0,0.0,30
2012-03-31,0.09297264316264688,0.10581166264745094,0.12690859710178803,1.0000000000000013,33.600000000000044,0.0023955091477253134,0.047383697427533684,508286.3754697382,30
2012-06-30,0.0018087803131874747,-0.00044537874576225074,-0.028440659975483507,0.39999999999999997,13.44,0.0,0.0,0.0,30
2012-09-30,0.05465354597186248,0.06070321241526526,0.0634720645001039,0.733333333333334,24.640000000000022,0.0024170427509696973,0.04728996686679844,561818.6683721134,30
2012-12-31,0.04005467468766226,0.042291170070720585,-0.003820135503943778,1.0000000000000013,33.600000000000044,0.002414439554474127,0.04723903476145033,595922.8663371672,30
2013-03-31,0.15817080496365282,0.18509271641836833,0.10502668385420466,0.7000000000000003,23.52000000000001,0.0023602495380150535,0.04720499076030108,621125.1416264637,27
2013-06-30,0.00039837318239544775,-0.0032709594141801363,0.02935362132930952,0.4074074074074072,13.688888888888883,0.0023801183441657854,0.04707926395053203,736090.8813258496,27
2013-09-30,0.0911193326710791,0.10556792289197164,0.052417870465460537,0.4074074074074072,13.688888888888883,0.0024063874244343924,0.047081493086759865,733683.1579278846,27
2013-12-31,0.074859141791523,0.08507590873365724,0.10524791656716737,0.7000000000000004,23.520000000000014,0.002403061416170363,0.047016419012028854,811136.5649711539,30
2014-03-31,0.05249846574953093,0.05930575448058184,0.017030705399410095,0.39999999999999986,13.439999999999996,0.0023484044188552787,0.04696808837710558,880144.745343172,27
2014-06-30,0.08539975784634289,0.09764281951898816,0.051589789878145886,0.7333333333333336,24.64000000000001,0.002372889896623302,0.046936283669471925,932342.3935178682,30
2014-09-30,-0.0065618929487896325,-0.00494812672358555,0.011347662620508236,0.49999999999999983,16.799999999999994,0.0,0.0,0.0,27
2014-12-31,0.11146186847031778,0.12799988886279987,0.04900243134676119,1.0000000000000002,33.60000000000001,0.0023943533015814804,0.04684604285702897,1018315.1249284431,30
2015-03-31,0.00623268170473854,0.0024656310267460652,0.00881281988243976,0.8000000000000008,26.880000000000027,0.00232558701894018,0.046511740378803616,1148659.347746592,30
2015-06-30,0.02775768026583274,0.028718114200518622,0.0020410608411949305,0.6666666666666669,22.400000000000006,0.002351102118480668,0.046505316629287946,1151491.517873558,27
2015-09-30,-0.02603342397981864,-0.014454701906971753,-0.0642399286836185,0.42857142857142844,14.399999999999997,0.0,0.0,0.0,28
2015-12-31,0.07713784853175006,0.08779029869286879,0.07020496029855838,0.7142857142857146,24.000000000000014,0.0023751195452312752,0.04646973023278583,1167437.718451757,28
2016-03-31,0.10183226977907242,0.11742680200062004,0.013292783976563305,0.7241379310344831,24.331034482758632,0.0023388182859909812,0.046262339722898546,1269927.4244599582,29
2016-06-30,0.07899979008465167,0.09023348026823942,0.024568650496438194,0.6666666666666669,22.400000000000006,0.0023262678333425824,0.04601408901117197,1419050.9406871747,30
2016-09-30,0.025411023397764534,0.026694339934370724,0.03777268374847864,0.4333333333333333,14.559999999999999,0.0023428881429467174,0.045839115840261874,1547096.8457432976,30
2016-12-31,0.021696252880742048,0.021343192211152513,0.039517022187629314,0.7000000000000005,23.520000000000017,0.0023403112457379446,0.04578869828617719,1588395.5748549618,30
2017-03-31,0.0737054362656637,0.08313506202786075,0.059211514006146215,0.9000000000000011,30.24000000000004,0.002287461490935689,0.04574922981871379,1622297.006916435,30
2017-06-30,0.020510092975643508,0.01950640949333235,0.03070821054838202,0.8333333333333343,28.000000000000032,0.0023057020774398555,0.04560729383946969,1757166.769214046,30
2017-09-30,0.06941113616171153,0.06661113616171153,0.044155620731721745,0.8333333333333343,28.000000000000032,0.0,0.0,0.0,30
2017-12-31,0.08519624324221974,0.08239624324221974,0.06764307527833568,0.8333333333333343,28.000000000000032,0.0,0.0,0.0,30
2018-03-31,0.02264131866195041,0.021073318661950412,-0.009953093581353323,0.4666666666666666,15.68,0.0,0.0,0.0,30
2018-06-30,0.04657357246624927,0.04399757246624927,0.03552441885400137,0.7666666666666674,25.760000000000026,0.0,0.0,0.0,30
2018-09-30,0.017933650852954404,0.015581650852954402,0.07651151301259174,0.7000000000000005,23.520000000000017,0.0,0.0,0.0,30
2018-12-31,-0.07316237827291025,-0.039941189123834736,-0.13532126490605267,1.0000000000000013,33.600000000000044,0.0,0.0,0.0,30
2019-03-31,0.20099175235458416,0.23634932349037097,0.13526022116813552,0.7666666666666674,25.760000000000026,0.002264779335130034,0.04529558670260069,2149633.5515446374,30
2019-06-30,0.05071878994687719,0.047358789946877186,0.042286583063180894,1.0000000000000013,33.600000000000044,0.0,0.0,0.0,30
2019-09-30,0.01064843303088597,0.008184433030885967,0.017543954265990758,0.733333333333334,24.640000000000022,0.0,0.0,0.0,30
2019-12-31,0.02868940327553155,0.02656140327553155,0.08987620256187934,0.6333333333333336,21.280000000000012,0.0,0.0,0.0,30
2020-03-31,-0.12820656921301596,-0.06746328460650798,-0.19447712377724125,1.0000000000000013,33.600000000000044,0.0,0.0,0.0,30
2020-06-30,0.35834276562586614,0.17581138281293177,0.2016179682334367,1.0000000000000013,33.600000000000044,0.0,0.0,0.0,30
2020-09-30,0.13072123677327507,0.06256052462353166,0.09038307337619034,0.8333333333333343,28.000000000000032,0.0,0.0,0.0,30
2020-12-31,0.15807376530056563,0.07667582685469818,0.1211855114827296,0.7000000000000005,23.520000000000017,0.0,0.0,0.0,30
2021-03-31,0.10165303472339506,0.048471671480773096,0.06351755458035702,0.7000000000000005,23.520000000000017,0.0,0.0,0.0,30
2021-06-30,0.12022208084919178,0.05580841185880885,0.08359305480382706,0.966666666666668,32.48000000000005,0.0,0.0,0.0,30
2021-09-30,0.0038286476416701984,0.00023432382025039998,0.005734619570334942,0.49999999999999994,16.799999999999997,0.0,0.0,0.0,30
2021-12-31,0.14704825044850794,0.14368825044850794,0.11066007816216761,1.0000000000000013,33.600000000000044,0.0,0.0,0.0,30
2022-03-31,0.08734557210520352,0.08454557210520353,-0.046144814026213954,0.8333333333333343,28.000000000000032,0.0,0.0,0.0,30
2022-06-30,-0.18781044468761532,-0.09726522234356946,-0.16110248687713158,1.0000000000000013,33.600000000000044,0.0,0.0,0.0,30
2022-09-30,-0.01643219124189677,-0.011016095620947335,-0.04931166668392728,0.8333333333333343,28.000000000000032,0.0,0.0,0.0,30
2022-12-31,0.14221551169505867,0.06953974553927905,0.07560941570150903,0.4666666666666666,15.68,0.0,0.0,0.0,30
2023-03-31,0.04500985352481765,0.020820190877813262,0.0745821145743446,0.49999999999999994,16.799999999999997,0.0,0.0,0.0,30
2023-06-30,0.014932895894748477,0.012980736927275886,0.08680367841565872,0.8000000000000008,26.880000000000027,0.002250738146422281,0.04452009520395722,4837966.784543881,30
2023-09-30,-0.0451730149892788,-0.02499312029051028,-0.03224170402360227,0.733333333333334,24.640000000000022,0.0,0.0,0.0,30
2023-12-31,0.15923820348132986,0.18612197676109354,0.11639626325834862,0.8000000000000008,26.880000000000027,0.0022758674165022845,0.044527840757653404,4778281.695525349,30
2024-03-31,0.08476409968644143,0.08207609968644142,0.10390114858555854,0.8000000000000008,26.880000000000027,0.0,0.0,0.0,30
2024-06-30,-0.011908018442402279,-0.014484018442402283,0.04379074278216222,0.7666666666666674,25.760000000000026,0.0,0.0,0.0,30
2024-09-30,0.055688342924854806,0.0536723429248548,0.05751328200282613,0.6000000000000002,20.160000000000007,0.0,0.0,0.0,30
2024-12-31,-0.032440810579246984,-0.035800810579246986,0.02491046095518823,1.0000000000000013,33.600000000000044,0.0,0.0,0.0,30
2025-03-31,0.010049688329362528,0.007585688329362525,-0.04266874248357533,0.733333333333334,24.640000000000022,0.0,0.0,0.0,30
2025-06-30,0.17560886012321808,0.17303286012321809,0.10777193894992232,0.7666666666666674,25.760000000000026,0.0,0.0,0.0,30
2025-09-30,0.026334132072467216,0.02297413207246721,0.08121220551160557,1.0000000000000013,33.600000000000044,0.0,0.0,0.0,30
2025-12-31,0.027155750120005883,0.0055812285844426945,0.026651967886897054,0.6333333333333336,21.280000000000012,0.0,0.0,0.0,30
