Date,PortRet,SPYRet,GrossRet,Turnover,TxnCostBps,NHoldings,Regime,RegimeConf,RegimeExp,PredSectors,PredSectorNames,RealTopSectors,TopStocksInPredSectors,PortEq,SPYEq,AlphaEq,RawRegime,RawRegimeConf,RegimeStable,ProbExpansion,ProbTransition,ProbContraction
2005-09-30,0.0,0.0367824369438789,0.0,0.0,0.0,0,Contraction,1.0,0.3,,,"Energy,Information Technology,Utilities",0,1.0,1.036782436943879,-0.0367824369438789,Contraction,1.0,True,7.876303775238764e-77,2.0997382570376704e-43,1.0
2005-12-31,0.0,0.017311351393036,0.0,0.0,0.0,0,Contraction,1.0,0.3,,,"Financials,Materials,Industrials",0,1.0,1.0547305420279427,-0.0547305420279427,Contraction,1.0,True,3.0991550670195557e-100,3.4640220686155015e-61,1.0
2006-03-31,0.0837935648103603,0.0468741359379767,0.0871535648103603,1.0,33.6,30,Transition,0.999999994348812,0.65,"Energy,Materials,Consumer Discretionary","Energy,Materials,Consumer Discretionary","Real Estate,Materials,Industrials",5,1.0837935648103605,1.1041701248328963,-0.0203765600225358,Transition,0.999999994348812,False,5.651185729590626e-09,0.999999994348812,2.706860540221198e-32
2006-06-30,-0.0302817849297085,-0.0153079917126685,-0.0289377849297085,0.3999999999999999,13.44,30,Transition,0.999999999939071,0.65,"Energy,Materials,Financials","Energy,Materials,Financials","Energy,Consumer Staples,Communication Services",8,1.050974361172571,1.0872674977125782,-0.0362931365400072,Contraction,0.999999999939071,False,6.093036265898724e-11,3.533208184683938e-28,0.999999999939071
2006-09-30,0.0929443440158765,0.05411308902399,0.0963043440158765,1.000000000000001,33.600000000000044,30,Transition,0.9999987481796372,0.65,"Information Technology,Utilities,Health Care","Information Technology,Utilities,Health Care","Real Estate,Information Technology,Communication Services",8,1.1486564837492603,1.1461029006091898,0.0025535831400707,Transition,0.9999987481796372,False,1.2518203613384306e-06,0.9999987481796372,1.0677656550674778e-24
2006-12-31,0.0826218261737968,0.0660956776042476,0.0850858261737968,0.733333333333334,24.640000000000025,30,Transition,0.9999999999980815,0.65,"Energy,Industrials,Utilities","Energy,Industrials,Utilities","Utilities,Real Estate,Consumer Discretionary",3,1.2435605800829963,1.221855348429148,0.0217052316538486,Transition,0.9999999999980815,False,1.9169817742874287e-12,0.9999999999980815,8.532185103877902e-26
2007-03-31,0.05033902903603,0.0066602921523821,0.05257902903603,0.6666666666666671,22.400000000000016,30,Transition,0.9999999971199642,0.65,"Energy,Health Care,Consumer Discretionary","Energy,Health Care,Consumer Discretionary","Materials,Utilities,Energy",3,1.3061602122318567,1.2299932620176368,0.0761669502142199,Transition,0.9999999971199642,False,2.8800371008777046e-09,0.9999999971199642,4.206000452838785e-19
2007-06-30,0.0755651867226457,0.0639322166211038,0.0779171867226457,0.7000000000000005,23.520000000000017,30,Transition,0.9999969692730158,0.65,"Energy,Information Technology,Financials","Energy,Information Technology,Financials","Energy,Industrials,Information Technology",16,1.4048604525588475,1.3086294576874464,0.096230994871401,Transition,0.9999969692730158,False,2.9825190984197106e-06,0.9999969692730158,4.8207888692595e-08
2007-09-30,0.019732306501891,0.0191043158200183,0.0430486316639783,0.5333333333333333,17.92,30,Contraction,0.9999995665321835,0.3,"Energy,Materials,Financials","Energy,Materials,Financials","Energy,Health Care,Information Technology",10,1.432581589601124,1.333629928138487,0.0989516614626373,Contraction,0.9999995665321835,True,4.3346781512338305e-07,2.182340563073161e-33,0.9999995665321835
2007-12-31,-0.0146196154945604,-0.0366630817377826,-0.0276712309891254,0.2333333333333333,7.84,30,Contraction,0.9999999999998366,0.3,"Energy,Financials,Materials","Energy,Financials,Materials","Energy,Utilities,Consumer Staples",11,1.4116377975965693,1.284734945075192,0.1269028525213771,Contraction,0.9999999999998366,True,1.6312586063848112e-13,7.262832353318847e-163,0.9999999999998366
2008-03-31,-0.0395385509882936,-0.0929256572443,-0.0761651019774492,0.4333333333333333,14.56,30,Contraction,0.9999999999886846,0.3,"Energy,Information Technology,Materials","Energy,Information Technology,Materials","Real Estate,Consumer Discretionary,Energy",4,1.3558236845592946,1.1653501059193605,0.1904735786399343,Contraction,0.9999999999886846,True,1.1313901232766533e-11,0.0,0.9999999999886846
2008-06-30,0.052901663271342,-0.0253835685782304,0.1089393265426841,0.4666666666666666,15.68,30,Contraction,1.0,0.3,"Information Technology,Utilities,Energy","Information Technology,Utilities,Energy","Energy,Utilities,Information Technology",6,1.4275490125751609,1.1357693615881082,0.2917796509870527,Contraction,1.0,True,1.7932882914407968e-82,0.0,1.0
2008-09-30,-0.013087832925435,-0.0884404007311919,-0.0194556658508701,1.0000000000000004,33.600000000000016,27,Contraction,1.0,0.3,"Consumer Discretionary,Industrials,Real Estate","Consumer Discretionary,Industrials,Real Estate","Consumer Discretionary,Consumer Staples,Real Estate",1,1.4088654896057071,1.0353214641110458,0.3735440254946616,Contraction,1.0,True,8.89279523217787e-174,0.0,1.0
2008-12-31,-0.0880986130391885,-0.2156862638712102,-0.1710452260783772,0.7666666666666667,25.76,30,Contraction,1.0,0.3,"Utilities,Information Technology,Consumer Discretionary","Utilities,Information Technology,Consumer Discretionary","Utilities,Consumer Staples,Health Care",1,1.284746394012667,0.812016845611263,0.4727295484014043,Contraction,1.0,True,0.0,0.0,1.0
2009-03-31,-0.0142790886735751,-0.1124872684659414,-0.0267661773471503,0.2666666666666666,8.96,30,Contraction,1.0,0.3,"Information Technology,Consumer Discretionary,Utilities","Information Technology,Consumer Discretionary,Utilities","Information Technology,Consumer Discretionary,Materials",8,1.2664013863295045,0.7206752887001219,0.5457260976293826,Contraction,1.0,True,0.0,0.0,1.0
2009-06-30,0.0174113092256891,0.162844640058303,0.0399760129515526,0.7666666666666674,25.760000000000023,30,Contraction,0.999965116576884,0.3,"Consumer Discretionary,Financials,Materials","Consumer Discretionary,Financials,Materials","Real Estate,Financials,Materials",16,1.2884510924707289,0.8380333966874068,0.450417695783322,Contraction,0.999965116576884,True,3.488342311519716e-05,0.0,0.999965116576884
2009-09-30,0.2310887300161487,0.1538107311449201,0.2332167300161487,0.6333333333333336,21.28000000000001,30,Transition,0.9295194158259431,0.65,"Materials,Financials,Real Estate","Materials,Financials,Real Estate","Financials,Materials,Real Estate",15,1.5861976191177092,0.9669319261557578,0.6192656929619513,Expansion,0.9295194158259431,False,0.9295194158259431,0.0,0.07048058417405809
2009-12-31,0.1076840367611974,0.0610854092130435,0.1091400367611974,0.4333333333333333,14.56,30,Transition,0.9999320601284268,0.65,"Materials,Consumer Discretionary,Real Estate","Materials,Consumer Discretionary,Real Estate","Information Technology,Health Care,Real Estate",2,1.7570057818453046,1.0259973585461386,0.731008423299166,Expansion,0.9999320601284268,False,0.9999320601284268,0.0,6.793987157310767e-05
2010-03-31,0.0541595278176654,0.0542160027951652,0.0568475278176654,0.8000000000000008,26.880000000000027,30,Transition,0.9999867547908842,0.65,"Financials,Energy,Consumer Discretionary","Financials,Energy,Consumer Discretionary","Consumer Discretionary,Financials,Industrials",15,1.8521643853629544,1.081622834204908,0.7705415511580462,Expansion,0.9999867547908842,False,0.9999867547908842,8.610606604087234e-65,1.32452091156868e-05
2010-06-30,-0.0489804117073655,-0.1135811323602934,-0.0950488234147311,0.4333333333333333,14.56,30,Contraction,1.0,0.3,"Energy,Utilities,Consumer Discretionary","Energy,Utilities,Consumer Discretionary","Utilities,Consumer Staples,Real Estate",4,1.7614446112181572,0.9587708879091648,0.8026737233089924,Contraction,1.0,True,2.8486687196994023e-70,4.984769431614993e-290,1.0
2010-09-30,0.0919450085856973,0.1116162986686373,0.1890420171713946,0.7666666666666674,25.760000000000023,30,Contraction,1.0,0.3,"Consumer Discretionary,Industrials,Information Technology","Consumer Discretionary,Industrials,Information Technology","Consumer Discretionary,Materials,Industrials",10,1.9234006511198407,1.0657853456888289,0.857615305431012,Contraction,1.0,True,3.7914225144211344e-62,8.995159945666624e-256,1.0
2010-12-31,0.100723111909242,0.1076089160242685,0.103523111909242,0.8333333333333343,28.000000000000032,30,Transition,0.9999703436199716,0.65,"Materials,Consumer Discretionary,Financials","Materials,Consumer Discretionary,Financials","Energy,Materials,Financials",15,2.117131550148893,1.180473351452954,0.9366581986959392,Expansion,0.9999703436199716,False,0.9999703436199716,1.094672469587329e-53,2.9656380026869127e-05
2011-03-31,0.0987264142624658,0.0589737358907402,0.1010784142624658,0.7000000000000005,23.520000000000017,30,Transition,0.9999641162437851,0.65,"Energy,Industrials,Materials","Energy,Industrials,Materials","Energy,Communication Services,Real Estate",3,2.326148356617029,1.2500902751075975,1.0760580815094316,Expansion,0.9999641162437851,False,0.9999641162437851,3.676580503407953e-208,3.5883756215646e-05
2011-06-30,-0.0054635280271523,0.0002586030060409,-0.0032235280271523,0.6666666666666669,22.40000000000001,26,Transition,0.9921072688336807,0.65,"Energy,Communication Services,Utilities","Energy,Communication Services,Utilities","Health Care,Consumer Discretionary,Utilities",3,2.3134393798753377,1.2504135522105628,1.0630258276647748,Expansion,0.9921072688336807,False,0.9921072688336807,4.338537800970167e-223,0.007892731166320279
2011-09-30,-0.0702253271608517,-0.1381724841168359,-0.1348506543301799,0.8333333333333339,28.00000000000002,30,Contraction,0.9999999999371418,0.3,"Utilities,Information Technology,Industrials","Utilities,Information Technology,Industrials","Utilities,Consumer Staples,Consumer Discretionary",6,2.150977342556794,1.0776408055282725,1.0733365370285215,Contraction,0.9999999999371418,True,6.285942979268699e-11,2.40666714600122e-253,0.9999999999371418
2011-12-31,0.0633249003656141,0.11618170096118,0.1295727030498576,0.4333333333333333,14.56,30,Contraction,0.999915859448999,0.3,"Industrials,Information Technology,Utilities","Industrials,Information Technology,Utilities","Energy,Industrials,Materials",4,2.2871877684628967,1.2028429473397235,1.0843448211231732,Contraction,0.999915859448999,True,2.5600226536762037e-72,8.414055100241193e-05,0.999915859448999
2012-03-31,0.0896126431626468,0.126908597101788,0.0929726431626468,1.000000000000001,33.600000000000044,30,Transition,0.9968056773149816,0.65,"Materials,Real Estate,Energy","Materials,Real Estate,Energy","Financials,Information Technology,Consumer Discretionary",0,2.492148709804133,1.3554940583203878,1.1366546514837452,Expansion,0.9968056773149816,False,0.9968056773149816,1.5915739280653676e-175,0.0031943226850172407
2012-06-30,-0.0004453787457622,-0.0284406599754835,0.0018087803131874,0.3999999999999999,13.44,30,Contraction,0.993621223855735,0.3,"Industrials,Real Estate,Materials","Industrials,Real Estate,Materials","Utilities,Consumer Staples,Real Estate",3,2.491038759737508,1.3169429127089094,1.1740958470285985,Contraction,0.993621223855735,True,0.006378776144263288,1.793523340049821e-131,0.993621223855735
2012-09-30,0.0521895459718624,0.0634720645001039,0.0546535459718624,0.733333333333334,24.640000000000025,30,Transition,0.9431098768160099,0.65,"Industrials,Financials,Consumer Discretionary","Industrials,Financials,Consumer Discretionary","Energy,Materials,Financials",9,2.62104494160652,1.400531998207324,1.2205129433991957,Expansion,0.9431098768160099,False,0.9431098768160099,1.5501596953165088e-131,0.05689012318399105
2012-12-31,0.0366946746876622,-0.0038201355039437,0.0400546746876622,1.000000000000001,33.600000000000044,30,Transition,0.9851359871907238,0.65,"Energy,Materials,Real Estate","Energy,Materials,Real Estate","Communication Services,Materials,Industrials",2,2.717223333080513,1.3951817761965628,1.3220415568839503,Expansion,0.9851359871907238,False,0.9851359871907238,1.2723447221019876e-105,0.014864012809275044
2013-03-31,0.1558188049636528,0.1050266838542046,0.1581708049636528,0.7000000000000003,23.52000000000001,27,Transition,0.9994877752533358,0.65,"Communication Services,Energy,Utilities","Communication Services,Energy,Utilities","Communication Services,Consumer Staples,Financials",3,3.140617825660472,1.541713091524307,1.5989047341361653,Expansion,0.9994877752533358,False,0.9994877752533358,2.2708164525327587e-99,0.0005122247466656382
2013-06-30,-0.0009705157064934,0.0293536213293095,0.0003983731823954,0.4074074074074072,13.688888888888885,27,Transition,0.949423197710795,0.65,"Communication Services,Energy,Real Estate","Communication Services,Energy,Real Estate","Communication Services,Financials,Information Technology",1,3.1375698067325755,1.5869679538113506,1.5506018529212249,Expansion,0.949423197710795,False,0.949423197710795,4.509897359099183e-143,0.050576802289206364
2013-09-30,0.0897504437821902,0.0524178704654605,0.0911193326710791,0.4074074074074072,13.688888888888885,27,Transition,0.9998890181567419,0.65,"Communication Services,Energy,Industrials","Communication Services,Energy,Industrials","Industrials,Materials,Energy",3,3.4191680892844247,1.670153434447071,1.7490146548373535,Expansion,0.9998890181567419,False,0.9998890181567419,6.245287550353094e-152,0.00011098184325847329
2013-12-31,0.072507141791523,0.1052479165671673,0.074859141791523,0.7000000000000004,23.52000000000001,30,Transition,0.9997619536104563,0.65,"Energy,Materials,Real Estate","Energy,Materials,Real Estate","Financials,Communication Services,Industrials",3,3.6670821947432217,1.8459336037701244,1.8211485909730971,Expansion,0.9997619536104563,False,0.9997619536104563,1.3795477859774764e-174,0.00023804638954423102
2014-03-31,0.0511544657495309,0.01703070539941,0.0524984657495309,0.3999999999999998,13.439999999999996,27,Transition,0.9998758437274144,0.65,"Energy,Real Estate,Communication Services","Energy,Real Estate,Communication Services","Utilities,Real Estate,Information Technology",1,3.854669825274928,1.8773711551628047,1.977298670112124,Expansion,0.9998758437274144,False,0.9998758437274144,1.8118891777879834e-110,0.00012415627258494569
2014-06-30,0.0829357578463428,0.0515897898781458,0.0853997578463428,0.7333333333333336,24.64000000000001,30,Transition,0.9999175768748705,0.65,"Energy,Consumer Discretionary,Utilities","Energy,Consumer Discretionary,Utilities","Energy,Communication Services,Real Estate",6,4.174359788481535,1.974224338580946,2.200135449900589,Expansion,0.9999175768748705,False,0.9999175768748705,6.577476987884626e-85,8.24231251298691e-05
2014-09-30,-0.0049481267235844,0.0113476626205082,-0.0065618929487896,0.4999999999999998,16.799999999999994,27,Contraction,0.9960926668842612,0.3,"Energy,Communication Services,Consumer Discretionary","Energy,Communication Services,Consumer Discretionary","Health Care,Consumer Staples,Information Technology",3,4.153704527258293,1.9966271703123584,2.1570773569459347,Contraction,0.9960926668842612,True,8.125123924006564e-18,0.003907333115738598,0.9960926668842612
2014-12-31,0.1081018684703177,0.0490024313467611,0.1114618684703177,1.0000000000000002,33.60000000000001,30,Transition,0.9568238324821349,0.65,"Information Technology,Industrials,Utilities","Information Technology,Industrials,Utilities","Real Estate,Utilities,Consumer Discretionary",4,4.602727747728533,2.094466756150668,2.508260991577865,Expansion,0.9568238324821349,False,0.9568238324821349,1.4649269230447225e-77,0.04317616751786398
2015-03-31,0.0035446817047385,0.0088128198824397,0.0062326817047385,0.8000000000000008,26.880000000000027,30,Transition,0.9999146271478556,0.65,"Real Estate,Information Technology,Energy","Real Estate,Information Technology,Energy","Communication Services,Health Care,Materials",2,4.619042952567798,2.112924914422382,2.5061180381454164,Expansion,0.9999146271478556,False,0.9999146271478556,3.5829674632187987e-78,8.53728521439393e-05
2015-06-30,0.0255176802658327,0.0020410608411949,0.0277576802658327,0.6666666666666669,22.40000000000001,27,Transition,0.9993960686098559,0.65,"Materials,Communication Services,Energy","Materials,Communication Services,Energy","Communication Services,Health Care,Materials",4,4.736910213765571,2.117237522725594,2.619672691039977,Expansion,0.9993960686098559,False,0.9993960686098559,4.3351018079951834e-101,0.0006039313901424225
2015-09-30,-0.0144547019069717,-0.0642399286836185,-0.0260334239798186,0.4285714285714284,14.399999999999997,28,Contraction,0.999845576752476,0.3,"Utilities,Communication Services,Energy","Utilities,Communication Services,Energy","Utilities,Communication Services,Consumer Staples",6,4.668439588665501,1.9812263352594213,2.687213253406079,Contraction,0.999845576752476,True,0.00015442324752257066,1.7677670413174861e-140,0.999845576752476
2015-12-31,0.07473784853175,0.0702049602985583,0.07713784853175,0.7142857142857146,24.00000000000001,28,Transition,0.9997035927055734,0.65,"Communication Services,Information Technology,Health Care","Communication Services,Information Technology,Health Care","Communication Services,Health Care,Consumer Staples",7,5.017348719522809,2.1203182514687677,2.8970304680540413,Expansion,0.9997035927055734,False,0.9997035927055734,3.7826669421437546e-169,0.00029640729442812565
2016-03-31,0.0993991663307965,0.0132927839765633,0.1018322697790724,0.7241379310344831,24.331034482758632,29,Transition,0.9926938834226146,0.65,"Materials,Utilities,Communication Services","Materials,Utilities,Communication Services","Utilities,Materials,Consumer Staples",4,5.516068999434265,2.1485031839471063,3.3675658154871586,Expansion,0.9926938834226146,False,0.9926938834226146,2.3934497087904958e-173,0.00730611657738712
2016-06-30,0.0767597900846516,0.0245686504964381,0.0789997900846516,0.6666666666666669,22.40000000000001,30,Transition,0.953170905483007,0.65,"Materials,Energy,Health Care","Materials,Energy,Health Care","Energy,Utilities,Consumer Staples",7,5.939481297923294,2.2012890077639877,3.7381922901593065,Expansion,0.953170905483007,False,0.953170905483007,2.3955786814187505e-142,0.04682909451699159
2016-09-30,0.0239550233977645,0.0377726837484786,0.0254110233977645,0.4333333333333333,14.56,30,Transition,0.9999531881400747,0.65,"Energy,Materials,Industrials","Energy,Materials,Industrials","Information Technology,Communication Services,Financials",2,6.081761711385632,2.284437601293259,3.7973241100923727,Expansion,0.9999531881400747,False,0.9999531881400747,1.1191792022674461e-62,4.6811859924127825e-05
2016-12-31,0.019344252880742,0.0395170221876293,0.021696252880742,0.7000000000000005,23.520000000000017,30,Transition,0.999920058836535,0.65,"Communication Services,Consumer Staples,Energy","Communication Services,Consumer Staples,Energy","Financials,Industrials,Energy",0,6.199408847891091,2.3747117726698197,3.824697075221272,Expansion,0.999920058836535,False,0.999920058836535,1.9052855728466367e-51,7.994116346484377e-05
2017-03-31,0.0706814362656637,0.0592115140061462,0.0737054362656637,0.9000000000000011,30.24000000000004,30,Transition,0.9998759101280251,0.65,"Health Care,Consumer Staples,Consumer Discretionary","Health Care,Consumer Staples,Consumer Discretionary","Information Technology,Health Care,Communication Services",5,6.637591969258096,2.515322052057819,4.122269917200277,Expansion,0.9998759101280251,False,0.9998759101280251,0.00011126678852727517,1.2823083447842073e-05
2017-06-30,0.0177100929756435,0.030708210548382,0.0205100929756435,0.8333333333333343,28.000000000000032,30,Transition,0.9999565365898327,0.65,"Industrials,Consumer Staples,Communication Services","Industrials,Consumer Staples,Communication Services","Health Care,Financials,Communication Services",4,6.755144340168041,2.5925630912293984,4.1625812489386425,Expansion,0.9999565365898327,False,0.9999565365898327,3.050560155810478e-27,4.346341016743733e-05
2017-09-30,0.0666111361617115,0.0441556207317217,0.0694111361617115,0.8333333333333343,28.000000000000032,30,Transition,0.9828106585105373,0.65,"Utilities,Consumer Staples,Information Technology","Utilities,Consumer Staples,Information Technology","Information Technology,Energy,Materials",6,7.205112179602988,2.707039323808784,4.498072855794204,Transition,0.9828106585105373,False,0.017186797134983896,0.9828106585105373,2.5443544795185327e-06
2017-12-31,0.0823962432422197,0.0676430752783356,0.0851962432422197,0.8333333333333343,28.000000000000032,30,Transition,0.9999752071259045,0.65,"Energy,Consumer Staples,Health Care","Energy,Consumer Staples,Health Care","Consumer Staples,Industrials,Consumer Discretionary",3,7.798786355341036,2.8901517885705963,4.90863456677044,Transition,0.9999752071259045,False,1.1065560819891442e-11,0.9999752071259045,2.4792863029403644e-05
2018-03-31,0.0210733186619504,-0.0099530935813533,0.0226413186619504,0.4666666666666666,15.68,30,Transition,0.6916294727874551,0.65,"Health Care,Energy,Information Technology","Health Care,Energy,Information Technology","Information Technology,Health Care,Communication Services",9,7.963132665383609,2.861385837354637,5.101746828028972,Transition,0.6916294727874551,False,8.585837262508376e-09,0.6916294727874551,0.30837051862671067
2018-06-30,0.0439975724662492,0.0355244188540013,0.0465735724662492,0.7666666666666674,25.760000000000023,30,Transition,0.9999898544314105,0.65,"Consumer Discretionary,Information Technology,Communication Services","Consumer Discretionary,Information Technology,Communication Services","Energy,Communication Services,Real Estate",7,8.313491171887183,2.963034906343731,5.350456265543452,Transition,0.9999898544314105,False,3.6663730301776953e-10,0.9999898544314105,1.0145201951415242e-05
2018-09-30,0.0155816508529544,0.0765115130125917,0.0179336508529544,0.7000000000000005,23.520000000000017,30,Transition,0.9999992053799249,0.65,"Industrials,Energy,Communication Services","Industrials,Energy,Communication Services","Health Care,Industrials,Information Technology",2,8.443029088696647,3.189741190137213,5.253287898559434,Transition,0.9999992053799249,False,3.924603291691786e-09,0.9999992053799249,7.906954714675747e-07
2018-12-31,-0.0399411891238347,-0.1353212649060526,-0.0731623782729102,1.000000000000001,33.600000000000044,30,Contraction,0.9999999996550031,0.3,"Utilities,Consumer Staples,Information Technology","Utilities,Consumer Staples,Information Technology","Utilities,Real Estate,Consumer Staples",7,8.105804467086976,2.758101377564908,5.347703089522069,Contraction,0.9999999996550031,True,2.9588242873773985e-23,3.449934255971592e-10,0.9999999996550031
2019-03-31,0.1984157523545841,0.1352602211681355,0.2009917523545841,0.7666666666666674,25.760000000000023,30,Transition,0.9423028395588507,0.65,"Industrials,Consumer Discretionary,Information Technology","Industrials,Consumer Discretionary,Information Technology","Information Technology,Energy,Consumer Discretionary",8,9.714123758863188,3.131162779898476,6.582960978964712,Expansion,0.9423028395588507,False,0.9423028395588507,0.01656975031451794,0.04112741012663472
2019-06-30,0.0473587899468771,0.0422865830631808,0.0507187899468771,1.000000000000001,33.600000000000044,30,Transition,0.9999890566158651,0.65,"Materials,Real Estate,Financials","Materials,Real Estate,Financials","Financials,Communication Services,Consumer Discretionary",9,10.17417290547716,3.263568954874993,6.910603950602167,Transition,0.9999890566158651,False,2.302728774979331e-09,0.9999890566158651,1.0941081407025144e-05
2019-09-30,0.0081844330308859,0.0175439542659907,0.0106484330308859,0.733333333333334,24.640000000000025,30,Transition,0.9999574038990646,0.65,"Consumer Discretionary,Industrials,Materials","Consumer Discretionary,Industrials,Materials","Utilities,Real Estate,Consumer Staples",10,10.257442742266694,3.320824859363228,6.936617882903466,Transition,0.9999574038990646,False,9.796440314637348e-09,0.9999574038990646,4.258630449392808e-05
2019-12-31,0.0265614032755315,0.0898762025618793,0.0286894032755315,0.6333333333333336,21.28000000000001,30,Transition,0.9999943958779413,0.65,"Consumer Discretionary,Industrials,Health Care","Consumer Discretionary,Industrials,Health Care","Health Care,Information Technology,Communication Services",8,10.529894815519713,3.6192879870958814,6.910606828423831,Transition,0.9999943958779413,False,5.722500579942413e-08,0.9999943958779413,5.546897051360156e-06
2020-03-31,-0.0674632846065079,-0.1944771237772412,-0.1282065692130159,1.000000000000001,33.600000000000044,30,Contraction,1.0,0.3,"Information Technology,Utilities,Consumer Staples","Information Technology,Utilities,Consumer Staples","Consumer Staples,Health Care,Utilities",4,9.819513524703714,2.9154192692439533,6.904094255459761,Contraction,1.0,True,5.64522459589778e-115,7.601477696970819e-44,1.0
2020-06-30,0.1758113828129318,0.2016179682334367,0.3583427656258661,1.000000000000001,33.600000000000044,30,Contraction,0.9999999999999929,0.3,"Consumer Discretionary,Energy,Industrials","Consumer Discretionary,Energy,Industrials","Energy,Consumer Discretionary,Information Technology",10,11.54589577603216,3.50322017885753,8.042675597174629,Contraction,0.9999999999999929,True,9.64739209444218e-17,5.81582304284626e-15,0.9999999999999929
2020-09-30,0.0625605246235316,0.0903830733761903,0.130721236773275,0.8333333333333343,28.000000000000032,30,Contraction,0.9999985654495291,0.3,"Consumer Discretionary,Materials,Financials","Consumer Discretionary,Materials,Financials","Materials,Consumer Discretionary,Industrials",6,12.268213073029347,3.819851985336161,8.448361087693188,Contraction,0.9999985654495291,True,9.940993676844425e-12,1.4345405332016264e-06,0.9999985654495291
2020-12-31,0.0766758268546959,0.1211855114827296,0.1580737653005656,0.7000000000000005,23.520000000000017,30,Contraction,0.999885423168464,0.3,"Energy,Consumer Discretionary,Health Care","Energy,Consumer Discretionary,Health Care","Energy,Financials,Information Technology",8,13.208888454433463,4.282762701967443,8.926125752466021,Contraction,0.999885423168464,True,4.0936651057696894e-10,0.0001145764221717832,0.999885423168464
2021-03-31,0.0484716714807725,0.063517554580357,0.101653034723395,0.7000000000000005,23.520000000000017,30,Contraction,0.9999440079495263,0.3,"Consumer Discretionary,Communication Services,Real Estate","Consumer Discretionary,Communication Services,Real Estate","Energy,Consumer Discretionary,Financials",3,13.84914535622293,4.554793315644377,9.294352040578552,Contraction,0.9999440079495263,True,5.599205041556027e-05,5.965344924484724e-14,0.9999440079495263
2021-06-30,0.0558084118585904,0.083593054803827,0.1202220808491917,0.966666666666668,32.48000000000005,30,Contraction,0.982455326695859,0.3,"Energy,Financials,Consumer Discretionary","Energy,Financials,Consumer Discretionary","Energy,Real Estate,Health Care",5,14.622044164152504,4.935542402899143,9.68650176125336,Contraction,0.982455326695859,True,0.01754431235661174,3.6094753021444836e-07,0.982455326695859
2021-09-30,0.0002343238202504,0.0057346195703349,0.0038286476416701,0.4999999999999999,16.799999999999997,30,Contraction,0.9999999996945661,0.3,"Industrials,Energy,Financials","Industrials,Energy,Financials","Real Estate,Financials,Health Care",9,14.62547045740092,4.963845860953026,9.661624596447894,Contraction,0.9999999996945661,True,1.2120253203841782e-11,2.9331532235718036e-10,0.9999999996945661
2021-12-31,0.1436882504485079,0.1106600781621676,0.1470482504485079,1.000000000000001,33.600000000000044,30,Transition,0.9369744151637022,0.65,"Information Technology,Consumer Staples,Health Care","Information Technology,Consumer Staples,Health Care","Information Technology,Real Estate,Materials",8,16.726978719411196,5.51314543191104,11.213833287500156,Transition,0.9369744151637022,False,8.991306375531054e-06,0.9369744151637022,0.06301659352992169
2022-03-31,0.0845455721052035,-0.0461448140262139,0.0873455721052035,0.8333333333333343,28.000000000000032,30,Transition,0.9999901412945744,0.65,"Health Care,Energy,Financials","Health Care,Energy,Financials","Energy,Utilities,Materials",14,18.141170704835385,5.258742361256034,12.882428343579347,Transition,0.9999901412945744,False,8.052875611998253e-18,0.9999901412945744,9.858705425267212e-06
2022-06-30,-0.0972652223435694,-0.1611024868771315,-0.1878104446876153,1.000000000000001,33.600000000000044,30,Contraction,0.9999999999974634,0.3,"Consumer Discretionary,Industrials,Information Technology","Consumer Discretionary,Industrials,Information Technology","Consumer Staples,Utilities,Energy",6,16.37666570265692,4.411545889011568,11.965119813645352,Contraction,0.9999999999974634,True,1.09856160087457e-25,2.537048568830069e-12,0.9999999999974634
2022-09-30,-0.0110160956209473,-0.0493116666839272,-0.0164321912418967,0.8333333333333343,28.000000000000032,30,Contraction,0.9999999999998721,0.3,"Energy,Information Technology,Materials","Energy,Information Technology,Materials","Energy,Consumer Discretionary,Financials",6,16.19625878732416,4.19400520857178,12.00225357875238,Contraction,0.9999999999998721,True,2.3850448602382616e-25,1.266273635697705e-13,0.9999999999998721
2022-12-31,0.069539745539279,0.075609415701509,0.1422155116950586,0.4666666666666666,15.68,30,Contraction,0.9999998550333905,0.3,"Consumer Discretionary,Materials,Energy","Consumer Discretionary,Materials,Energy","Energy,Health Care,Industrials",8,17.322542502082996,4.511111491840978,12.811431010242018,Contraction,0.9999998550333905,True,1.4395654483377769e-07,1.0100632560697071e-09,0.9999998550333905
2023-03-31,0.0208201908778123,0.0745821145743446,0.0450098535248176,0.4999999999999999,16.799999999999997,30,Contraction,0.9997895623190655,0.3,"Consumer Discretionary,Materials,Real Estate","Consumer Discretionary,Materials,Real Estate","Information Technology,Communication Services,Consumer Discretionary",4,17.68320114346538,4.847559725983105,12.835641417482272,Contraction,0.9997895623190655,True,0.0002104195043079733,1.8176625913924986e-08,0.9997895623190655
2023-06-30,0.0122448958947484,0.0868036784156587,0.0149328958947484,0.8000000000000008,26.880000000000027,30,Transition,0.9997343031957439,0.65,"Energy,Consumer Discretionary,Financials","Energy,Consumer Discretionary,Financials","Consumer Discretionary,Communication Services,Industrials",5,17.89973010055301,5.268345741538042,12.63138435901497,Expansion,0.9997343031957439,False,0.9997343031957439,1.2510455547359457e-15,0.00026569680425721643
2023-09-30,-0.0249931202904952,-0.0322417040236022,-0.0451730149892788,0.733333333333334,24.640000000000025,30,Contraction,0.9974592263027032,0.3,"Consumer Discretionary,Financials,Materials","Consumer Discretionary,Financials,Materials","Energy,Financials,Information Technology",3,17.45235999298249,5.098485297445367,12.353874695537122,Contraction,0.9974592263027032,True,0.00029083779358120076,0.0022499359037171708,0.9974592263027032
2023-12-31,0.1565502034813298,0.1163962632583486,0.1592382034813298,0.8000000000000008,26.880000000000027,30,Transition,0.8573448444372479,0.65,"Consumer Discretionary,Industrials,Health Care","Consumer Discretionary,Industrials,Health Care","Real Estate,Information Technology,Financials",10,20.18453050111332,5.691929934345638,14.49260056676768,Expansion,0.8573448444372479,False,0.8573448444372479,0.1423312783783931,0.0003238771843573108
2024-03-31,0.0820760996864414,0.1039011485855585,0.0847640996864414,0.8000000000000008,26.880000000000027,30,Transition,0.9999915431298781,0.65,"Energy,Real Estate,Consumer Discretionary","Energy,Real Estate,Consumer Discretionary","Energy,Industrials,Financials",6,21.841198038646716,6.283327992192673,15.55787004645404,Transition,0.9999915431298781,False,1.5781382109263232e-07,0.9999915431298781,8.299056300156617e-06
2024-06-30,-0.0144840184424022,0.0437907427821622,-0.0119080184424022,0.7666666666666674,25.760000000000023,30,Transition,0.9999948024702545,0.65,"Consumer Discretionary,Health Care,Industrials","Consumer Discretionary,Health Care,Industrials","Information Technology,Utilities,Communication Services",3,21.524849723450792,6.558479592114742,14.966370131336047,Transition,0.9999948024702545,False,7.064705956129297e-07,0.9999948024702545,4.4910591490218975e-06
2024-09-30,0.0536723429248548,0.0575132820028261,0.0556883429248548,0.6000000000000002,20.160000000000007,30,Transition,0.9999983764859922,0.65,"Health Care,Industrials,Energy","Health Care,Industrials,Energy","Utilities,Real Estate,Industrials",7,22.68013883921381,6.935679278405818,15.744459560807991,Transition,0.9999983764859922,False,2.559788528609491e-13,0.9999983764859922,1.6235137513761125e-06
2024-12-31,-0.0358008105792469,0.0249104609551882,-0.0324408105792469,1.000000000000001,33.600000000000044,30,Transition,0.9999871945548522,0.65,"Communication Services,Real Estate,Materials","Communication Services,Real Estate,Materials","Communication Services,Financials,Consumer Discretionary",2,21.868171484720094,7.108450246268254,14.75972123845184,Transition,0.9999871945548522,False,2.3040213770108677e-12,0.9999871945548522,1.2805442844165322e-05
2025-03-31,0.0075856883293625,-0.0426687424835753,0.0100496883293625,0.733333333333334,24.640000000000025,30,Transition,0.9745277397627207,0.65,"Health Care,Industrials,Communication Services","Health Care,Industrials,Communication Services","Energy,Utilities,Consumer Staples",8,22.034056617936237,6.805141613252927,15.228915004683309,Transition,0.9745277397627207,False,2.1332630308686972e-13,0.9745277397627207,0.025472260237064538
2025-06-30,0.173032860123218,0.1077719389499223,0.175608860123218,0.7666666666666674,25.760000000000023,30,Transition,0.9805054248936468,0.65,"Communication Services,Consumer Discretionary,Information Technology","Communication Services,Consumer Discretionary,Information Technology","Information Technology,Communication Services,Industrials",12,25.846672454654662,7.538544919741997,18.308127534912664,Transition,0.9805054248936468,False,1.8849021303784503e-05,0.9805054248936468,0.019475726085049615
2025-09-30,0.0229741320724672,0.0812122055116055,0.0263341320724672,1.000000000000001,33.600000000000044,30,Transition,0.9157461916825914,0.65,"Energy,Health Care,Consumer Staples","Energy,Health Care,Consumer Staples","Information Technology,Utilities,Consumer Discretionary",1,26.4404773212617,8.150766779022554,18.289710542239145,Transition,0.9157461916825914,False,6.243561651951532e-05,0.9157461916825914,0.0841913727008875
2025-12-31,0.0055812285837298,0.026651967886897,0.0271557501200058,0.6333333333333336,21.28000000000001,30,Contraction,0.5677787245035112,0.3,"Health Care,Consumer Staples,Industrials","Health Care,Consumer Staples,Industrials","Health Care,Materials,Financials",10,26.588047669054585,8.36800075347065,18.220046915583936,Contraction,0.5677787245035112,True,0.43073611846555643,0.0014851570309323222,0.5677787245035112
