Date,regime,confidence,exposure,is_stable,raw_regime,raw_confidence,smoothed_regime,smoothed_confidence,prob_expansion,prob_transition,prob_contraction
2005-09-30,Contraction,1.0,0.3,True,Contraction,1.0,Contraction,1.0,7.876303775238764e-77,2.0997382570376704e-43,1.0
2005-12-31,Contraction,1.0,0.3,True,Contraction,1.0,Contraction,1.0,3.0991550670195557e-100,3.4640220686155015e-61,1.0
2006-03-31,Transition,0.999999994348812,0.65,False,Transition,0.999999994348812,Transition,0.599949196767033,5.651185729590626e-09,0.999999994348812,2.706860540221198e-32
2006-06-30,Contraction,0.999999999939071,0.3,False,Contraction,0.999999999939071,Contraction,0.5999983080104568,6.093036265903314e-11,3.5332081846978963e-28,0.999999999939071
2006-09-30,Transition,0.9999987481796372,0.65,False,Transition,0.9999987481796372,Transition,0.5995936141528149,1.2518203613384306e-06,0.9999987481796372,1.0677656550674778e-24
2006-12-31,Transition,0.9999999999980815,0.65,False,Transition,0.9999999999980815,Transition,0.5999940826177028,1.9169817742874287e-12,0.9999999999980815,8.532185103877902e-26
2007-03-31,Transition,0.9999999971199642,0.65,False,Transition,0.9999999971199642,Transition,0.5999033160274765,2.8800371008777046e-09,0.9999999971199642,4.206000452838785e-19
2007-06-30,Transition,0.9999969692730158,0.65,False,Transition,0.9999969692730158,Transition,0.5008473754999813,2.9825190984197106e-06,0.9999969692730158,4.8207888692595e-08
2007-09-30,Contraction,0.9999995665321835,0.3,True,Contraction,0.9999995665321835,Contraction,0.9999999116472583,4.3346781511895095e-07,2.18234056305353e-33,0.9999995665321835
2007-12-31,Contraction,0.9999999999998366,0.3,True,Contraction,0.9999999999998366,Contraction,0.9999999999984815,1.6312586063848112e-13,7.262832353318847e-163,0.9999999999998366
2008-03-31,Contraction,0.9999999999886846,0.3,True,Contraction,0.9999999999886846,Contraction,0.9999999999977256,1.1313901232766533e-11,0.0,0.9999999999886846
2008-06-30,Contraction,1.0,0.3,True,Contraction,1.0,Contraction,1.0,1.793288291398595e-82,0.0,1.0
2008-09-30,Contraction,1.0,0.3,True,Contraction,1.0,Contraction,1.0,8.892795232161694e-174,0.0,1.0
2008-12-31,Contraction,1.0,0.3,True,Contraction,1.0,Contraction,1.0,0.0,0.0,1.0
2009-03-31,Contraction,1.0,0.3,True,Contraction,1.0,Contraction,1.0,0.0,0.0,1.0
2009-06-30,Contraction,0.9999651165768805,0.3,True,Contraction,0.9999651165768805,Contraction,0.9999927008063322,3.488342311805253e-05,0.0,0.9999651165768805
2009-09-30,Expansion,0.9295194158259431,1.0,False,Expansion,0.9295194158259431,Expansion,0.7098405685513138,0.9295194158259431,0.0,0.07048058417405809
2009-12-31,Expansion,0.9999320601284268,1.0,False,Expansion,0.9999320601284268,Expansion,0.7983782328806232,0.9999320601284268,0.0,6.793987157310767e-05
2010-03-31,Expansion,0.9999867547908842,1.0,False,Expansion,0.9999867547908842,Expansion,0.7991935996805335,0.9999867547908842,8.610606603919595e-65,1.3245209115233694e-05
2010-06-30,Contraction,1.0,0.3,True,Contraction,1.0,Contraction,1.0,2.8486687196896866e-70,4.984769431477284e-290,1.0
2010-09-30,Contraction,1.0,0.3,True,Contraction,1.0,Contraction,1.0,3.791422514335897e-62,8.995159948014586e-256,1.0
2010-12-31,Expansion,0.9999703436199752,1.0,False,Expansion,0.9999703436199752,Expansion,0.798755474085773,0.9999703436199752,1.0946724694470896e-53,2.9656380025718378e-05
2011-03-31,Expansion,0.9999641162437851,1.0,False,Expansion,0.9999641162437851,Expansion,0.797365876533705,0.9999641162437851,3.676580503407953e-208,3.5883756215646e-05
2011-06-30,Expansion,0.9921072688336807,1.0,False,Expansion,0.9921072688336807,Expansion,0.7278069474389935,0.9921072688336807,4.338537800970167e-223,0.007892731166320279
2011-09-30,Contraction,0.9999999999371418,0.3,True,Contraction,0.9999999999371418,Contraction,0.9999999999566391,6.285942979268699e-11,2.40666714600122e-253,0.9999999999371418
2011-12-31,Contraction,0.999915859448999,0.3,True,Contraction,0.999915859448999,Contraction,0.9999828531604342,2.5600226536762037e-72,8.414055100241193e-05,0.999915859448999
2012-03-31,Expansion,0.9968056773149816,1.0,False,Expansion,0.9968056773149816,Expansion,0.7818922274046786,0.9968056773149816,1.5915739280653676e-175,0.0031943226850172407
2012-06-30,Contraction,0.993621223855735,0.3,True,Contraction,0.993621223855735,Contraction,0.9981111166879139,0.006378776144263288,1.793523340049821e-131,0.993621223855735
2012-09-30,Expansion,0.9431098768160099,1.0,False,Expansion,0.9431098768160099,Expansion,0.7235261484902997,0.9431098768160099,1.5501596953165088e-131,0.05689012318399105
2012-12-31,Expansion,0.9851359871906293,1.0,False,Expansion,0.9851359871906293,Expansion,0.7680841921100989,0.9851359871906293,1.2723447221162354e-105,0.014864012809369147
2013-03-31,Expansion,0.9994877752533323,1.0,False,Expansion,0.9994877752533323,Expansion,0.7910400596408882,0.9994877752533323,2.2708164524697674e-99,0.0005122247466665936
2013-06-30,Expansion,0.9494231977117967,1.0,False,Expansion,0.9494231977117967,Expansion,0.7048652060345957,0.9494231977117967,4.509897358338569e-143,0.05057680228820498
2013-09-30,Expansion,0.9998890181567419,1.0,False,Expansion,0.9998890181567419,Expansion,0.7963388172597727,0.9998890181567419,6.245287550353094e-152,0.00011098184325847329
2013-12-31,Expansion,0.9997619536104563,1.0,False,Expansion,0.9997619536104563,Expansion,0.7915938397782482,0.9997619536104563,1.3795477859774764e-174,0.00023804638954423102
2014-03-31,Expansion,0.9998758437274144,1.0,False,Expansion,0.9998758437274144,Expansion,0.7959025321178801,0.9998758437274144,1.8118891777879834e-110,0.00012415627258494569
2014-06-30,Expansion,0.9999175768748634,1.0,False,Expansion,0.9999175768748634,Expansion,0.7967739056740463,0.9999175768748634,6.577476988307679e-85,8.242312513709985e-05
2014-09-30,Contraction,0.9960926668845974,0.3,True,Contraction,0.9960926668845974,Contraction,0.998579755084004,8.125123924440424e-18,0.003907333115403024,0.9960926668845974
2014-12-31,Expansion,0.9568238324821349,1.0,False,Expansion,0.9568238324821349,Expansion,0.7615521197472329,0.9568238324821349,1.4649269230447225e-77,0.04317616751786398
2015-03-31,Expansion,0.9999146271478592,1.0,False,Expansion,0.9999146271478592,Expansion,0.7966416301656688,0.9999146271478592,3.5829674633851954e-78,8.537285214071091e-05
2015-06-30,Expansion,0.9993960686098523,1.0,False,Expansion,0.9993960686098523,Expansion,0.796825431430014,0.9993960686098523,4.335101806912159e-101,0.0006039313901481363
2015-09-30,Contraction,0.9998455767524795,0.3,True,Contraction,0.9998455767524795,Contraction,0.9999671835141866,0.00015442324752123094,1.7677670412317716e-140,0.9998455767524795
2015-12-31,Expansion,0.9997035927055734,1.0,False,Expansion,0.9997035927055734,Expansion,0.7925520918540998,0.9997035927055734,3.7826669421437546e-169,0.00029640729442812565
2016-03-31,Expansion,0.9926938834231436,1.0,False,Expansion,0.9926938834231436,Expansion,0.785645985968956,0.9926938834231436,2.3934497086745796e-173,0.00730611657685714
2016-06-30,Expansion,0.953170905483007,1.0,False,Expansion,0.953170905483007,Expansion,0.6132738864253046,0.953170905483007,2.3955786814187505e-142,0.04682909451699159
2016-09-30,Expansion,0.9999531881400747,1.0,False,Expansion,0.9999531881400747,Expansion,0.7989611925513114,0.9999531881400747,1.1191792017597428e-62,4.681185992674569e-05
2016-12-31,Expansion,0.9999200588365279,1.0,False,Expansion,0.9999200588365279,Expansion,0.7981749729241778,0.9999200588365279,1.9052855718795184e-51,7.994116347254266e-05
2017-03-31,Expansion,0.9998759101280287,1.0,False,Expansion,0.9998759101280287,Expansion,0.7995049312972718,0.9998759101280287,0.00011126678852326407,1.2823083446798095e-05
2017-06-30,Expansion,0.9999565365898327,1.0,False,Expansion,0.9999565365898327,Expansion,0.7987569549775558,0.9999565365898327,3.0505601558225948e-27,4.3463410166971155e-05
2017-09-30,Transition,0.9828106585105373,0.65,False,Transition,0.9828106585105373,Transition,0.7854917263975139,0.017186797134983896,0.9828106585105373,2.5443544795185327e-06
2017-12-31,Transition,0.9999752071259063,0.65,False,Transition,0.9999752071259063,Transition,0.7984860349259648,1.1065560820176105e-11,0.9999752071259063,2.4792863028435404e-05
2018-03-31,Transition,0.6916294727874551,0.65,False,Transition,0.6916294727874551,Contraction,0.5103580404750216,8.585837262508376e-09,0.6916294727874551,0.30837051862671067
2018-06-30,Transition,0.999989854431407,0.65,False,Transition,0.999989854431407,Transition,0.7995978375671999,3.666373029843433e-10,0.999989854431407,1.0145201954398952e-05
2018-09-30,Transition,0.9999992053799249,0.65,False,Transition,0.9999992053799249,Transition,0.7999457841559641,3.924603292681208e-09,0.9999992053799249,7.906954714010268e-07
2018-12-31,Contraction,0.9999999996550031,0.3,True,Contraction,0.9999999996550031,Contraction,0.9999999999301352,2.9588242866972604e-23,3.44993425474914e-10,0.9999999996550031
2019-03-31,Expansion,0.942302839552865,1.0,False,Expansion,0.942302839552865,Expansion,0.7018432689934475,0.942302839552865,0.01656975031684015,0.04112741013029312
2019-06-30,Transition,0.9999890566158651,0.65,False,Transition,0.9999890566158651,Transition,0.7993818649956514,2.3027287747603596e-09,0.9999890566158651,1.0941081406776217e-05
2019-09-30,Transition,0.9999574038990646,0.65,False,Transition,0.9999574038990646,Transition,0.7984287737950903,9.796440313660263e-09,0.9999574038990646,4.258630449283814e-05
2019-12-31,Transition,0.9999943958779413,0.65,False,Transition,0.9999943958779413,Transition,0.7998428305628603,5.722500579197832e-08,0.9999943958779413,5.546897051239e-06
2020-03-31,Contraction,1.0,0.3,True,Contraction,1.0,Contraction,1.0,5.64522459902136e-115,7.601477697508776e-44,1.0
2020-06-30,Contraction,0.9999999999999929,0.3,True,Contraction,0.9999999999999929,Contraction,0.9999999999999986,9.647392094081818e-17,5.815823043213423e-15,0.9999999999999929
2020-09-30,Contraction,0.9999985654495291,0.3,True,Contraction,0.9999985654495291,Contraction,0.999999711726731,9.94099367649683e-12,1.4345405332905911e-06,0.9999985654495291
2020-12-31,Contraction,0.9998854231684569,0.3,True,Contraction,0.9998854231684569,Contraction,0.999975920059246,4.0936651055789643e-10,0.00011457642217878296,0.9998854231684569
2021-03-31,Contraction,0.9999440079495263,0.3,True,Contraction,0.9999440079495263,Contraction,0.999988208478034,5.5992050412995944e-05,5.965344924866434e-14,0.9999440079495263
2021-06-30,Contraction,0.9824553266966758,0.3,True,Contraction,0.9824553266966758,Contraction,0.9923788060876039,0.017544312355794095,3.609475302379178e-07,0.9824553266966758
2021-09-30,Contraction,0.9999999996945661,0.3,True,Contraction,0.9999999996945661,Contraction,0.9999999844263087,1.2120253203581787e-11,2.9331532237565617e-10,0.9999999996945661
2021-12-31,Transition,0.9369744151672107,0.65,False,Transition,0.9369744151672107,Transition,0.7351175033728257,8.99130637461913e-06,0.9369744151672107,0.06301659352641305
2022-03-31,Transition,0.9999901412945744,0.65,False,Transition,0.9999901412945744,Transition,0.7993959577368038,8.052875611533577e-18,0.9999901412945744,9.858705425055065e-06
2022-06-30,Contraction,0.9999999999974634,0.3,True,Contraction,0.9999999999974634,Contraction,0.9999999995409083,1.0985616009687698e-25,2.5370485689997554e-12,0.9999999999974634
2022-09-30,Contraction,0.9999999999998721,0.3,True,Contraction,0.9999999999998721,Contraction,0.9999999999999716,2.385044860216163e-25,1.2662736357730132e-13,0.9999999999998721
2022-12-31,Contraction,0.9999998550333905,0.3,True,Contraction,0.9999998550333905,Contraction,0.9999999700616649,1.4395654482684057e-07,1.010063256130266e-09,0.9999998550333905
2023-03-31,Contraction,0.9997895623190797,0.3,True,Contraction,0.9997895623190797,Contraction,0.9999563196607533,0.0002104195042969782,1.8176625915018132e-08,0.9997895623190797
2023-06-30,Expansion,0.9997343031957296,1.0,False,Expansion,0.9997343031957296,Expansion,0.7962925673195549,0.9997343031957296,1.2510455548604658e-15,0.0002656968042654703
2023-09-30,Contraction,0.9974592263025828,0.3,True,Contraction,0.9974592263025828,Contraction,0.9992043082169904,0.00029083779356709876,0.0022499359038478627,0.9974592263025828
2023-12-31,Expansion,0.8573448444201665,1.0,False,Expansion,0.8573448444201665,Expansion,0.6779874626277488,0.8573448444201665,0.1423312783954693,0.0003238771843662145
2024-03-31,Transition,0.9999915431298781,0.65,False,Transition,0.9999915431298781,Transition,0.7998010435781341,1.5781382107441174e-07,0.9999915431298781,8.29905629998732e-06
2024-06-30,Transition,0.9999948024702545,0.65,False,Transition,0.9999948024702545,Transition,0.7994003419243334,7.064705955410841e-07,0.9999948024702545,4.4910591489251596e-06
2024-09-30,Transition,0.9999983764859922,0.65,False,Transition,0.9999983764859922,Transition,0.7998164197058586,2.559788528420586e-13,0.9999983764859922,1.6235137513400316e-06
2024-12-31,Transition,0.9999871945548522,0.65,False,Transition,0.9999871945548522,Transition,0.7998052466561562,2.3040213768309006e-12,0.9999871945548522,1.2805442843872294e-05
2025-03-31,Transition,0.9745277397641922,0.65,False,Transition,0.9745277397641922,Transition,0.7754516272516471,2.133263030724797e-13,0.9745277397641922,0.025472260235595703
2025-06-30,Transition,0.980505424894758,0.65,False,Transition,0.980505424894758,Transition,0.7683904620565754,1.884902130170624e-05,0.980505424894758,0.019475726083939434
2025-09-30,Transition,0.915746191687273,0.65,False,Transition,0.915746191687273,Transition,0.7104299897776643,6.243561651319268e-05,0.915746191687273,0.08419137269621334
2025-12-31,Contraction,0.5677787245126066,0.3,True,Contraction,0.5677787245126066,Contraction,0.6760924022631676,0.43073611845634263,0.0014851570310505597,0.5677787245126066
