Date,regime,confidence,exposure,is_stable,raw_regime,raw_confidence,prob_expansion,prob_transition,prob_contraction
2005-09-30,Contraction,1.0,0.3,True,Contraction,1.0,7.876303775238764e-77,2.0997382570376704e-43,1.0
2005-12-31,Contraction,1.0,0.3,True,Contraction,1.0,3.0991550670195557e-100,3.4640220686155015e-61,1.0
2006-03-31,Transition,0.999999994348812,0.65,False,Transition,0.999999994348812,5.651185729590626e-09,0.999999994348812,2.706860540221198e-32
2006-06-30,Transition,0.999999999939071,0.65,False,Contraction,0.999999999939071,6.093036265898724e-11,3.533208184683938e-28,0.999999999939071
2006-09-30,Transition,0.9999987481796372,0.65,False,Transition,0.9999987481796372,1.2518203613384306e-06,0.9999987481796372,1.0677656550674778e-24
2006-12-31,Transition,0.9999999999980815,0.65,False,Transition,0.9999999999980815,1.9169817742874287e-12,0.9999999999980815,8.532185103877902e-26
2007-03-31,Transition,0.9999999971199642,0.65,False,Transition,0.9999999971199642,2.8800371008777046e-09,0.9999999971199642,4.206000452838785e-19
2007-06-30,Transition,0.9999969692730158,0.65,False,Transition,0.9999969692730158,2.9825190984197106e-06,0.9999969692730158,4.8207888692595e-08
2007-09-30,Contraction,0.9999995665321835,0.3,True,Contraction,0.9999995665321835,4.3346781512338305e-07,2.182340563073161e-33,0.9999995665321835
2007-12-31,Contraction,0.9999999999998366,0.3,True,Contraction,0.9999999999998366,1.6312586063848112e-13,7.262832353318847e-163,0.9999999999998366
2008-03-31,Contraction,0.9999999999886846,0.3,True,Contraction,0.9999999999886846,1.1313901232766533e-11,0.0,0.9999999999886846
2008-06-30,Contraction,1.0,0.3,True,Contraction,1.0,1.7932882914407968e-82,0.0,1.0
2008-09-30,Contraction,1.0,0.3,True,Contraction,1.0,8.89279523217787e-174,0.0,1.0
2008-12-31,Contraction,1.0,0.3,True,Contraction,1.0,0.0,0.0,1.0
2009-03-31,Contraction,1.0,0.3,True,Contraction,1.0,0.0,0.0,1.0
2009-06-30,Contraction,0.999965116576884,0.3,True,Contraction,0.999965116576884,3.488342311519716e-05,0.0,0.999965116576884
2009-09-30,Transition,0.9295194158259431,0.65,False,Expansion,0.9295194158259431,0.9295194158259431,0.0,0.07048058417405809
2009-12-31,Transition,0.9999320601284268,0.65,False,Expansion,0.9999320601284268,0.9999320601284268,0.0,6.793987157310767e-05
2010-03-31,Transition,0.9999867547908842,0.65,False,Expansion,0.9999867547908842,0.9999867547908842,8.610606604087234e-65,1.32452091156868e-05
2010-06-30,Contraction,1.0,0.3,True,Contraction,1.0,2.8486687196994023e-70,4.984769431614993e-290,1.0
2010-09-30,Contraction,1.0,0.3,True,Contraction,1.0,3.7914225144211344e-62,8.995159945666624e-256,1.0
2010-12-31,Transition,0.9999703436199716,0.65,False,Expansion,0.9999703436199716,0.9999703436199716,1.094672469587329e-53,2.9656380026869127e-05
2011-03-31,Transition,0.9999641162437851,0.65,False,Expansion,0.9999641162437851,0.9999641162437851,3.676580503407953e-208,3.5883756215646e-05
2011-06-30,Transition,0.9921072688336807,0.65,False,Expansion,0.9921072688336807,0.9921072688336807,4.338537800970167e-223,0.007892731166320279
2011-09-30,Contraction,0.9999999999371418,0.3,True,Contraction,0.9999999999371418,6.285942979268699e-11,2.40666714600122e-253,0.9999999999371418
2011-12-31,Contraction,0.999915859448999,0.3,True,Contraction,0.999915859448999,2.5600226536762037e-72,8.414055100241193e-05,0.999915859448999
2012-03-31,Transition,0.9968056773149816,0.65,False,Expansion,0.9968056773149816,0.9968056773149816,1.5915739280653676e-175,0.0031943226850172407
2012-06-30,Contraction,0.993621223855735,0.3,True,Contraction,0.993621223855735,0.006378776144263288,1.793523340049821e-131,0.993621223855735
2012-09-30,Transition,0.9431098768160099,0.65,False,Expansion,0.9431098768160099,0.9431098768160099,1.5501596953165088e-131,0.05689012318399105
2012-12-31,Transition,0.9851359871907238,0.65,False,Expansion,0.9851359871907238,0.9851359871907238,1.2723447221019876e-105,0.014864012809275044
2013-03-31,Transition,0.9994877752533358,0.65,False,Expansion,0.9994877752533358,0.9994877752533358,2.2708164525327587e-99,0.0005122247466656382
2013-06-30,Transition,0.949423197710795,0.65,False,Expansion,0.949423197710795,0.949423197710795,4.509897359099183e-143,0.050576802289206364
2013-09-30,Transition,0.9998890181567419,0.65,False,Expansion,0.9998890181567419,0.9998890181567419,6.245287550353094e-152,0.00011098184325847329
2013-12-31,Transition,0.9997619536104563,0.65,False,Expansion,0.9997619536104563,0.9997619536104563,1.3795477859774764e-174,0.00023804638954423102
2014-03-31,Transition,0.9998758437274144,0.65,False,Expansion,0.9998758437274144,0.9998758437274144,1.8118891777879834e-110,0.00012415627258494569
2014-06-30,Transition,0.9999175768748705,0.65,False,Expansion,0.9999175768748705,0.9999175768748705,6.577476987884626e-85,8.24231251298691e-05
2014-09-30,Contraction,0.9960926668842612,0.3,True,Contraction,0.9960926668842612,8.125123924006564e-18,0.003907333115738598,0.9960926668842612
2014-12-31,Transition,0.9568238324821349,0.65,False,Expansion,0.9568238324821349,0.9568238324821349,1.4649269230447225e-77,0.04317616751786398
2015-03-31,Transition,0.9999146271478556,0.65,False,Expansion,0.9999146271478556,0.9999146271478556,3.5829674632187987e-78,8.53728521439393e-05
2015-06-30,Transition,0.9993960686098559,0.65,False,Expansion,0.9993960686098559,0.9993960686098559,4.3351018079951834e-101,0.0006039313901424225
2015-09-30,Contraction,0.999845576752476,0.3,True,Contraction,0.999845576752476,0.00015442324752257066,1.7677670413174861e-140,0.999845576752476
2015-12-31,Transition,0.9997035927055734,0.65,False,Expansion,0.9997035927055734,0.9997035927055734,3.7826669421437546e-169,0.00029640729442812565
2016-03-31,Transition,0.9926938834226146,0.65,False,Expansion,0.9926938834226146,0.9926938834226146,2.3934497087904958e-173,0.00730611657738712
2016-06-30,Transition,0.953170905483007,0.65,False,Expansion,0.953170905483007,0.953170905483007,2.3955786814187505e-142,0.04682909451699159
2016-09-30,Transition,0.9999531881400747,0.65,False,Expansion,0.9999531881400747,0.9999531881400747,1.1191792022674461e-62,4.6811859924127825e-05
2016-12-31,Transition,0.999920058836535,0.65,False,Expansion,0.999920058836535,0.999920058836535,1.9052855728466367e-51,7.994116346484377e-05
2017-03-31,Transition,0.9998759101280251,0.65,False,Expansion,0.9998759101280251,0.9998759101280251,0.00011126678852727517,1.2823083447842073e-05
2017-06-30,Transition,0.9999565365898327,0.65,False,Expansion,0.9999565365898327,0.9999565365898327,3.050560155810478e-27,4.346341016743733e-05
2017-09-30,Transition,0.9828106585105373,0.65,False,Transition,0.9828106585105373,0.017186797134983896,0.9828106585105373,2.5443544795185327e-06
2017-12-31,Transition,0.9999752071259045,0.65,False,Transition,0.9999752071259045,1.1065560819891442e-11,0.9999752071259045,2.4792863029403644e-05
2018-03-31,Transition,0.6916294727874551,0.65,False,Transition,0.6916294727874551,8.585837262508376e-09,0.6916294727874551,0.30837051862671067
2018-06-30,Transition,0.9999898544314105,0.65,False,Transition,0.9999898544314105,3.6663730301776953e-10,0.9999898544314105,1.0145201951415242e-05
2018-09-30,Transition,0.9999992053799249,0.65,False,Transition,0.9999992053799249,3.924603291691786e-09,0.9999992053799249,7.906954714675747e-07
2018-12-31,Contraction,0.9999999996550031,0.3,True,Contraction,0.9999999996550031,2.9588242873773985e-23,3.449934255971592e-10,0.9999999996550031
2019-03-31,Transition,0.9423028395588507,0.65,False,Expansion,0.9423028395588507,0.9423028395588507,0.01656975031451794,0.04112741012663472
2019-06-30,Transition,0.9999890566158651,0.65,False,Transition,0.9999890566158651,2.302728774979331e-09,0.9999890566158651,1.0941081407025144e-05
2019-09-30,Transition,0.9999574038990646,0.65,False,Transition,0.9999574038990646,9.796440314637348e-09,0.9999574038990646,4.258630449392808e-05
2019-12-31,Transition,0.9999943958779413,0.65,False,Transition,0.9999943958779413,5.722500579942413e-08,0.9999943958779413,5.546897051360156e-06
2020-03-31,Contraction,1.0,0.3,True,Contraction,1.0,5.64522459589778e-115,7.601477696970819e-44,1.0
2020-06-30,Contraction,0.9999999999999929,0.3,True,Contraction,0.9999999999999929,9.64739209444218e-17,5.81582304284626e-15,0.9999999999999929
2020-09-30,Contraction,0.9999985654495291,0.3,True,Contraction,0.9999985654495291,9.940993676844425e-12,1.4345405332016264e-06,0.9999985654495291
2020-12-31,Contraction,0.999885423168464,0.3,True,Contraction,0.999885423168464,4.0936651057696894e-10,0.0001145764221717832,0.999885423168464
2021-03-31,Contraction,0.9999440079495263,0.3,True,Contraction,0.9999440079495263,5.599205041556027e-05,5.965344924484724e-14,0.9999440079495263
2021-06-30,Contraction,0.982455326695859,0.3,True,Contraction,0.982455326695859,0.01754431235661174,3.6094753021444836e-07,0.982455326695859
2021-09-30,Contraction,0.9999999996945661,0.3,True,Contraction,0.9999999996945661,1.2120253203841782e-11,2.9331532235718036e-10,0.9999999996945661
2021-12-31,Transition,0.9369744151637022,0.65,False,Transition,0.9369744151637022,8.991306375531054e-06,0.9369744151637022,0.06301659352992169
2022-03-31,Transition,0.9999901412945744,0.65,False,Transition,0.9999901412945744,8.052875611998253e-18,0.9999901412945744,9.858705425267212e-06
2022-06-30,Contraction,0.9999999999974634,0.3,True,Contraction,0.9999999999974634,1.09856160087457e-25,2.537048568830069e-12,0.9999999999974634
2022-09-30,Contraction,0.9999999999998721,0.3,True,Contraction,0.9999999999998721,2.3850448602382616e-25,1.266273635697705e-13,0.9999999999998721
2022-12-31,Contraction,0.9999998550333905,0.3,True,Contraction,0.9999998550333905,1.4395654483377769e-07,1.0100632560697071e-09,0.9999998550333905
2023-03-31,Contraction,0.9997895623190655,0.3,True,Contraction,0.9997895623190655,0.0002104195043079733,1.8176625913924986e-08,0.9997895623190655
2023-06-30,Transition,0.9997343031957439,0.65,False,Expansion,0.9997343031957439,0.9997343031957439,1.2510455547359457e-15,0.00026569680425721643
2023-09-30,Contraction,0.9974592263027032,0.3,True,Contraction,0.9974592263027032,0.00029083779358120076,0.0022499359037171708,0.9974592263027032
2023-12-31,Transition,0.8573448444372479,0.65,False,Expansion,0.8573448444372479,0.8573448444372479,0.1423312783783931,0.0003238771843573108
2024-03-31,Transition,0.9999915431298781,0.65,False,Transition,0.9999915431298781,1.5781382109263232e-07,0.9999915431298781,8.299056300156617e-06
2024-06-30,Transition,0.9999948024702545,0.65,False,Transition,0.9999948024702545,7.064705956129297e-07,0.9999948024702545,4.4910591490218975e-06
2024-09-30,Transition,0.9999983764859922,0.65,False,Transition,0.9999983764859922,2.559788528609491e-13,0.9999983764859922,1.6235137513761125e-06
2024-12-31,Transition,0.9999871945548522,0.65,False,Transition,0.9999871945548522,2.3040213770108677e-12,0.9999871945548522,1.2805442844165322e-05
2025-03-31,Transition,0.9745277397627207,0.65,False,Transition,0.9745277397627207,2.1332630308686972e-13,0.9745277397627207,0.025472260237064538
2025-06-30,Transition,0.9805054248936468,0.65,False,Transition,0.9805054248936468,1.8849021303784503e-05,0.9805054248936468,0.019475726085049615
2025-09-30,Transition,0.9157461916825914,0.65,False,Transition,0.9157461916825914,6.243561651951532e-05,0.9157461916825914,0.0841913727008875
2025-12-31,Contraction,0.5677787245035112,0.3,True,Contraction,0.5677787245035112,0.43073611846555643,0.0014851570309323222,0.5677787245035112
