period,start,end,long_entry,long_exit,short_entry,short_exit,gross_sharpe,gross_annret,gross_annvol,gross_maxdd,net_sharpe,net_annret,net_annvol,net_maxdd,final_eq_net,avg_reb_turnover,avg_gross_long,avg_gross_short,avg_net,corr_to_bench,beta_to_bench,n_days,median_tradable,n_names,miss_open,miss_close,error
dotcom_unwind,2000-01-01,2002-12-31,0.12,0.25,0.92,0.7,,,,,,,,,,,,,,,,,,,,,"RuntimeError: FTSE250: Not enough data after filtering (need >=120, got 0)."
pre_gfc_expansion,2003-01-01,2006-12-31,0.12,0.25,0.92,0.7,,,,,,,,,,,,,,,,,,,,,"RuntimeError: FTSE250: Not enough data after filtering (need >=120, got 0)."
gfc,2007-01-01,2009-12-31,0.12,0.25,0.92,0.7,,,,,,,,,,,,,,,,,,,,,"RuntimeError: FTSE250: Not enough data after filtering (need >=120, got 0)."
post_crisis_qe,2010-01-01,2014-12-31,0.12,0.25,0.92,0.7,,,,,,,,,,,,,,,,,,,,,"RuntimeError: FTSE250: Not enough data after filtering (need >=120, got 0)."
late_cycle_pre_covid,2015-01-01,2019-12-31,0.12,0.25,0.92,0.7,,,,,,,,,,,,,,,,,,,,,"RuntimeError: FTSE250: Not enough data after filtering (need >=120, got 0)."
covid_rebound,2020-01-01,2021-12-31,0.12,0.25,0.92,0.7,2.197490517638571,0.23737398753563244,0.09692482416293038,-0.0878017806136212,2.004372916912865,0.21144957645198037,0.09569957667655908,-0.08994299781392057,1.4476390953089338,1.701461440551233,1.0983539094650205,1.0983539094650208,-1.1993149957370518e-17,-0.02651771994885431,-0.010760136773236605,486.0,234.0,250.0,0.05512426035502958,0.05512426035502958,
inflation_tightening,2022-01-01,2022-12-31,0.12,0.25,0.92,0.7,3.8460297800929744,0.4397897448402397,0.09477230111070845,-0.050785304379408314,3.690646635119227,0.41194590026761446,0.09347110633576891,-0.05244067038116418,1.368182989162251,1.6132660337124387,1.023580786026201,1.0235807860262007,6.084410025784155e-17,-0.1639429319936489,-0.0737803809886605,229.0,244.0,250.0,0.023424,0.023424,
recent_regime,2023-01-01,,0.12,0.25,0.92,0.7,2.3923847357592876,0.2158841109701657,0.0817057025160253,-0.06407968027125188,2.134605611982738,0.188975096757237,0.08108836209475785,-0.0716371450308283,1.7110952850352543,1.7807291142407558,1.0677749360613813,1.0677749360613813,-2.1118372751022e-17,0.005318623885368655,0.0031865597692458097,782.0,246.0,250.0,0.015247820672478207,0.015247820672478207,
full_sample,2000-01-01,,0.12,0.25,0.92,0.7,2.588041450298675,0.2577158908803865,0.08859877064108837,-0.0878017806136212,2.367193105485956,0.2305692112696549,0.08764677256235759,-0.08994299781392057,3.55050794140181,1.7768084897217276,1.0682261208577,1.0682261208577,-2.8350724410505945e-17,-0.037781055597604196,-0.017953728278232117,1539.0,245.0,250.0,0.029517948717948717,0.029517948717948717,
