Date,PortRet,SPYRet,GrossRet,Turnover,TxnCostBps,NHoldings,Regime,RegimeConf,RegimeExp,PredSectors,PredSectorNames,RealTopSectors,TopStocksInPredSectors,PortEq,SPYEq,AlphaEq,ks_active,ks_zscore,ks_reason,ks_exposure,PortRetKS
2005-09-30,0.0,0.03678243694387895,0.0,0.0,0.0,0,Transition,1.0,1.0,,,"Energy,Information Technology,Industrials",0,1.0,1.036782436943879,-0.03678243694387895,False,-0.8868877026892463,inactive,1.0,0.0
2005-12-31,0.047077574023298395,0.01731135139303608,0.0504375740232984,1.0,33.6,25,Transition,0.999295610329417,1.0,"Consumer Discretionary,Real Estate,Materials","Consumer Discretionary,Real Estate,Materials","Financials,Materials,Industrials",2,1.0470775740232985,1.0547305420279427,-0.007652968004644212,False,-0.7892634514167697,inactive,1.0,0.047077574023298395
2006-03-31,0.06730250218196121,0.046874135937976735,0.06976650218196122,0.7333333333333337,24.640000000000015,30,Transition,1.0,1.0,"Energy,Information Technology,Consumer Discretionary","Energy,Information Technology,Consumer Discretionary","Real Estate,Industrials,Information Technology",5,1.117548514733684,1.1041701248328963,0.013378389900787768,False,-1.0310209033222542,inactive,1.0,0.06730250218196121
2006-06-30,-0.0022051115948982557,-0.0153079917126685,0.0003708884051017473,0.7666666666666674,25.760000000000026,30,Transition,0.9999999996913829,1.0,"Information Technology,Consumer Staples,Utilities","Information Technology,Consumer Staples,Utilities","Communication Services,Utilities,Consumer Staples",3,1.1150841955459836,1.0872674977125782,0.027816697833405346,False,-0.902608378265796,inactive,1.0,-0.0022051115948982557
2006-09-30,0.09252490479722125,0.054113089023990035,0.09487690479722125,0.7,23.52,27,Transition,0.9999983370150617,1.0,"Real Estate,Information Technology,Consumer Discretionary","Real Estate,Information Technology,Consumer Discretionary","Real Estate,Communication Services,Information Technology",8,1.2182572545797616,1.1461029006091898,0.0721543539705718,False,-0.8414441156206682,inactive,1.0,0.09252490479722125
2006-12-31,0.09049445170679558,0.06609567760424762,0.0922366739290178,0.5185185185185182,17.42222222222221,27,Transition,0.9935702386878408,1.0,"Energy,Real Estate,Consumer Discretionary","Energy,Real Estate,Consumer Discretionary","Utilities,Consumer Discretionary,Real Estate",5,1.3285027768707833,1.221855348429148,0.10664742844163544,False,-1.0700494762592818,inactive,1.0,0.09049445170679558
2007-03-31,0.015321857754493984,0.0066602921523821745,0.016553857754493983,0.3666666666666665,12.319999999999993,30,Transition,0.9999999392938311,1.0,"Energy,Information Technology,Consumer Discretionary","Energy,Information Technology,Consumer Discretionary","Materials,Utilities,Energy",2,1.3488579074444478,1.2299932620176368,0.11886464542681097,False,-1.0575976968743277,inactive,1.0,0.015321857754493984
2007-06-30,0.057759515385950984,0.06393221662110382,0.059327515385950984,0.46666666666666645,15.679999999999993,29,Transition,0.9999999999847375,1.0,"Information Technology,Real Estate,Energy","Information Technology,Real Estate,Energy","Energy,Industrials,Information Technology",6,1.4267672865029468,1.3086294576874464,0.11813782881550039,False,-0.967630303871394,inactive,1.0,0.057759515385950984
2007-09-30,0.07577274703496155,0.01910431582001837,0.07600447117289258,0.06896551724137931,2.317241379310345,29,Transition,1.0,1.0,"Real Estate,Energy,Information Technology","Real Estate,Energy,Information Technology","Energy,Health Care,Materials",3,1.5348773631808932,1.3336299281384867,0.2012474350424065,False,-0.40307835395097874,inactive,1.0,0.07577274703496155
2007-12-31,-0.006769111261374239,-0.036663081737782655,-0.010989257005507099,0.37931034482758613,12.744827586206895,29,Contraction,1.0,0.5,"Energy,Real Estate,Financials","Energy,Real Estate,Financials","Energy,Utilities,Consumer Staples",3,1.524487607536957,1.2847349450751921,0.23975266246176474,False,0.3920974836997667,inactive,1.0,-0.006769111261374239
2008-03-31,-0.03014203786469715,-0.09292565724430002,-0.057596075729394305,0.3999999999999998,13.439999999999994,30,Contraction,1.0,0.5,"Information Technology,Energy,Real Estate","Information Technology,Energy,Real Estate","Energy,Real Estate,Consumer Discretionary",4,1.4785364443463163,1.1653501059193603,0.313186338426956,False,1.4306022361860866,inactive,1.0,-0.03014203786469715
2008-06-30,0.02215230865852778,-0.02538356857823043,0.049456617317055564,0.7666666666666674,25.760000000000026,30,Contraction,1.0,0.5,"Information Technology,Utilities,Materials","Information Technology,Utilities,Materials","Energy,Information Technology,Utilities",1,1.5112894400243582,1.1357693615881082,0.37552007843625,False,1.016217252399286,inactive,1.0,0.02215230865852778
2008-09-30,-0.01660873481088415,-0.08844040073119197,-0.026497469621768292,1.0000000000000013,33.600000000000044,30,Contraction,1.0,0.5,"Consumer Discretionary,Real Estate,Industrials","Consumer Discretionary,Real Estate,Industrials","Real Estate,Consumer Staples,Consumer Discretionary",2,1.486188834492504,1.0353214641110458,0.4508673703814583,False,2.6278208841286177,inactive,1.0,-0.01660873481088415
2008-12-31,-0.09481631337585118,-0.21568626387121026,-0.18448062675170235,0.7666666666666674,25.760000000000026,30,Contraction,1.0,0.5,"Information Technology,Utilities,Consumer Discretionary","Information Technology,Utilities,Consumer Discretionary","Utilities,Consumer Staples,Health Care",1,1.3452738882255717,0.812016845611263,0.5332570426143087,True,4.476205066022322,cooling,0.5,-0.04740815668792559
2009-03-31,-0.017143223699964,-0.11248726846594148,-0.030702447399927998,0.5333333333333333,17.92,30,Contraction,1.0,0.5,"Information Technology,Consumer Discretionary,Health Care","Information Technology,Consumer Discretionary,Health Care","Information Technology,Consumer Discretionary,Materials",9,1.3222115570220003,0.7206752887001219,0.6015362683218785,True,3.4920792760310144,cooling,0.5,-0.008571611849982
2009-06-30,0.052785180309524,0.16284464005830301,0.110946360619048,0.8000000000000008,26.880000000000027,30,Contraction,1.0,0.5,"Consumer Discretionary,Real Estate,Financials","Consumer Discretionary,Real Estate,Financials","Real Estate,Financials,Materials",11,1.3920047324667433,0.8380333966874068,0.5539713357793364,False,1.3853169482148016,inactive,1.0,0.052785180309524
2009-09-30,0.08820380899371767,0.15381073114492017,0.17954361798743534,0.4666666666666666,15.68,30,Contraction,1.0,0.5,"Real Estate,Materials,Consumer Discretionary","Real Estate,Materials,Consumer Discretionary","Materials,Real Estate,Consumer Discretionary",2,1.5147848520075908,0.9669319261557578,0.547852925851833,False,0.5886413195740793,inactive,1.0,0.08820380899371767
2009-12-31,0.09318359976270046,0.06108540921304351,0.09407959976270046,0.26666666666666666,8.96,30,Transition,0.9885930853744844,1.0,"Consumer Discretionary,Materials,Real Estate","Consumer Discretionary,Materials,Real Estate","Information Technology,Health Care,Energy",2,1.6559379573836674,1.0259973585461386,0.6299405988375288,False,0.1250583534072248,inactive,1.0,0.09318359976270046
2010-03-31,0.036948814493105483,0.05421600279516525,0.039636814493105486,0.8000000000000008,26.880000000000027,30,Transition,0.9999552574057722,1.0,"Energy,Consumer Discretionary,Financials","Energy,Consumer Discretionary,Financials","Consumer Discretionary,Financials,Real Estate",9,1.7171229017831284,1.0816228342049081,0.6355000675782203,False,-0.04159138833587569,inactive,1.0,0.036948814493105483
2010-06-30,-0.032554308895419264,-0.11358113236029344,-0.06049640580704185,0.7000000000000005,23.520000000000017,30,Contraction,0.998482752570523,0.4992413762852615,"Real Estate,Energy,Utilities","Real Estate,Energy,Utilities","Utilities,Consumer Staples,Real Estate",1,1.661223152427082,0.9587708879091648,0.7024522645179172,False,0.34775366043199396,inactive,1.0,-0.032554308895419264
2010-09-30,0.1788514163833341,0.11161629866863731,0.1822114163833341,1.0000000000000013,33.600000000000044,30,Transition,0.5877536719917976,1.0,"Consumer Discretionary,Information Technology,Industrials","Consumer Discretionary,Information Technology,Industrials","Consumer Discretionary,Materials,Information Technology",10,1.958335266167453,1.0657853456888287,0.8925499204786242,False,0.08035565637358907,inactive,1.0,0.1788514163833341
2010-12-31,0.11672697464698677,0.10760891602426859,0.11952697464698676,0.8333333333333343,28.000000000000032,30,Transition,0.9999517562358006,1.0,"Materials,Consumer Discretionary,Real Estate","Materials,Consumer Discretionary,Real Estate","Energy,Materials,Communication Services",3,2.1869258171316814,1.180473351452954,1.0064524656787275,False,-0.1807942286299528,inactive,1.0,0.11672697464698677
2011-03-31,0.11916664815339048,0.058973735890740286,0.12163064815339049,0.733333333333334,24.640000000000022,30,Transition,0.9999721723482475,1.0,"Energy,Industrials,Real Estate","Energy,Industrials,Real Estate","Energy,Communication Services,Real Estate",6,2.4475344365193785,1.2500902751075975,1.197444161411781,False,-0.3756905790520657,inactive,1.0,0.11916664815339048
2011-06-30,0.02135675558848806,0.0002586030060409694,0.02382075558848806,0.7333333333333337,24.640000000000015,26,Transition,0.9999809618330769,1.0,"Energy,Communication Services,Utilities","Energy,Communication Services,Utilities","Health Care,Consumer Discretionary,Utilities",4,2.499805831274531,1.2504135522105628,1.249392279063968,False,-0.1691680697142827,inactive,1.0,0.02135675558848806
2011-09-30,-0.05842990853722614,-0.13817248411683591,-0.11125981720860441,0.833333333333334,28.000000000000025,30,Contraction,0.9999999987942445,0.49999999939712225,"Utilities,Information Technology,Real Estate","Utilities,Information Technology,Real Estate","Utilities,Consumer Staples,Consumer Discretionary",6,2.3537424051923352,1.0776408055282725,1.2761015996640628,False,0.771864503160142,inactive,1.0,-0.05842990853722614
2011-12-31,0.059949378244968245,0.11618170096118008,0.12527538478104594,0.8000000000000008,26.880000000000027,30,Contraction,0.9999949847201783,0.49999749236008917,"Information Technology,Industrials,Health Care","Information Technology,Industrials,Health Care","Energy,Industrials,Real Estate",4,2.494847798932432,1.2028429473397235,1.2920048515927083,False,0.3916658331900031,inactive,1.0,0.059949378244968245
2012-03-31,0.05044277080512549,0.12690859710178803,0.10762220246073942,1.0000000000000013,33.600000000000044,30,Contraction,0.9998451913256978,0.4999225956628489,"Materials,Real Estate,Financials","Materials,Real Estate,Financials","Consumer Discretionary,Financials,Information Technology",6,2.620694834647652,1.3554940583203878,1.2652007763272644,False,-0.004866219679271304,inactive,1.0,0.05044277080512549
2012-06-30,2.4816399755373105e-05,-0.028440659975483507,0.001480816399755373,0.4333333333333333,14.559999999999999,30,Transition,0.999999076909862,1.0,"Real Estate,Industrials,Materials","Real Estate,Industrials,Materials","Utilities,Consumer Staples,Real Estate",3,2.6207598708583055,1.3169429127089094,1.3038169581493961,False,0.13851803526909126,inactive,1.0,2.4816399755373105e-05
2012-09-30,0.08791537360529418,0.0634720645001039,0.09037937360529419,0.733333333333334,24.640000000000022,30,Transition,0.9999989044857177,1.0,"Consumer Discretionary,Industrials,Energy","Consumer Discretionary,Industrials,Energy","Energy,Materials,Financials",7,2.851164954034576,1.4005319982073239,1.4506329558272522,False,-0.08835480461495306,inactive,1.0,0.08791537360529418
2012-12-31,0.030482309047688443,-0.003820135503943778,0.03283430904768844,0.7000000000000005,23.520000000000017,30,Transition,0.9999963120675771,1.0,"Real Estate,Energy,Materials","Real Estate,Energy,Materials","Communication Services,Materials,Industrials",1,2.9380750453093962,1.3951817761965628,1.5428932691128334,False,-0.21791943481832066,inactive,1.0,0.030482309047688443
2013-03-31,0.1582383197968617,0.10502668385420466,0.1605903197968617,0.7000000000000003,23.52000000000001,27,Transition,0.9999953680821765,1.0,"Energy,Information Technology,Communication Services","Energy,Information Technology,Communication Services","Communication Services,Consumer Staples,Energy",6,3.4029911039162437,1.541713091524307,1.8612780123919368,False,-0.37264068583513316,inactive,1.0,0.1582383197968617
2013-06-30,0.018051726932932624,0.02935362132930952,0.018425060266265957,0.1111111111111111,3.7333333333333334,27,Transition,0.9999748272503823,1.0,"Communication Services,Energy,Information Technology","Communication Services,Energy,Information Technology","Communication Services,Financials,Information Technology",6,3.4644209700793382,1.5869679538113506,1.8774530162679877,False,-0.25210327478808653,inactive,1.0,0.018051726932932624
2013-09-30,0.06661861113022931,0.052417870465460537,0.0679875000191182,0.4074074074074072,13.688888888888883,27,Transition,0.9999478564387636,1.0,"Real Estate,Communication Services,Energy","Real Estate,Communication Services,Energy","Materials,Industrials,Communication Services",3,3.695215883476466,1.670153434447071,2.025062449029395,False,-0.37478562359671125,inactive,1.0,0.06661861113022931
2013-12-31,0.0772821331449326,0.10524791656716737,0.0786261331449326,0.39999999999999986,13.439999999999996,30,Transition,0.9985071568818712,1.0,"Energy,Real Estate,Materials","Energy,Real Estate,Materials","Financials,Industrials,Communication Services",3,3.980790049382564,1.8459336037701244,2.1348564456124395,False,-0.648010546112685,inactive,1.0,0.0772821331449326
2014-03-31,0.05341201270445885,0.017030705399410095,0.054868012704458846,0.4333333333333333,14.559999999999999,30,Transition,0.8291126889940902,1.0,"Energy,Real Estate,Health Care","Energy,Real Estate,Health Care","Utilities,Real Estate,Health Care",0,4.193412058073969,1.8773711551628047,2.3160409029111646,False,-0.718844465470961,inactive,1.0,0.05341201270445885
2014-06-30,0.07930257413815896,0.051589789878145886,0.08176657413815897,0.733333333333334,24.640000000000022,30,Transition,0.9999636981770781,1.0,"Energy,Consumer Discretionary,Information Technology","Energy,Consumer Discretionary,Information Technology","Energy,Real Estate,Communication Services",9,4.52596042870123,1.974224338580946,2.5517360901202837,False,-0.7915258242938767,inactive,1.0,0.07930257413815896
2014-09-30,-0.019022422595643067,0.011347662620508236,-0.017342422595643066,0.4999999999999998,16.799999999999994,27,Transition,0.9998712824780221,1.0,"Energy,Communication Services,Consumer Discretionary","Energy,Communication Services,Consumer Discretionary","Health Care,Consumer Staples,Information Technology",3,4.439865696775318,1.9966271703123586,2.443238526462959,False,-0.48892387284652855,inactive,1.0,-0.019022422595643067
2014-12-31,0.10782286323254207,0.04900243134676119,0.11118286323254208,1.0000000000000002,33.60000000000001,30,Transition,0.9995843438838455,1.0,"Information Technology,Industrials,Real Estate","Information Technology,Industrials,Real Estate","Real Estate,Utilities,Consumer Discretionary",2,4.918584728569577,2.094466756150668,2.824117972418909,False,-0.2672064770183347,inactive,1.0,0.10782286323254207
2015-03-31,0.00364393637031767,0.00881281988243976,0.0055479363703176705,0.5666666666666668,19.040000000000003,30,Transition,0.999992353999871,1.0,"Energy,Real Estate,Information Technology","Energy,Real Estate,Information Technology","Communication Services,Health Care,Materials",2,4.936507738352501,2.112924914422382,2.823582823930119,False,-0.3402438361816564,inactive,1.0,0.00364393637031767
2015-06-30,0.018185412508303425,0.0020410608411949305,0.020649412508303426,0.7333333333333334,24.640000000000004,27,Transition,0.9999887475557755,1.0,"Energy,Materials,Communication Services","Energy,Materials,Communication Services","Communication Services,Health Care,Materials",5,5.026280167924873,2.1172375227255946,2.9090426451992784,False,-0.27425534969106485,inactive,1.0,0.018185412508303425
2015-09-30,-0.015993783089789056,-0.0642399286836185,-0.04095833124629314,0.7333333333333335,24.640000000000008,30,Contraction,0.660660855952892,0.330330427976446,"Energy,Utilities,Information Technology","Energy,Utilities,Information Technology","Utilities,Consumer Staples,Real Estate",8,4.945890933170574,1.9812263352594213,2.9646645979111526,False,0.2897453394393592,inactive,1.0,-0.015993783089789056
2015-12-31,0.07705959554984498,0.07020496029855838,0.07963559554984499,0.7666666666666673,25.760000000000023,28,Transition,0.9999959250417803,1.0,"Information Technology,Health Care,Communication Services","Information Technology,Health Care,Communication Services","Health Care,Communication Services,Consumer Staples",11,5.327019288114344,2.1203182514687673,3.2067010366455766,False,0.40443370590837624,inactive,1.0,0.07705959554984498
2016-03-31,0.1060112761273971,0.013292783976563305,0.10844437957567296,0.7241379310344831,24.331034482758632,29,Transition,0.9999992748460755,1.0,"Materials,Utilities,Communication Services","Materials,Utilities,Communication Services","Utilities,Materials,Consumer Staples",4,5.8917434008026035,2.1485031839471063,3.7432402168554972,False,0.43299515337809197,inactive,1.0,0.1060112761273971
2016-06-30,0.06464265261427501,0.024568650496438194,0.06688265261427502,0.6666666666666669,22.400000000000006,30,Transition,0.9999999966294979,1.0,"Materials,Health Care,Financials","Materials,Health Care,Financials","Energy,Utilities,Consumer Staples",8,6.272601322753133,2.2012890077639873,4.071312314989147,False,0.13585589210839016,inactive,1.0,0.06464265261427501
2016-09-30,0.010053933688780011,0.03777268374847864,0.012517933688780014,0.733333333333334,24.640000000000022,30,Transition,0.9999999985353334,1.0,"Energy,Materials,Real Estate","Energy,Materials,Real Estate","Information Technology,Financials,Communication Services",1,6.335665640508247,2.284437601293259,4.051228039214989,False,-0.30309149866919044,inactive,1.0,0.010053933688780011
2016-12-31,0.038473862067378885,0.039517022187629314,0.040937862067378886,0.733333333333334,24.640000000000022,30,Transition,0.9999953120658523,1.0,"Consumer Staples,Energy,Information Technology","Consumer Staples,Energy,Information Technology","Financials,Industrials,Energy",1,6.579423166466192,2.3747117726698193,4.204711393796373,False,-0.5680291204152856,inactive,1.0,0.038473862067378885
2017-03-31,0.044090971956018306,0.059211514006146215,0.04711497195601831,0.9000000000000011,30.24000000000004,30,Transition,0.9999989589054029,1.0,"Health Care,Consumer Staples,Real Estate","Health Care,Consumer Staples,Real Estate","Information Technology,Health Care,Communication Services",3,6.86951632878563,2.515322052057819,4.354194276727811,False,-0.6695559687250935,inactive,1.0,0.044090971956018306
2017-06-30,0.010675099333336468,0.03070821054838202,0.012691099333336469,0.6000000000000002,20.160000000000007,30,Transition,0.9999990594098289,1.0,"Real Estate,Financials,Consumer Staples","Real Estate,Financials,Consumer Staples","Health Care,Financials,Industrials",3,6.942849097967393,2.5925630912293984,4.350286006737995,False,-0.7169672200457433,inactive,1.0,0.010675099333336468
2017-09-30,0.04800793533524777,0.044155620731721745,0.05080793533524777,0.8333333333333343,28.000000000000032,30,Transition,0.9999985508287408,1.0,"Utilities,Consumer Staples,Energy","Utilities,Consumer Staples,Energy","Information Technology,Energy,Materials",2,7.276160948504995,2.7070393238087838,4.569121624696212,False,-0.7861630670569132,inactive,1.0,0.04800793533524777
2017-12-31,0.09504495431686877,0.06764307527833568,0.09706095431686877,0.6000000000000002,20.160000000000007,30,Transition,0.9999918626323961,1.0,"Energy,Consumer Staples,Health Care","Energy,Consumer Staples,Health Care","Consumer Staples,Industrials,Consumer Discretionary",4,7.967723333457837,2.8901517885705963,5.07757154488724,False,-0.7534757298262825,inactive,1.0,0.09504495431686877
2018-03-31,0.010550126456541627,-0.009953093581353323,0.024025396772026822,0.4333333333333333,14.559999999999999,30,Contraction,0.9994529181320797,0.49972645906603985,"Energy,Health Care,Information Technology","Energy,Health Care,Information Technology","Information Technology,Health Care,Financials",8,8.051783822196553,2.8613858373546375,5.1903979848419155,False,-0.7131667429465579,inactive,1.0,0.010550126456541627
2018-06-30,-0.011907279835919379,0.03552441885400137,-0.009331279835919375,0.7666666666666674,25.760000000000026,30,Transition,0.9999999906794628,1.0,"Information Technology,Consumer Discretionary,Industrials","Information Technology,Consumer Discretionary,Industrials","Energy,Communication Services,Real Estate",5,7.95590897904733,2.963034906343731,4.992874072703599,False,-0.7088050452365642,inactive,1.0,-0.011907279835919379
2018-09-30,0.0235352054290224,0.07651151301259174,0.026335205429022405,0.8333333333333343,28.000000000000032,30,Transition,0.999999999275957,1.0,"Industrials,Communication Services,Energy","Industrials,Communication Services,Energy","Health Care,Industrials,Information Technology",2,8.143152931243813,3.1897411901372132,4.9534117411066,False,-0.8578840766631411,inactive,1.0,0.0235352054290224
2018-12-31,-0.0860691033416977,-0.13532126490605267,-0.0827091033416977,1.0000000000000013,33.600000000000044,30,Transition,0.999999998779181,1.0,"Utilities,Information Technology,Consumer Staples","Utilities,Information Technology,Consumer Staples","Utilities,Real Estate,Consumer Staples",6,7.442279060077341,2.7581013775649077,4.684177682512434,False,-0.10401616095514134,inactive,1.0,-0.0860691033416977
2019-03-31,0.20539365220459904,0.13526022116813552,0.20808165220459904,0.8000000000000008,26.880000000000027,30,Transition,0.9999999999530331,1.0,"Industrials,Information Technology,Consumer Discretionary","Industrials,Information Technology,Consumer Discretionary","Information Technology,Energy,Industrials",11,8.970875936952439,3.1311627798984762,5.839713157053962,False,-0.5693667512655067,inactive,1.0,0.20539365220459904
2019-06-30,0.056952359421391006,0.042286583063180894,0.06031235942139101,1.0000000000000013,33.600000000000044,30,Transition,0.9999998274139237,1.0,"Real Estate,Materials,Financials","Real Estate,Materials,Financials","Financials,Communication Services,Consumer Discretionary",6,9.481788487638461,3.2635689548749935,6.2182195327634675,False,-0.5576357975594854,inactive,1.0,0.056952359421391006
2019-09-30,-0.012923844892208346,0.017543954265990758,-0.00956384489220834,1.0000000000000013,33.600000000000044,30,Transition,0.9999999894062555,1.0,"Consumer Discretionary,Industrials,Health Care","Consumer Discretionary,Industrials,Health Care","Utilities,Real Estate,Consumer Staples",7,9.359247323923496,3.3208248593632277,6.038422464560268,False,-0.572081215777532,inactive,1.0,-0.012923844892208346
2019-12-31,0.030363335999775254,0.08987620256187934,0.03181933599977525,0.4333333333333333,14.559999999999999,30,Transition,0.9997981213471159,1.0,"Health Care,Consumer Discretionary,Industrials","Health Care,Consumer Discretionary,Industrials","Health Care,Information Technology,Materials",9,9.643425295124782,3.6192879870958814,6.024137308028901,False,-0.7237445411310857,inactive,1.0,0.030363335999775254
2020-03-31,-0.11249223718137553,-0.19447712377724125,-0.21826447436990054,1.0000000000000013,33.600000000000044,30,Contraction,0.999999999967244,0.499999999983622,"Materials,Financials,Consumer Staples","Materials,Financials,Consumer Staples","Consumer Staples,Health Care,Utilities",4,8.558614809584729,2.9154192692439533,5.643195540340775,False,1.2012329865758156,inactive,1.0,-0.11249223718137553
2020-06-30,0.2844882857967118,0.2016179682334367,0.28740028579671184,0.8666666666666677,29.120000000000037,30,Transition,0.999917057537098,1.0,"Consumer Discretionary,Energy,Financials","Consumer Discretionary,Energy,Financials","Energy,Consumer Discretionary,Information Technology",14,10.993440465557837,3.50322017885753,7.490220286700307,False,0.3284451083862078,inactive,1.0,0.2844882857967118
2020-09-30,0.12008506500125903,0.09038307337619034,0.12288506500125902,0.8333333333333343,28.000000000000032,30,Transition,0.9999996432044466,1.0,"Consumer Discretionary,Materials,Real Estate","Consumer Discretionary,Materials,Real Estate","Materials,Consumer Discretionary,Industrials",6,12.313588478451821,3.8198519853361605,8.49373649311566,False,-0.05550393871369373,inactive,1.0,0.12008506500125903
2020-12-31,0.14305231426401038,0.1211855114827296,0.14540431426401038,0.7000000000000005,23.520000000000017,30,Transition,0.9999993525142123,1.0,"Energy,Consumer Discretionary,Financials","Energy,Consumer Discretionary,Financials","Energy,Financials,Information Technology",10,14.075075807189009,4.282762701967443,9.792313105221567,False,-0.6358324018687592,inactive,1.0,0.14305231426401038
2021-03-31,0.045432595167571775,0.06351755458035702,0.09563950820356983,0.7000000000000005,23.520000000000017,30,Contraction,0.9992647612921994,0.4996323806460997,"Consumer Discretionary,Communication Services,Real Estate","Consumer Discretionary,Communication Services,Real Estate","Energy,Consumer Discretionary,Financials",4,14.714543028289912,4.554793315644377,10.159749712645535,False,-0.8187814359664175,inactive,1.0,0.045432595167571775
2021-06-30,0.08889906094383392,0.08359305480382706,0.09147506094383392,0.7666666666666674,25.760000000000026,30,Transition,0.9958783160733956,1.0,"Communication Services,Consumer Discretionary,Energy","Communication Services,Consumer Discretionary,Energy","Energy,Real Estate,Health Care",4,16.022652085722523,4.935542402899143,11.08710968282338,False,-0.9323600370469564,inactive,1.0,0.08889906094383392
2021-09-30,-0.016173058268771082,0.005734619570334942,-0.01382105826877108,0.7000000000000005,23.520000000000017,30,Transition,0.5701623240150584,1.0,"Financials,Industrials,Consumer Discretionary","Financials,Industrials,Consumer Discretionary","Real Estate,Health Care,Financials",8,15.763516799919886,4.963845860953026,10.799670938966859,False,-0.8828513176871061,inactive,1.0,-0.016173058268771082
2021-12-31,0.14642481493905243,0.11066007816216761,0.14978481493905244,1.0000000000000013,33.600000000000044,30,Transition,0.9999993897477865,1.0,"Consumer Staples,Information Technology,Health Care","Consumer Staples,Information Technology,Health Care","Information Technology,Real Estate,Materials",12,18.071686830136798,5.51314543191104,12.558541398225758,False,-0.8943187966705252,inactive,1.0,0.14642481493905243
2022-03-31,-0.06715626645586435,-0.046144814026213954,-0.06435626645586436,0.8333333333333343,28.000000000000032,30,Transition,0.9999999993488018,1.0,"Financials,Real Estate,Health Care","Financials,Real Estate,Health Care","Energy,Utilities,Materials",0,16.858059814065196,5.258742361256034,11.599317452809164,False,-0.763907851085125,inactive,1.0,-0.06715626645586435
2022-06-30,-0.10504289199762763,-0.16110248687713158,-0.10213089199762763,0.8666666666666677,29.120000000000037,30,Transition,0.9999999663885936,1.0,"Consumer Discretionary,Industrials,Health Care","Consumer Discretionary,Industrials,Health Care","Consumer Staples,Utilities,Energy",10,15.0872404577268,4.411545889011568,10.675694568715233,False,0.16832300969183045,inactive,1.0,-0.10504289199762763
2022-09-30,-0.007973697420899725,-0.04931166668392728,-0.00461369742089972,1.0000000000000013,33.600000000000044,30,Transition,0.9999999999510436,1.0,"Information Technology,Energy,Materials","Information Technology,Energy,Materials","Energy,Consumer Discretionary,Industrials",7,14.96693936740053,4.19400520857178,10.77293415882875,False,0.002334512847585376,inactive,1.0,-0.007973697420899725
2022-12-31,0.1008344006635975,0.07560941570150903,0.1026264006635975,0.5333333333333333,17.92,30,Transition,0.9999999999998721,1.0,"Materials,Consumer Discretionary,Information Technology","Materials,Consumer Discretionary,Information Technology","Energy,Health Care,Industrials",7,16.476121728280766,4.511111491840978,11.965010236439788,False,-0.23391301270081896,inactive,1.0,0.1008344006635975
2023-03-31,0.03581812910812278,0.0745821145743446,0.03749812910812278,0.49999999999999994,16.799999999999997,30,Transition,0.9999999999999432,1.0,"Consumer Discretionary,Materials,Real Estate","Consumer Discretionary,Materials,Real Estate","Information Technology,Communication Services,Consumer Discretionary",4,17.066265583545473,4.847559725983105,12.218705857562368,False,-0.32016160195641047,inactive,1.0,0.03581812910812278
2023-06-30,0.044432821753057676,0.08680367841565872,0.04712082175305768,0.8000000000000008,26.880000000000027,30,Transition,1.0,1.0,"Consumer Discretionary,Financials,Health Care","Consumer Discretionary,Financials,Health Care","Consumer Discretionary,Industrials,Information Technology",7,17.82456792020949,5.268345741538042,12.556222178671447,False,-0.5239848819537595,inactive,1.0,0.044432821753057676
2023-09-30,-0.0409070335754377,-0.03224170402360227,-0.0384430335754377,0.733333333333334,24.640000000000022,30,Transition,0.9999999999993037,1.0,"Consumer Discretionary,Financials,Materials","Consumer Discretionary,Financials,Materials","Energy,Financials,Information Technology",4,17.09541772182981,5.098485297445367,11.996932424384443,False,-0.5279470256876928,inactive,1.0,-0.0409070335754377
2023-12-31,0.1598290102878368,0.11639626325834862,0.1625170102878368,0.8000000000000008,26.880000000000027,30,Transition,0.9999999999991545,1.0,"Consumer Discretionary,Industrials,Health Care","Consumer Discretionary,Industrials,Health Care","Real Estate,Information Technology,Financials",8,19.827761416767014,5.691929934345638,14.135831482421377,False,-0.7745867782151024,inactive,1.0,0.1598290102878368
2024-03-31,0.08508713165564882,0.10390114858555854,0.08777513165564882,0.8000000000000008,26.880000000000027,30,Transition,0.9999999999738876,1.0,"Real Estate,Energy,Consumer Discretionary","Real Estate,Energy,Consumer Discretionary","Energy,Industrials,Financials",6,21.514848762872262,6.283327992192673,15.23152077067959,False,-0.8627964200919278,inactive,1.0,0.08508713165564882
2024-06-30,-0.010916804233085536,0.04379074278216222,-0.008340804233085534,0.7666666666666674,25.760000000000026,30,Transition,0.9999999999980602,1.0,"Consumer Discretionary,Health Care,Industrials","Consumer Discretionary,Health Care,Industrials","Information Technology,Utilities,Real Estate",1,21.279975370823543,6.558479592114742,14.7214957787088,False,-0.8325657461102892,inactive,1.0,-0.010916804233085536
2024-09-30,0.10440638494753293,0.05751328200282613,0.10642238494753294,0.6000000000000002,20.160000000000007,30,Transition,0.9999999751515961,1.0,"Health Care,Industrials,Consumer Staples","Health Care,Industrials,Consumer Staples","Utilities,Real Estate,Industrials",7,23.501740671063764,6.935679278405818,16.566061392657947,False,-0.897002037644469,inactive,1.0,0.10440638494753293
2024-12-31,-0.02981136220366128,0.02491046095518823,-0.026451362203661274,1.0000000000000013,33.600000000000044,30,Transition,0.9999999952129457,1.0,"Communication Services,Real Estate,Materials","Communication Services,Real Estate,Materials","Communication Services,Financials,Consumer Discretionary",2,22.801121767502163,7.108450246268254,15.692671521233908,False,-0.9313758612956596,inactive,1.0,-0.02981136220366128
2025-03-31,0.008233032033156229,-0.04266874248357533,0.011593032033156233,1.0000000000000013,33.600000000000044,30,Transition,0.9999999720013482,1.0,"Health Care,Industrials,Consumer Staples","Health Care,Industrials,Consumer Staples","Energy,Utilities,Communication Services",9,22.988844133405905,6.8051416132529265,16.183702520152977,False,-0.6761917746791566,inactive,1.0,0.008233032033156229
2025-06-30,0.17763149943587303,0.10777193894992232,0.18099149943587303,1.0000000000000013,33.600000000000044,30,Transition,0.9999999667513256,1.0,"Information Technology,Consumer Discretionary,Communication Services","Information Technology,Consumer Discretionary,Communication Services","Information Technology,Communication Services,Industrials",13,27.072386987120368,7.538544919741997,19.53384206737837,False,-0.9037489281902665,inactive,1.0,0.17763149943587303
2025-09-30,0.006244406783919849,0.08121220551160557,0.009604406783919854,1.0000000000000013,33.600000000000044,30,Transition,0.9999999830787091,1.0,"Health Care,Energy,Consumer Staples","Health Care,Energy,Consumer Staples","Information Technology,Utilities,Consumer Discretionary",1,27.241437984079646,8.150766779022554,19.09067120505709,False,-0.9588069807542481,inactive,1.0,0.006244406783919849
2025-12-31,0.04954079793861841,0.026651967886897054,0.051556797938618414,0.6000000000000002,20.160000000000007,30,Transition,0.9999999081801831,1.0,"Health Care,Consumer Staples,Information Technology","Health Care,Consumer Staples,Information Technology","Health Care,Materials,Financials",12,28.59100055880634,8.36800075347065,20.22299980533569,False,-0.9479179688613807,inactive,1.0,0.04954079793861841
