Window,TrainStart,TrainEnd,TestStart,TestEnd,TrainN,TestN,Port_Train_Sharpe,Port_Test_Sharpe,SPY_Train_Sharpe,SPY_Test_Sharpe,Sharpe_Decay_TestOverTrain,Port_Test_CAGR,SPY_Test_CAGR,Port_Test_Alpha_CAGR,Port_Test_HitRateVsSPY
1,2005-09-30,2013-06-30,2013-09-30,2015-06-30,32,8,1.3810864242074683,2.3601366729272732,0.33404808560853766,2.2479296566181,1.7088986116708231,0.20450336336878117,0.1550498088889014,0.04945355447987976,0.625
2,2006-09-30,2014-06-30,2014-09-30,2016-06-30,32,8,1.5843158812699918,1.6881546217752352,0.42917954174422135,0.7123226184037331,1.0655416900958794,0.17724936915072242,0.055942528544741243,0.12130684060598118,0.75
3,2007-09-30,2015-06-30,2015-09-30,2017-06-30,32,8,1.381837459883183,2.189082751842328,0.3462668106160413,1.3030370728013623,1.5841825217459389,0.17529128725292398,0.10657250701299104,0.06871878023993294,0.5
4,2008-09-30,2016-06-30,2016-09-30,2018-06-30,32,8,1.5836311236706329,1.89927874690226,0.49072771630999995,3.470904847165402,1.1993189060965166,0.1262143591930842,0.160191959703593,-0.0339776005105088,0.375
5,2009-09-30,2017-06-30,2017-09-30,2019-06-30,32,8,2.058369229168067,0.9936017893400613,1.1850380868858814,0.7697720038169024,0.4827130989230554,0.16862794863535724,0.12197125299105993,0.04665669564429731,0.75
6,2010-09-30,2018-06-30,2018-09-30,2020-06-30,32,8,2.031612363036562,0.6460678881641725,1.383561713727828,0.3277116270608823,0.31800746043807543,0.17549804587098694,0.08733992057232554,0.0881581252986614,0.625
7,2011-09-30,2019-06-30,2019-09-30,2021-06-30,32,8,1.5689395781588478,1.2774637581625161,1.020679729718131,0.9980788463533208,0.8142211312310744,0.2999362950083524,0.2297619377785023,0.0701743572298501,0.625
8,2012-09-30,2020-06-30,2020-09-30,2022-06-30,32,8,1.3027844873631498,0.8810583644517005,0.9181059832836197,0.6326234010329954,0.6762886517280352,0.1714886671152991,0.12217782806072752,0.049310839054571565,0.625
9,2013-09-30,2021-06-30,2021-09-30,2023-06-30,32,8,1.3980637251413057,0.3284875126926991,1.0551100017990995,0.1784647920934308,0.2349588983572713,0.054732441459623304,0.033165012055833554,0.02156742940378975,0.5
10,2014-09-30,2022-06-30,2022-09-30,2024-06-30,32,8,0.9555905503330924,1.4028971641309746,0.647530711688153,1.780472367910052,1.4680944298167196,0.18762861881283666,0.21928767883523492,-0.03165906002239827,0.375
11,2015-09-30,2023-06-30,2023-09-30,2025-06-30,32,8,1.018215169917585,1.3446912409494263,0.719427590664487,1.5892494407590039,1.320635638395513,0.23240590115928517,0.1962077983126298,0.03619810284665537,0.5
