Date,PortRet,SPYRet,PredSectors,PredSectorNames,RealTopSectors,TopStocksInPredSectors,PortEq,SPYEq,AlphaEq
2005-09-30,-0.001,0.03678243694387895,,,"Energy,Information Technology,Industrials",0,0.999,1.036782436943879,-0.03778243694387895
2005-12-31,0.049437574023298396,0.01731135139303608,"Consumer Discretionary,Real Estate,Materials","Consumer Discretionary,Real Estate,Materials","Financials,Materials,Industrials",2,1.048388136449275,1.0547305420279427,-0.006342405578667609
2006-03-31,0.06876650218196122,0.046874135937976735,"Energy,Information Technology,Consumer Discretionary","Energy,Information Technology,Consumer Discretionary","Real Estate,Industrials,Information Technology",5,1.1204821215219565,1.1041701248328963,0.016311996689060138
2006-06-30,-0.0006291115948982527,-0.0153079917126685,"Information Technology,Consumer Staples,Utilities","Information Technology,Consumer Staples,Utilities","Communication Services,Utilities,Consumer Staples",3,1.1197772132274308,1.0872674977125782,0.0325097155148526
2006-09-30,0.09387690479722124,0.054113089023990035,"Real Estate,Information Technology,Consumer Discretionary","Real Estate,Information Technology,Consumer Discretionary","Real Estate,Communication Services,Information Technology",8,1.2248984320676801,1.1461029006091898,0.07879553145849028
2006-12-31,0.0912366739290178,0.06609567760424762,"Energy,Real Estate,Consumer Discretionary","Energy,Real Estate,Consumer Discretionary","Utilities,Consumer Discretionary,Real Estate",5,1.336654090910404,1.221855348429148,0.11479874248125621
2007-03-31,0.015553857754493982,0.0066602921523821745,"Energy,Information Technology,Consumer Discretionary","Energy,Information Technology,Consumer Discretionary","Materials,Utilities,Energy",2,1.357444218507387,1.2299932620176368,0.12745095648975013
2007-06-30,0.05832751538595098,0.06393221662110382,"Information Technology,Real Estate,Energy","Information Technology,Real Estate,Energy","Energy,Industrials,Information Technology",6,1.4366205670479468,1.3086294576874464,0.1279911093605004
2007-09-30,0.07500447117289258,0.01910431582001837,"Real Estate,Energy,Information Technology","Real Estate,Energy,Information Technology","Energy,Health Care,Materials",3,1.544373532955479,1.3336299281384867,0.2107436048169924
2007-12-31,-0.011989257005507098,-0.036663081737782655,"Energy,Real Estate,Financials","Energy,Real Estate,Financials","Energy,Utilities,Consumer Staples",3,1.5258576417563727,1.2847349450751921,0.24112269668118058
2008-03-31,-0.058596075729394306,-0.09292565724430002,"Information Technology,Energy,Real Estate","Information Technology,Energy,Real Estate","Energy,Real Estate,Consumer Discretionary",4,1.4364483718277414,1.1653501059193603,0.27109826590838115
2008-06-30,0.04845661731705556,-0.02538356857823043,"Information Technology,Utilities,Materials","Information Technology,Utilities,Materials","Energy,Information Technology,Utilities",1,1.5060538008771058,1.1357693615881082,0.3702844392889977
2008-09-30,-0.027497469621768293,-0.08844040073119197,"Consumer Discretionary,Real Estate,Industrials","Consumer Discretionary,Real Estate,Industrials","Real Estate,Consumer Staples,Consumer Discretionary",2,1.464641132238739,1.0353214641110458,0.4293196681276932
2008-12-31,-0.18548062675170235,-0.21568626387121026,"Information Technology,Utilities,Consumer Discretionary","Information Technology,Utilities,Consumer Discretionary","Utilities,Consumer Staples,Health Care",1,1.1929785770647745,0.812016845611263,0.38096173145351153
2009-03-31,-0.031702447399927995,-0.11248726846594148,"Information Technology,Consumer Discretionary,Health Care","Information Technology,Consumer Discretionary,Health Care","Information Technology,Consumer Discretionary,Materials",9,1.1551582364761375,0.7206752887001219,0.4344829477760156
2009-06-30,0.109946360619048,0.16284464005830301,"Consumer Discretionary,Real Estate,Financials","Consumer Discretionary,Real Estate,Financials","Real Estate,Financials,Materials",11,1.2821636805158065,0.8380333966874068,0.4441302838283997
2009-09-30,0.17854361798743534,0.15381073114492017,"Real Estate,Materials,Consumer Discretionary","Real Estate,Materials,Consumer Discretionary","Materials,Real Estate,Consumer Discretionary",2,1.5110858228871848,0.9669319261557578,0.544153896731427
2009-12-31,0.09307959976270046,0.06108540921304351,"Consumer Discretionary,Materials,Real Estate","Consumer Discretionary,Materials,Real Estate","Information Technology,Health Care,Energy",2,1.651737086488615,1.0259973585461386,0.6257397279424763
2010-03-31,0.038636814493105485,0.05421600279516525,"Energy,Consumer Discretionary,Financials","Energy,Consumer Discretionary,Financials","Consumer Discretionary,Financials,Real Estate",9,1.715554945890658,1.0816228342049081,0.6339321116857499
2010-06-30,-0.061496405807041854,-0.11358113236029344,"Real Estate,Energy,Utilities","Real Estate,Energy,Utilities","Utilities,Consumer Staples,Real Estate",1,1.6100544827538885,0.9587708879091648,0.6512835948447238
2010-09-30,0.1812114163833341,0.11161629866863731,"Consumer Discretionary,Information Technology,Industrials","Consumer Discretionary,Information Technology,Industrials","Consumer Discretionary,Materials,Information Technology",10,1.9018147360280568,1.0657853456888287,0.8360293903392282
2010-12-31,0.11852697464698676,0.10760891602426859,"Materials,Consumer Discretionary,Real Estate","Materials,Consumer Discretionary,Real Estate","Energy,Materials,Communication Services",3,2.12723108302852,1.180473351452954,0.9467577315755662
2011-03-31,0.12063064815339049,0.058973735890740286,"Energy,Industrials,Real Estate","Energy,Industrials,Real Estate","Energy,Communication Services,Real Estate",6,2.3838403473462892,1.2500902751075975,1.1337500722386917
2011-06-30,0.02282075558848806,0.0002586030060409694,"Energy,Communication Services,Utilities","Energy,Communication Services,Utilities","Health Care,Consumer Discretionary,Utilities",4,2.4382413852750555,1.2504135522105628,1.1878278330644927
2011-09-30,-0.11225981720860441,-0.13817248411683591,"Utilities,Information Technology,Real Estate","Utilities,Information Technology,Real Estate","Utilities,Consumer Staples,Consumer Discretionary",6,2.1645248530536234,1.0776408055282725,1.086884047525351
2011-12-31,0.12427538478104594,0.11618170096118008,"Information Technology,Industrials,Health Care","Information Technology,Industrials,Health Care","Energy,Industrials,Real Estate",4,2.4335220120349996,1.2028429473397235,1.230679064695276
2012-03-31,0.10662220246073942,0.12690859710178803,"Materials,Real Estate,Financials","Materials,Real Estate,Financials","Consumer Discretionary,Financials,Information Technology",6,2.6929894886948613,1.3554940583203878,1.3374954303744735
2012-06-30,0.0004808163997553729,-0.028440659975483507,"Real Estate,Industrials,Materials","Real Estate,Industrials,Materials","Utilities,Consumer Staples,Real Estate",3,2.6942843222053945,1.3169429127089094,1.377341409496485
2012-09-30,0.08937937360529419,0.0634720645001039,"Consumer Discretionary,Industrials,Energy","Consumer Discretionary,Industrials,Energy","Energy,Materials,Financials",7,2.9350977672386773,1.4005319982073239,1.5345657690313534
2012-12-31,0.03183430904768844,-0.003820135503943778,"Real Estate,Energy,Materials","Real Estate,Energy,Materials","Communication Services,Materials,Industrials",1,3.0285345766461336,1.3951817761965628,1.6333528004495708
2013-03-31,0.1595903197968617,0.10502668385420466,"Energy,Information Technology,Communication Services","Energy,Information Technology,Communication Services","Communication Services,Consumer Staples,Energy",6,3.5118593782489436,1.541713091524307,1.9701462867246367
2013-06-30,0.017425060266265956,0.02935362132930952,"Communication Services,Energy,Information Technology","Communication Services,Energy,Information Technology","Communication Services,Financials,Information Technology",6,3.573053739561583,1.5869679538113506,1.9860857857502323
2013-09-30,0.0669875000191182,0.052417870465460537,"Real Estate,Communication Services,Energy","Real Estate,Communication Services,Energy","Materials,Industrials,Communication Services",3,3.812403677008775,1.670153434447071,2.142250242561704
2013-12-31,0.0776261331449326,0.10524791656716737,"Energy,Real Estate,Materials","Energy,Real Estate,Materials","Financials,Industrials,Communication Services",3,4.108345832442489,1.8459336037701244,2.262412228672365
2014-03-31,0.053868012704458845,0.017030705399410095,"Energy,Real Estate,Health Care","Energy,Real Estate,Health Care","Utilities,Real Estate,Health Care",0,4.329654257938811,1.8773711551628047,2.452283102776007
2014-06-30,0.08076657413815896,0.051589789878145886,"Energy,Consumer Discretionary,Information Technology","Energy,Consumer Discretionary,Information Technology","Energy,Real Estate,Communication Services",9,4.679345599555222,1.974224338580946,2.705121260974276
2014-09-30,-0.018342422595643067,0.011347662620508236,"Energy,Communication Services,Consumer Discretionary","Energy,Communication Services,Consumer Discretionary","Health Care,Consumer Staples,Information Technology",3,4.593515065097117,1.9966271703123586,2.5968878947847585
2014-12-31,0.11018286323254207,0.04900243134676119,"Information Technology,Industrials,Real Estate","Information Technology,Industrials,Real Estate","Real Estate,Utilities,Consumer Discretionary",2,5.099641707271335,2.094466756150668,3.005174951120667
2015-03-31,0.0045479363703176704,0.00881281988243976,"Energy,Real Estate,Information Technology","Energy,Real Estate,Information Technology","Communication Services,Health Care,Materials",2,5.122834553267423,2.112924914422382,3.0099096388450413
2015-06-30,0.019649412508303425,0.0020410608411949305,"Energy,Materials,Communication Services","Energy,Materials,Communication Services","Communication Services,Health Care,Materials",5,5.223495242616364,2.1172375227255946,3.1062577198907695
2015-09-30,-0.04195833124629314,-0.0642399286836185,"Energy,Utilities,Information Technology","Energy,Utilities,Information Technology","Utilities,Consumer Staples,Real Estate",8,5.00432609896323,1.9812263352594213,3.023099763703809
2015-12-31,0.07863559554984499,0.07020496029855838,"Information Technology,Health Care,Communication Services","Information Technology,Health Care,Communication Services","Health Care,Communication Services,Consumer Staples",11,5.397844262080836,2.1203182514687673,3.277526010612069
2016-03-31,0.10744437957567296,0.013292783976563305,"Materials,Utilities,Communication Services","Materials,Utilities,Communication Services","Utilities,Materials,Consumer Staples",4,5.977812289866218,2.1485031839471063,3.829309105919112
2016-06-30,0.06588265261427502,0.024568650496438194,"Materials,Health Care,Financials","Materials,Health Care,Financials","Energy,Utilities,Consumer Staples",8,6.3716464203528185,2.2012890077639873,4.170357412588832
2016-09-30,0.011517933688780013,0.03777268374847864,"Energy,Materials,Real Estate","Energy,Materials,Real Estate","Information Technology,Financials,Communication Services",1,6.445034621310795,2.284437601293259,4.160597020017537
2016-12-31,0.039937862067378885,0.039517022187629314,"Consumer Staples,Energy,Information Technology","Consumer Staples,Energy,Information Technology","Financials,Industrials,Energy",1,6.702435525036187,2.3747117726698193,4.327723752366368
2017-03-31,0.04611497195601831,0.059211514006146215,"Health Care,Consumer Staples,Real Estate","Health Care,Consumer Staples,Real Estate","Information Technology,Health Care,Communication Services",3,7.011518151310252,2.515322052057819,4.496196099252433
2017-06-30,0.01169109933333647,0.03070821054838202,"Real Estate,Financials,Consumer Staples","Real Estate,Financials,Consumer Staples","Health Care,Financials,Industrials",3,7.093490506494713,2.5925630912293984,4.5009274152653145
2017-09-30,0.04980793533524777,0.044155620731721745,"Utilities,Consumer Staples,Energy","Utilities,Consumer Staples,Energy","Information Technology,Energy,Materials",2,7.446802622943396,2.7070393238087838,4.739763299134612
2017-12-31,0.09606095431686877,0.06764307527833568,"Energy,Consumer Staples,Health Care","Energy,Consumer Staples,Health Care","Consumer Staples,Industrials,Consumer Discretionary",4,8.1621495895127,2.8901517885705963,5.271997800942103
2018-03-31,0.02302539677202682,-0.009953093581353323,"Energy,Health Care,Information Technology","Energy,Health Care,Information Technology","Information Technology,Health Care,Financials",8,8.350086322323866,2.8613858373546375,5.488700484969229
2018-06-30,-0.010331279835919374,0.03552441885400137,"Information Technology,Consumer Discretionary,Industrials","Information Technology,Consumer Discretionary,Industrials","Energy,Communication Services,Real Estate",5,8.263819243873856,2.963034906343731,5.300784337530125
2018-09-30,0.025335205429022404,0.07651151301259174,"Industrials,Communication Services,Energy","Industrials,Communication Services,Energy","Health Care,Industrials,Information Technology",2,8.473184802045708,3.1897411901372132,5.283443611908495
2018-12-31,-0.0837091033416977,-0.13532126490605267,"Utilities,Information Technology,Consumer Staples","Utilities,Information Technology,Consumer Staples","Utilities,Real Estate,Consumer Staples",6,7.763902099817962,2.7581013775649077,5.0058007222530545
2019-03-31,0.20708165220459904,0.13526022116813552,"Industrials,Information Technology,Consumer Discretionary","Industrials,Information Technology,Consumer Discretionary","Information Technology,Energy,Industrials",11,9.371663774203022,3.1311627798984762,6.240500994304545
2019-06-30,0.05931235942139101,0.042286583063180894,"Real Estate,Materials,Financials","Real Estate,Materials,Financials","Financials,Communication Services,Consumer Discretionary",6,9.92751926435498,3.2635689548749935,6.663950309479987
2019-09-30,-0.010563844892208341,0.017543954265990758,"Consumer Discretionary,Industrials,Health Care","Consumer Discretionary,Industrials,Health Care","Utilities,Real Estate,Consumer Staples",7,9.822646490681924,3.3208248593632277,6.5018216313186965
2019-12-31,0.030819335999775252,0.08987620256187934,"Health Care,Consumer Discretionary,Industrials","Health Care,Consumer Discretionary,Industrials","Health Care,Information Technology,Materials",9,10.125373933285264,3.6192879870958814,6.5060859461893825
2020-03-31,-0.21926447436990054,-0.19447712377724125,"Materials,Financials,Consumer Staples","Materials,Financials,Consumer Staples","Consumer Staples,Health Care,Utilities",4,7.9052391400047775,2.9154192692439533,4.989819870760824
2020-06-30,0.28640028579671184,0.2016179682334367,"Consumer Discretionary,Energy,Financials","Consumer Discretionary,Energy,Financials","Energy,Consumer Discretionary,Information Technology",14,10.169301888993498,3.50322017885753,6.666081710135968
2020-09-30,0.12188506500125902,0.09038307337619034,"Consumer Discretionary,Materials,Real Estate","Consumer Discretionary,Materials,Real Estate","Materials,Consumer Discretionary,Industrials",6,11.408787910750897,3.8198519853361605,7.588935925414736
2020-12-31,0.14440431426401037,0.1211855114827296,"Energy,Consumer Discretionary,Financials","Energy,Consumer Discretionary,Financials","Energy,Financials,Information Technology",10,13.056266105586412,4.282762701967443,8.773503403618967
2021-03-31,0.09463950820356982,0.06351755458035702,"Consumer Discretionary,Communication Services,Real Estate","Consumer Discretionary,Communication Services,Real Estate","Energy,Consumer Discretionary,Financials",4,14.291904708794048,4.554793315644377,9.737111393149672
2021-06-30,0.09047506094383392,0.08359305480382706,"Communication Services,Consumer Discretionary,Energy","Communication Services,Consumer Discretionary,Energy","Energy,Real Estate,Health Care",4,15.584965658325656,4.935542402899143,10.649423255426512
2021-09-30,-0.01482105826877108,0.005734619570334942,"Financials,Industrials,Consumer Discretionary","Financials,Industrials,Consumer Discretionary","Real Estate,Health Care,Financials",8,15.353979974186814,4.963845860953026,10.390134113233788
2021-12-31,0.14878481493905243,0.11066007816216761,"Consumer Staples,Information Technology,Health Care","Consumer Staples,Information Technology,Health Care","Information Technology,Real Estate,Materials",12,17.63841904322412,5.51314543191104,12.125273611313078
2022-03-31,-0.06535626645586436,-0.046144814026213954,"Financials,Real Estate,Health Care","Financials,Real Estate,Health Care","Energy,Utilities,Materials",0,16.485637828374973,5.258742361256034,11.22689546711894
2022-06-30,-0.10313089199762764,-0.16110248687713158,"Consumer Discretionary,Industrials,Health Care","Consumer Discretionary,Industrials,Health Care","Consumer Staples,Utilities,Energy",10,14.785459293984829,4.411545889011568,10.373913404973262
2022-09-30,-0.00561369742089972,-0.04931166668392728,"Information Technology,Energy,Materials","Information Technology,Energy,Materials","Energy,Consumer Discretionary,Industrials",7,14.70245819927937,4.19400520857178,10.508452990707589
2022-12-31,0.1016264006635975,0.07560941570150903,"Materials,Consumer Discretionary,Information Technology","Materials,Consumer Discretionary,Information Technology","Energy,Health Care,Industrials",7,16.19661610697913,4.511111491840978,11.68550461513815
2023-03-31,0.03649812910812278,0.0745821145743446,"Consumer Discretionary,Materials,Real Estate","Consumer Discretionary,Materials,Real Estate","Information Technology,Communication Services,Consumer Discretionary",4,16.787762292766352,4.847559725983105,11.940202566783247
2023-06-30,0.04612082175305768,0.08680367841565872,"Consumer Discretionary,Financials,Health Care","Consumer Discretionary,Financials,Health Care","Consumer Discretionary,Industrials,Information Technology",7,17.562027685103732,5.268345741538042,12.29368194356569
2023-09-30,-0.0394430335754377,-0.03224170402360227,"Consumer Discretionary,Financials,Materials","Consumer Discretionary,Financials,Materials","Energy,Financials,Information Technology",4,16.86932803746742,5.098485297445367,11.77084274002205
2023-12-31,0.1615170102878368,0.11639626325834862,"Consumer Discretionary,Industrials,Health Care","Consumer Discretionary,Industrials,Health Care","Real Estate,Information Technology,Financials",8,19.594011467643938,5.691929934345638,13.9020815332983
2024-03-31,0.08677513165564882,0.10390114858555854,"Real Estate,Energy,Consumer Discretionary","Real Estate,Energy,Consumer Discretionary","Energy,Industrials,Financials",6,21.294284392411033,6.283327992192673,15.01095640021836
2024-06-30,-0.009340804233085535,0.04379074278216222,"Consumer Discretionary,Health Care,Industrials","Consumer Discretionary,Health Care,Industrials","Information Technology,Utilities,Real Estate",1,21.09537865061787,6.558479592114742,14.536899058503128
2024-09-30,0.10542238494753293,0.05751328200282613,"Health Care,Industrials,Consumer Staples","Health Care,Industrials,Consumer Staples","Utilities,Real Estate,Industrials",7,23.319303779337275,6.935679278405818,16.383624500931457
2024-12-31,-0.027451362203661275,0.02491046095518823,"Communication Services,Real Estate,Materials","Communication Services,Real Estate,Materials","Communication Services,Financials,Consumer Discretionary",2,22.67915712495348,7.108450246268254,15.570706878685225
2025-03-31,0.010593032033156233,-0.04266874248357533,"Health Care,Industrials,Consumer Staples","Health Care,Industrials,Consumer Staples","Energy,Utilities,Communication Services",9,22.919398162863097,6.8051416132529265,16.114256549610168
2025-06-30,0.17999149943587303,0.10777193894992232,"Information Technology,Consumer Discretionary,Communication Services","Information Technology,Consumer Discretionary,Communication Services","Information Technology,Communication Services,Industrials",13,27.04469500436462,7.538544919741997,19.50615008462262
2025-09-30,0.008604406783919855,0.08121220551160557,"Health Care,Energy,Consumer Staples","Health Care,Energy,Consumer Staples","Information Technology,Utilities,Consumer Discretionary",1,27.27739856152922,8.150766779022554,19.126631782506667
2025-12-31,0.05055679793861841,0.026651967886897054,"Health Care,Consumer Staples,Information Technology","Health Care,Consumer Staples,Information Technology","Health Care,Materials,Financials",12,28.656456488895614,8.36800075347065,20.288455735424964
