variant,LE,LX,SE,SX,combined_net_sharpe,combined_net_annret,combined_net_annvol,combined_net_maxdd,combined_gross_sharpe,combined_corr_to_bench,combined_beta_to_bench,combined_final_eq_net,avg_market_reb_turnover,spx_net_sharpe,spx_net_annret,spx_net_annvol,spx_net_maxdd,spx_gross_sharpe,spx_corr_to_bench,spx_beta_to_bench,spx_final_eq_net,spx_avg_reb_turn,spx_n_days,spx_median_tradable,spx_n_names,spx_miss_open,spx_miss_close,ftse100_net_sharpe,ftse100_net_annret,ftse100_net_annvol,ftse100_net_maxdd,ftse100_gross_sharpe,ftse100_corr_to_bench,ftse100_beta_to_bench,ftse100_final_eq_net,ftse100_avg_reb_turn,ftse100_n_days,ftse100_median_tradable,ftse100_n_names,ftse100_miss_open,ftse100_miss_close,ftse250_net_sharpe,ftse250_net_annret,ftse250_net_annvol,ftse250_net_maxdd,ftse250_gross_sharpe,ftse250_corr_to_bench,ftse250_beta_to_bench,ftse250_final_eq_net,ftse250_avg_reb_turn,ftse250_n_days,ftse250_median_tradable,ftse250_n_names,ftse250_miss_open,ftse250_miss_close,error
BASE symmetric (from SPX run),0.05,0.1,0.95,0.9,1.751867054499231,0.16624816607061477,0.08778742672403345,-0.07302438449472226,2.0231210243698956,0.06302400585252671,0.03448814373635576,2.4947971157900954,1.9807894015356284,0.9249986170161286,0.14090281821154282,0.1425082074258877,-0.17018886868871685,1.0977179837768496,0.043377695777396585,0.029769219304639927,2.225122523055665,1.9862792047178852,1529,497.0,503,0.012842942345924454,0.012842942345924454,0.6936852364724897,0.10336574379389707,0.141801021785348,-0.19386271271102218,0.8652773825387776,0.04802547783676848,0.04091132493394962,1.8227392467529235,1.98815873015873,1539,98.0,100,0.013262820512820512,0.013262820512820512,1.8426372700216198,0.25804383945710163,0.12458122384739145,-0.12432649038086296,2.0236544926450803,0.03379107077287453,0.02282438994392389,4.063089065576679,1.96793026973027,1539,245.0,250,0.029517948717948717,0.029517948717948717,
RandTilt_04694 (from SPX run),0.051,0.085,0.943,0.902,1.7089253720039181,0.15946312117379535,0.08657901265353916,-0.08472463213863624,1.986942795422561,0.0634817232301069,0.03426043187709793,2.409748996237587,1.9897907194444553,0.9206542606939764,0.14219108448627193,0.14440645889721576,-0.1659702465534224,1.092660269637758,0.046184505261313055,0.032117667950159426,2.2404108689010442,1.9986777360889436,1529,497.0,503,0.012842942345924454,0.012842942345924454,0.6708701601484425,0.0958514677235569,0.13643721636326037,-0.13892071698292863,0.8498305652516829,0.04567385896776674,0.037436310991988846,1.7482821645256221,1.993449206349206,1539,98.0,100,0.013262820512820512,0.013262820512820512,1.8039228354186403,0.24503951205268115,0.12149481213852058,-0.11891370861401462,1.990957132268207,0.03898951065556933,0.025683260096818566,3.813265097385005,1.9772452158952163,1539,245.0,250,0.029517948717948717,0.029517948717948717,
RandTilt_04520 (from SPX run),0.03,0.212,0.944,0.869,1.2465124301897756,0.1294623393763774,0.09766586412024285,-0.08982456734583866,1.4861315594798281,0.0854183011323244,0.05200261985838152,2.0620215844213328,1.905462040474841,0.8968811932356161,0.14129898161897758,0.14736296431978582,-0.170482143918258,1.0562441357251948,0.04513721351501695,0.032032009436645865,2.229814638466693,1.8954624887391256,1529,497.0,503,0.012842942345924454,0.012842942345924454,0.2596500200705298,0.04608567039005074,0.1735230566714137,-0.2462261723104775,0.3959709450100625,0.061397912675520736,0.0640034354497493,1.3165045419761212,1.9236640211640208,1539,98.0,100,0.013262820512820512,0.013262820512820512,1.4021316264777413,0.2153031132763057,0.13906934124007833,-0.15473393741305275,1.563095969111751,0.03676168258997159,0.0277186075695279,3.289887247088086,1.8972596115213765,1539,245.0,250,0.029517948717948717,0.029517948717948717,
RandTilt_04142 (from SPX run),0.052,0.133,0.943,0.887,1.710995603439594,0.15697756610858682,0.08522000759270018,-0.08161409950855403,1.9887060794382625,0.06903172305296472,0.03667091777709725,2.37920342324905,1.9515386381307331,0.9069170989649581,0.1370563481882019,0.14162570353979453,-0.1672017662926808,1.078053379486949,0.04444187295414049,0.030310669102595007,2.1799924714826853,1.9515819418288147,1529,497.0,503,0.012842942345924454,0.012842942345924454,0.5437810122356833,0.07337671582802918,0.1302169199575359,-0.14644353692449497,0.7281769004006573,0.047969652039128084,0.037525499044359166,1.5405857051673757,1.9556047619047618,1539,98.0,100,0.013262820512820512,0.013262820512820512,1.9963861437327188,0.2684524685697831,0.11911404490663569,-0.11145989659768007,2.1830254711242345,0.030637310884971795,0.01978601107533359,4.272777525040409,1.9474292106586228,1539,245.0,250,0.029517948717948717,0.029517948717948717,
RandTilt_04732 (from SPX run),0.054,0.183,0.946,0.917,1.7312918441775798,0.15942034248240478,0.08543919152923767,-0.07958878259460722,2.0062255464198775,0.060160032401312874,0.0320403084836994,2.409220533922585,1.9392950997784595,0.882655298861885,0.13258686614246762,0.14105651276282222,-0.16601377640724158,1.0529430518000034,0.037074482555223366,0.02518426791919691,2.128515458152072,1.9350150649258246,1529,497.0,503,0.012842942345924454,0.012842942345924454,0.6442633767268167,0.08759546466411194,0.1303337528725243,-0.14359595883424525,0.8283146752908296,0.045975595869648125,0.035997866080025975,1.6694247029493017,1.9523761904761905,1539,98.0,100,0.013262820512820512,0.013262820512820512,1.935381413012716,0.2616271046136813,0.12008084772842037,-0.12516420786280025,2.1190583176107367,0.019640348397327364,0.012786967583185822,4.134282044889473,1.930494043933363,1539,245.0,250,0.029517948717948717,0.029517948717948717,
RandTilt_00150 (from SPX run),0.055,0.085,0.946,0.913,1.7189815957733596,0.15997540605676375,0.0863294892645708,-0.08398127059724891,1.9989909474559968,0.06794706603714067,0.036564646348927865,2.4160849511477167,1.9960298454716392,0.8904348406617008,0.13603663296277113,0.1432396412191453,-0.17077010085517952,1.0641585379824,0.039663034497539267,0.02735963201566258,2.1681573667447664,2.005425861201242,1529,497.0,503,0.012842942345924454,0.012842942345924454,0.7037659693150717,0.09898974243825909,0.13412319713132173,-0.1509495505964099,0.8865682090314759,0.05282742123427326,0.0425653097467211,1.7790630338868252,1.998,1539,98.0,100,0.013262820512820512,0.013262820512820512,1.8357609879263996,0.2480100553980651,0.120685823798347,-0.13599601293617547,2.024666883097915,0.03004014520829539,0.019656351895923574,3.869168003672302,1.9846636752136757,1539,245.0,250,0.029517948717948717,0.029517948717948717,
RandTilt_00123 (from SPX run),0.049,0.227,0.948,0.908,1.7492546495370334,0.16142664799147455,0.08555021902999664,-0.07895635058735961,2.018063261504184,0.05127358202011576,0.027343007503641832,2.4341092305520333,1.908494501451153,0.8630538706506515,0.13088400179246062,0.14251674610258303,-0.1700026005999583,1.028900654217994,0.03738966363211692,0.025661293616938634,2.1091718244567126,1.9055425957436645,1529,497.0,503,0.012842942345924454,0.012842942345924454,0.7189562974054841,0.0985388842155166,0.13071866831326046,-0.14666415941274558,0.8987339265316079,0.04142601526049902,0.03253143832586383,1.7746132502845113,1.9190777777777779,1539,98.0,100,0.013262820512820512,0.013262820512820512,1.8745324421246323,0.2606867846928773,0.12358102451521935,-0.1407381290177444,2.050654862048086,0.014191406534284117,0.009508715731402717,4.115499419426654,1.900863130832017,1539,245.0,250,0.029517948717948717,0.029517948717948717,
RandTilt_01621 (from SPX run),0.05,0.088,0.918,0.881,1.7278572753958426,0.15784215652234357,0.0848206995864656,-0.08019390110365088,2.009657164385917,0.06047113572132012,0.031972859006388694,2.389791832321891,1.976468252652199,0.8640977970676312,0.13184505943296787,0.14332763900202686,-0.1665659118212548,1.0349179949205343,0.05135951654086028,0.03544965096667867,2.120070795292529,1.9752300006518628,1529,497.0,503,0.012842942345924454,0.012842942345924454,0.7390556146580973,0.10307675460859045,0.1327414649701107,-0.14848987272395098,0.9222901624745302,0.03953374147592382,0.03152586517674391,1.8198275093774976,1.9800525252525252,1539,98.0,100,0.013262820512820512,0.013262820512820512,1.9330299060457674,0.24365959759510236,0.11280649141344583,-0.11343859416125046,2.1318365031098314,0.03154642750473454,0.019294294701959907,3.7875270797496685,1.9741222320522092,1539,245.0,250,0.029517948717948717,0.029517948717948717,
RandTilt_01817 (from SPX run),0.05,0.093,0.841,0.774,1.6210705252157527,0.1379346102175354,0.07970959423264526,-0.08759604345200267,1.9127187324002366,0.0736740548392069,0.03660637029054038,2.155689527264357,1.9041976533380531,0.8571750815920328,0.12038077772017575,0.13260839013547263,-0.1752449376003702,1.0352979511654654,0.05607405237603779,0.03580915190071877,1.9930771802810463,1.9023422900264892,1529,497.0,503,0.012842942345924454,0.012842942345924454,0.7409154785258625,0.09828536678480759,0.12653292976972777,-0.15584972272725095,0.9278445172096456,0.04201155633746581,0.03193484584102388,1.7721152287516657,1.9140456369682377,1539,98.0,100,0.013262820512820512,0.013262820512820512,1.739149680260489,0.19720244889031724,0.10349169168817907,-0.10960502157301344,1.9484585353401536,0.05962624362049932,0.033457044022828536,3.0017925731632147,1.8962050330194329,1539,245.0,250,0.029517948717948717,0.029517948717948717,
RandTilt_01931 (from SPX run),0.031,0.102,0.945,0.857,1.443327571101303,0.1449609710978379,0.09379059387365767,-0.07844125378699429,1.6979521413751741,0.08507456216002529,0.049738250536257335,2.23603165948042,1.9569491318954553,0.848154261693438,0.1322361839835906,0.14642926024462047,-0.16991214498612361,1.0141517421921338,0.04706095709818824,0.03318560299506291,2.124519828738884,1.9639837946904122,1529,497.0,503,0.012842942345924454,0.012842942345924454,0.6504876102657998,0.10511495991814335,0.15365298908999897,-0.18744639596149182,0.8075111470488612,0.0628822670573912,0.058044582738747394,1.840446914129177,1.9624021164021164,1539,98.0,100,0.013262820512820512,0.013262820512820512,1.3589102775257242,0.20945081095377582,0.1399403510859755,-0.16537389073125686,1.5228410636465883,0.04237106652128315,0.03214822405567627,3.1943168848671735,1.9444614845938375,1539,245.0,250,0.029517948717948717,0.029517948717948717,
