variant,LE,LX,SE,SX,combined_net_sharpe,combined_net_annret,combined_net_annvol,combined_net_maxdd,combined_gross_sharpe,combined_corr_to_bench,combined_beta_to_bench,combined_final_eq_net,avg_market_reb_turnover,ftse250_net_sharpe,ftse250_net_annret,ftse250_net_annvol,ftse250_net_maxdd,ftse250_gross_sharpe,ftse250_corr_to_bench,ftse250_beta_to_bench,ftse250_final_eq_net,ftse250_avg_reb_turn,ftse250_n_days,ftse250_median_tradable,ftse250_n_names,ftse250_miss_open,ftse250_miss_close,error
RandTilt_01695,0.065,0.226,0.93,0.764,2.509823516705302,0.29224780838719555,0.10215187937300059,-0.09744061048670816,2.7056551642667155,0.010581939016384882,0.005860791170588253,4.786353089052181,1.81686662510301,2.509823516705302,0.29224780838719555,0.10215187937300059,-0.09744061048670816,2.7056551642667155,0.010581939016384882,0.005860791170588253,4.786353089052181,1.81686662510301,1539,245.0,250,0.029517948717948717,0.029517948717948717,
RandTilt_00756,0.065,0.279,0.914,0.802,2.4626686373999984,0.27229017910073794,0.09778764526710444,-0.08738899813671042,2.6662482030707264,0.0013297240714961883,0.000705001677999006,4.352338957961532,1.8174558509968244,2.4626686373999984,0.27229017910073794,0.09778764526710444,-0.08738899813671042,2.6662482030707264,0.0013297240714961883,0.000705001677999006,4.352338957961532,1.8174558509968244,1539,245.0,250,0.029517948717948717,0.029517948717948717,
RandTilt_01780,0.064,0.264,0.906,0.724,2.441449702561093,0.26912500815455354,0.09761728567030398,-0.09179730989676316,2.640058742253125,0.01073383535942716,0.005681019614230048,4.286631679967822,1.7755414181420341,2.441449702561093,0.26912500815455354,0.09761728567030398,-0.09179730989676316,2.640058742253125,0.01073383535942716,0.005681019614230048,4.286631679967822,1.7755414181420341,1539,245.0,250,0.029517948717948717,0.029517948717948717,
RandTilt_00595,0.132,0.267,0.917,0.693,2.4173698631863516,0.22410253839736272,0.08364791704455347,-0.09118325431317409,2.6450730115494414,-0.031023336366532962,-0.014069811015915045,3.438078915504302,1.7577201609987931,2.4173698631863516,0.22410253839736272,0.08364791704455347,-0.09118325431317409,2.6450730115494414,-0.031023336366532962,-0.014069811015915045,3.438078915504302,1.7577201609987931,1539,245.0,250,0.029517948717948717,0.029517948717948717,
RandTilt_01212,0.065,0.158,0.907,0.694,2.4142627555179663,0.26892651309891136,0.098651763239758,-0.0881995397081119,2.6176922329217276,0.01737344734727316,0.009292562396667255,4.282538827494564,1.82271751650024,2.4142627555179663,0.26892651309891136,0.098651763239758,-0.0881995397081119,2.6176922329217276,0.01737344734727316,0.009292562396667255,4.282538827494564,1.82271751650024,1539,245.0,250,0.029517948717948717,0.029517948717948717,
RandTilt_00751,0.126,0.263,0.929,0.728,2.405542738361935,0.23698330734613826,0.08841065072848849,-0.0763139765984947,2.623923148378013,-0.03940339936109671,-0.018887866698203606,3.665043720374736,1.781484383703377,2.405542738361935,0.23698330734613826,0.08841065072848849,-0.0763139765984947,2.623923148378013,-0.03940339936109671,-0.018887866698203606,3.665043720374736,1.781484383703377,1539,245.0,250,0.029517948717948717,0.029517948717948717,
RandTilt_00754,0.117,0.283,0.92,0.739,2.3923122381999096,0.23379889789362007,0.0878221250455641,-0.08994299781392057,2.611957771720436,-0.04006900158948732,-0.019079065293500383,3.607799974575223,1.7757610534180586,2.3923122381999096,0.23379889789362007,0.0878221250455641,-0.08994299781392057,2.611957771720436,-0.04006900158948732,-0.019079065293500383,3.607799974575223,1.7757610534180586,1539,245.0,250,0.029517948717948717,0.029517948717948717,
RandTilt_00131,0.13,0.218,0.894,0.699,2.3797372568337494,0.21197180473317578,0.08078565119026658,-0.0849348240265374,2.6198917967241795,-0.017141123222086847,-0.007507894105937008,3.235196961303047,1.7867616894994247,2.3797372568337494,0.21197180473317578,0.08078565119026658,-0.0849348240265374,2.6198917967241795,-0.017141123222086847,-0.007507894105937008,3.235196961303047,1.7867616894994247,1539,245.0,250,0.029517948717948717,0.029517948717948717,
RandTilt_01648,0.131,0.248,0.916,0.731,2.3754980881218737,0.2219329700558852,0.0843755705771379,-0.09118325431317409,2.605716432219852,-0.0286682451339491,-0.013114823904478162,3.4010326689749455,1.7870729592857306,2.3754980881218737,0.2219329700558852,0.0843755705771379,-0.09118325431317409,2.605716432219852,-0.0286682451339491,-0.013114823904478162,3.4010326689749455,1.7870729592857306,1539,245.0,250,0.029517948717948717,0.029517948717948717,
RandTilt_00804,0.121,0.26,0.929,0.697,2.3610873013151457,0.23479619382680217,0.08932576576175096,-0.07988250672721542,2.5757659461757814,-0.04035116158146291,-0.01954237850887549,3.625646623810651,1.765672709556334,2.3610873013151457,0.23479619382680217,0.08932576576175096,-0.07988250672721542,2.5757659461757814,-0.04035116158146291,-0.01954237850887549,3.625646623810651,1.765672709556334,1539,245.0,250,0.029517948717948717,0.029517948717948717,
