region,name,source,ticker,transform,role,active
US,ISM Manufacturing PMI,bloomberg,NAPMPMI Index,level_z_input,growth,True
US,10Y TIPS Real Yield,fred,DFII10,level_z_input,real_rates,True
US,HY OAS,fred,BAMLH0A0HYM2,level_z_input,credit_stress,True
US,Nonfarm Payrolls,fred,PAYEMS,yoy_pct,labor_growth,True
US,VIX,fred,VIXCLS,level_z_input,risk_stress,True
US,NFCI,fred,NFCI,level_z_input,financial_conditions,True
Europe,Eurozone Composite PMI,bloomberg,PMITCEZ Index,level_z_input,growth,True
Europe,EUR/USD,bloomberg,EURUSD Curncy,pct_change_12m,fx,True
Europe,Italy 10Y BTP Yield,bloomberg,GBTPGR10 Index,level_z_input,rates,True
Europe,Germany 10Y Bund Yield,bloomberg,GDBR10 Index,level_z_input,rates,True
Europe,ECB Deposit Rate,bloomberg,EURR002W Index,mom_diff,policy,True
Europe,TTF Natural Gas,bloomberg,TZ1 Comdty,pct_change_12m,energy,True
Europe,STOXX 600,bloomberg,SXXP Index,pct_change_12m,market,True
Europe,Eurozone CPI YoY,bloomberg,ECCPEMUY Index,level_z_input,inflation,True
Japan,USD/JPY,bloomberg,USDJPY Curncy,pct_change_12m,fx,True
Japan,BOJ Policy Rate,bloomberg,BOJDTR Index,mom_diff,policy,True
Japan,Japan Mfg PMI,bloomberg,SEASPMI Index,level_z_input,growth,True
Japan,Japan Wage Growth,bloomberg,JNLCWAGE Index,yoy_pct,wages,True
Japan,JGB 10Y Yield,bloomberg,GJGB10 Index,level_z_input,rates,True
Japan,Nikkei 225,bloomberg,NKY Index,pct_change_12m,market,True
Japan,Japan CPI YoY,bloomberg,JNCPIYOY Index,level_z_input,inflation,True
China,China Credit Impulse,bloomberg,CHBGCRIM Index,level_z_input,credit,True
China,Total Social Financing,bloomberg,CNTSF Index,yoy_pct,credit,True
China,Caixin Mfg PMI,bloomberg,CHPMINDX Index,level_z_input,growth,True
China,1Y LPR,bloomberg,CHLR1YPR Index,mom_diff,policy,True
China,USD/CNH,bloomberg,USDCNH Curncy,pct_change_12m,fx,True
China,CSI 300,bloomberg,SHSZ300 Index,pct_change_12m,market,True
Commodities,WTI Front Month,bloomberg,CL1 Comdty,pct_change_12m,oil_price,True
Commodities,WTI 2nd Month,bloomberg,CL2 Comdty,pct_change_12m,oil_curve,True
Commodities,Gold Spot,bloomberg,XAUUSD Curncy,pct_change_12m,gold,True
Commodities,Copper LME 3m,bloomberg,LMCADS Index,pct_change_12m,copper,True
Commodities,Baker Hughes Rig Count,bloomberg,BHUSCOIL Index,yoy_pct,oil_supply,True
Commodities,Global Mfg PMI,bloomberg,PMITMGL Index,level_z_input,global_demand,True
Commodities,DXY Broad USD,fred,DTWEXBGS,pct_change_12m,usd,True
Commodities,US Crude Inventories,fred,WCRFPUS2,yoy_pct,oil_inventory,True
