,strategy_return
2020-07-31,0.026987532609345832
2020-08-31,0.00901698405947691
2020-09-30,0.006963147441039911
2020-11-30,0.007430848588916739
2020-12-31,0.005420188942654669
2021-03-31,0.004510641994906953
2021-04-30,-0.003063607741169418
2021-06-30,-0.0005032689812923634
2021-08-31,-0.0019311137586528007
2021-09-30,0.005878084364077468
2021-11-30,0.0038728488868937094
2021-12-31,-0.0010613853402749633
2022-01-31,0.0177651953818125
2022-02-28,5.637306910636708e-05
2022-03-31,-0.0007615390694266505
2022-05-31,0.0015564633275524237
2022-06-30,0.0018224951545768673
2022-08-31,0.004292146731434039
2022-09-30,0.0039053713503870062
2022-10-31,-0.00783919849067342
2022-11-30,0.003864372477512666
2023-01-31,-0.0035198979766294753
2023-02-28,0.005505620015308151
2023-03-31,0.0007981948620814361
2023-05-31,-0.005151638142204781
2023-06-30,0.010425130442772601
2023-07-31,0.00017372091014272728
2023-08-31,0.0008764478011954457
2023-10-31,0.0007111596260510056
2023-11-30,0.005130082707118289
2024-01-31,-0.007041774096017139
2024-02-29,-0.0012852650535557326
2024-04-30,0.009368103477918149
2024-05-31,-0.0006892208215067419
2024-07-31,0.02637808747728526
2024-09-30,0.0027661356278851357
2024-10-31,0.013128630733175717
2024-12-31,-0.0023862497982405084
2025-01-31,-0.004849231285402433
2025-02-28,0.005749540904013065
2025-03-31,0.0060882095781479295
2025-04-30,-0.0021050796532596414
2025-06-30,-3.1579941686325384e-05
2025-07-31,-0.05978135739120025
2025-09-30,-0.015392639006431194
2025-10-31,-0.004801561749959668
