Sector,Variable,Beta,P-Value,Significant
XLB,GDP_Growth,0.011308389314002442,0.6645516546927199,False
XLB,Unemployment,-0.018907233686314112,0.8875711959680908,False
XLB,Inflation,0.020140738967699103,0.3435440974944166,False
XLB,FedFunds,0.0744625203025285,0.30123034372191637,False
XLB,TenYr_Yield,-0.06091292991398759,0.2865040042182987,False
XLB,Yield_Curve,0.07635773860969554,0.16335269199279362,False
XLB,Credit_Spread,0.01417986948056668,0.6733572134510232,False
XLB,Consumer_Confidence,-0.003015561585196376,0.9151668002282352,False
XLB,ISM_Proxy,0.14823264546271328,0.2309493777026164,False
XLB,Dollar_Return,-0.06918102394334653,0.002282508678812144,True
XLB,Jobless_Claims,0.1540089003036751,0.2342599386344425,False
XLB,VIX,0.07390017694350517,0.32659219443519705,False
XLB,Gold_Return,-0.005580668629167813,0.7779401792082714,False
XLB,Realized_Vol,-0.12149311878077186,0.05919509837391751,True
XLC,GDP_Growth,0.005181480795681582,0.8319159461614476,False
XLC,Unemployment,0.013940892278290143,0.911556204214953,False
XLC,Inflation,0.02789290898358215,0.17005164695919495,False
XLC,FedFunds,0.26383077110124875,0.0011884268903565981,True
XLC,TenYr_Yield,-0.13190280328534607,0.0228326744108661,True
XLC,Yield_Curve,0.13870708934537895,0.012918456669482256,True
XLC,Credit_Spread,0.019371378512645095,0.540981966889338,False
XLC,Consumer_Confidence,0.023865775235902113,0.3759115682318801,False
XLC,ISM_Proxy,0.15802850771335045,0.17678957031385517,False
XLC,Dollar_Return,-0.05450502975935955,0.007482600938887611,True
XLC,Jobless_Claims,0.1255829671668218,0.2984307540846309,False
XLC,VIX,0.11693161099593329,0.10861766339582674,False
XLC,Gold_Return,-0.03754803476550468,0.05839864432760197,True
XLC,Realized_Vol,-0.13014528325668598,0.03437795387199976,True
XLE,GDP_Growth,-0.07929591313335735,0.14139526385553286,False
XLE,Unemployment,-0.09316392118249804,0.7271619144889241,False
XLE,Inflation,0.05466371948472869,0.2031337396596624,False
XLE,FedFunds,0.07407819886887096,0.6004712509970551,False
XLE,TenYr_Yield,-0.008990691068900488,0.9357551919915467,False
XLE,Yield_Curve,0.042540551974739556,0.687091598576547,False
XLE,Credit_Spread,-0.07110989699566006,0.296938845433752,False
XLE,Consumer_Confidence,0.06391655069280676,0.26798734123466467,False
XLE,ISM_Proxy,0.17549525928319717,0.46917973885251896,False
XLE,Dollar_Return,-0.09021761238687956,0.028886096462298387,True
XLE,Jobless_Claims,0.19264638929847852,0.44824415410714336,False
XLE,VIX,0.3599125287743855,0.026246634067143813,True
XLE,Gold_Return,-0.05546205531714366,0.17360631373349789,False
XLE,Realized_Vol,-0.35809501729230736,0.008873657555810707,True
XLF,GDP_Growth,-0.019159994487849708,0.5014178280462507,False
XLF,Unemployment,0.02850913516802483,0.8446570255562816,False
XLF,Inflation,-0.003004292418884961,0.8949541467308446,False
XLF,FedFunds,0.14456549198563165,0.07598921362801302,True
XLF,TenYr_Yield,-0.08058770873598192,0.19909526339288486,False
XLF,Yield_Curve,0.07857884110436902,0.1856229396163222,False
XLF,Credit_Spread,-0.016025877168240887,0.6614311859510573,False
XLF,Consumer_Confidence,0.02321262819324815,0.4554371184472553,False
XLF,ISM_Proxy,0.10501813233377587,0.4282719700126688,False
XLF,Dollar_Return,-0.06618129330907159,0.005557479135067476,True
XLF,Jobless_Claims,0.02941153501827109,0.830366922082007,False
XLF,VIX,0.145306835857957,0.087388515685004,True
XLF,Gold_Return,-0.03999140618352077,0.07902918477051425,True
XLF,Realized_Vol,-0.16093390284052614,0.025413675543570827,True
XLI,GDP_Growth,0.02023512065084758,0.5103502381421487,False
XLI,Unemployment,0.04160784924166176,0.7910863917756974,False
XLI,Inflation,0.011987756041954203,0.6267073045630316,False
XLI,FedFunds,0.09047815797163503,0.2850496907359318,False
XLI,TenYr_Yield,-0.04721792547355403,0.4762359715286363,False
XLI,Yield_Curve,0.11250949583346223,0.08592546868223927,True
XLI,Credit_Spread,0.001197513465049987,0.9757175701103645,False
XLI,Consumer_Confidence,0.007106276848773105,0.8307061797928941,False
XLI,ISM_Proxy,0.24728966007259162,0.0966904354319394,True
XLI,Dollar_Return,-0.08933041133470933,0.0010943526301701576,True
XLI,Jobless_Claims,0.15869294588592167,0.2934438304509277,False
XLI,VIX,0.10546856106691334,0.2366295776139479,False
XLI,Gold_Return,-0.04662577613658823,0.059900436313720246,True
XLI,Realized_Vol,-0.13878894800215352,0.06538327367775656,True
XLK,GDP_Growth,0.02216698953340531,0.5925407115865942,False
XLK,Unemployment,0.008120269701347575,0.9694406943676207,False
XLK,Inflation,0.018348764541835313,0.582126284974503,False
XLK,FedFunds,0.12591491010930833,0.27146322812226936,False
XLK,TenYr_Yield,-0.10631436315316192,0.2426923225101573,False
XLK,Yield_Curve,0.1475415028180279,0.09460333193683039,True
XLK,Credit_Spread,0.03681561796504902,0.49235286156389746,False
XLK,Consumer_Confidence,-0.04265059306537334,0.3496809746706787,False
XLK,ISM_Proxy,0.24515208708470948,0.2124838896774229,False
XLK,Dollar_Return,-0.07620308095638098,0.021605857901963475,True
XLK,Jobless_Claims,0.23359168749579454,0.2541534122927319,False
XLK,VIX,-0.040094638502043145,0.7331068170133954,False
XLK,Gold_Return,-0.04416170923140814,0.17326337958249502,False
XLK,Realized_Vol,-0.052119204984073325,0.5872366545253327,False
XLP,GDP_Growth,0.0028641139410101536,0.9045324446540743,False
XLP,Unemployment,0.1038952324286307,0.4036315655698419,False
XLP,Inflation,0.01499263307756157,0.4402191752286798,False
XLP,FedFunds,-0.006377776412950371,0.9216979070242787,False
XLP,TenYr_Yield,-0.029400334371957063,0.5696984549791171,False
XLP,Yield_Curve,0.012287758309652303,0.8003740750504204,False
XLP,Credit_Spread,-0.008339386688376478,0.7868590138442868,False
XLP,Consumer_Confidence,0.010217964583056509,0.6951447310279529,False
XLP,ISM_Proxy,0.13041152000643486,0.25028402045271625,False
XLP,Dollar_Return,-0.03689962900324643,0.04858440585960165,True
XLP,Jobless_Claims,0.006487301768960759,0.9553519672019557,False
XLP,VIX,0.011020933894560138,0.8712766054141025,False
XLP,Gold_Return,0.000501090101874816,0.9779783171203194,False
XLP,Realized_Vol,-0.03276498223927749,0.5562495801406382,False
XLRE,GDP_Growth,-0.012059014409281584,0.7232622587765001,False
XLRE,Unemployment,0.005648778976063022,0.9742181489189257,False
XLRE,Inflation,0.016990113370957544,0.5372189212546256,False
XLRE,FedFunds,0.12672592606737157,0.1840730414157336,False
XLRE,TenYr_Yield,-0.08207932111618305,0.2725931886194625,False
XLRE,Yield_Curve,0.12643445006781692,0.08353558832701956,True
XLRE,Credit_Spread,0.06406051562850644,0.15899973484174346,False
XLRE,Consumer_Confidence,-0.01610999269543368,0.6643909687285305,False
XLRE,ISM_Proxy,0.0576862704210297,0.7148945419907616,False
XLRE,Dollar_Return,-0.029946365570974832,0.23829831784401734,False
XLRE,Jobless_Claims,0.019729661406278513,0.904786323634781,False
XLRE,VIX,-0.008983546472751043,0.9260326520138757,False
XLRE,Gold_Return,0.012736675953816865,0.6235527536037782,False
XLRE,Realized_Vol,-0.044873993233202174,0.5710409511626828,False
XLU,GDP_Growth,-0.013313515797402694,0.6222316975336288,False
XLU,Unemployment,0.18012668615119432,0.206373598198237,False
XLU,Inflation,-0.007916371625685129,0.7152827311228878,False
XLU,FedFunds,0.011162273425589347,0.878687621880841,False
XLU,TenYr_Yield,-0.06564663614762155,0.2679691252122785,False
XLU,Yield_Curve,0.029624203841622166,0.590057154005653,False
XLU,Credit_Spread,-0.01556408883522433,0.6550198798132545,False
XLU,Consumer_Confidence,-0.008055580103163148,0.7836451210151707,False
XLU,ISM_Proxy,0.14906718451463505,0.2438501222597545,False
XLU,Dollar_Return,-0.025135478952254205,0.21264606109177003,False
XLU,Jobless_Claims,-0.09713310220979997,0.4613861404992392,False
XLU,VIX,0.014715948525606582,0.8477627753755917,False
XLU,Gold_Return,0.012557913641849177,0.5420390993594173,False
XLU,Realized_Vol,-0.02376932234693486,0.7037705329733358,False
XLV,GDP_Growth,0.02283968661728652,0.33449166361084215,False
XLV,Unemployment,-0.1428901625064939,0.24422777883528066,False
XLV,Inflation,0.007309625622119336,0.6969884317859345,False
XLV,FedFunds,-0.10706023513539811,0.10666020111642749,False
XLV,TenYr_Yield,0.06627287890000559,0.1994154933428054,False
XLV,Yield_Curve,-0.018734651598592736,0.6928360358529436,False
XLV,Credit_Spread,-0.01742442579633035,0.5638977993770216,False
XLV,Consumer_Confidence,-0.003916924925741128,0.8771786843168261,False
XLV,ISM_Proxy,0.02437155746193514,0.821384566360184,False
XLV,Dollar_Return,-0.054102956536082256,0.005804443638013878,True
XLV,Jobless_Claims,0.2280880542995612,0.058842121909101444,True
XLV,VIX,-0.03924319142389002,0.5560734427328982,False
XLV,Gold_Return,0.0021220355821718415,0.9045273631273816,False
XLV,Realized_Vol,-0.051371570682428494,0.3484694835956834,False
XLY,GDP_Growth,0.014475459137493048,0.7004575001487676,False
XLY,Unemployment,0.10737849447459841,0.5801723258460832,False
XLY,Inflation,-0.00094212942376873,0.975112384676597,False
XLY,FedFunds,0.1951415694169295,0.07172511011726437,True
XLY,TenYr_Yield,-0.1567151204384006,0.06841095904231134,True
XLY,Yield_Curve,0.18131044344785324,0.029747365318437212,True
XLY,Credit_Spread,0.041412796476582185,0.39854547885076463,False
XLY,Consumer_Confidence,-0.03507444696627466,0.3970290076959888,False
XLY,ISM_Proxy,0.29083102896526897,0.11090665073478415,False
XLY,Dollar_Return,-0.033081323264225394,0.2381997427814081,False
XLY,Jobless_Claims,0.13224734200346583,0.4719788945357911,False
XLY,VIX,0.06110767198459036,0.5697126566438819,False
XLY,Gold_Return,-0.040702212382229035,0.1684951579926591,False
XLY,Realized_Vol,-0.13240283860684157,0.14348141129017022,False
