Date,Ticker,Action
2000-01-01,AAPL,Added
2000-01-01,DALRQ,Added
2000-01-01,MSI,Added
2000-01-01,DCNAQ,Added
2000-01-01,MTG,Added
2000-01-01,MU,Added
2000-01-01,MWV,Added
2000-01-01,MSFT,Added
2000-01-01,MYG,Added
2000-01-01,NC,Added
2000-01-01,NCC,Added
2000-01-01,NCE,Added
2000-01-01,NEE,Added
2000-01-01,NEM,Added
2000-01-01,NGH,Added
2000-01-01,NAV,Added
2000-01-01,MS,Added
2000-01-01,MRO,Added
2000-01-01,MRK,Added
2000-01-01,MCK,Added
2000-01-01,MCO,Added
2000-01-01,MDP,Added
2000-01-01,MDR,Added
2000-01-01,MDT,Added
2000-01-01,MEA,Added
2000-01-01,MEL,Added
2000-01-01,MER,Added
2000-01-01,MIL,Added
2000-01-01,MIR,Added
2000-01-01,MKG,Added
2000-01-01,MMC,Added
2000-01-01,MMM,Added
2000-01-01,MO,Added
2000-01-01,MOLX,Added
2000-01-01,NKE,Added
2000-01-01,MCD,Added
2000-01-01,NMK,Added
2000-01-01,NOVL,Added
2000-01-01,OXY,Added
2000-01-01,PAYX,Added
2000-01-01,PBI,Added
2000-01-01,PBY,Added
2000-01-01,PCAR,Added
2000-01-01,PCG,Added
2000-01-01,ORCL,Added
2000-01-01,PCH,Added
2000-01-01,PD,Added
2000-01-01,PDG,Added
2000-01-01,PEG,Added
2000-01-01,PEP,Added
2000-01-01,PFE,Added
2000-01-01,PG,Added
2000-01-01,PCS,Added
2000-01-01,ONE,Added
2000-01-01,DPHIQ,Added
2000-01-01,OMX,Added
2000-01-01,NSC,Added
2000-01-01,NSI,Added
2000-01-01,NSM,Added
2000-01-01,NTAP,Added
2000-01-01,NTRS,Added
2000-01-01,NUE,Added
2000-01-01,NWL,Added
2000-01-01,NXTL,Added
2000-01-01,NYT,Added
2000-01-01,OAT,Added
2000-01-01,ODP,Added
2000-01-01,OI,Added
2000-01-01,OK,Added
2000-01-01,OKE,Added
2000-01-01,OMC,Added
2000-01-01,NOC,Added
2000-01-01,PGL,Added
2000-01-01,MBI,Added
2000-01-01,MAT,Added
2000-01-01,HPC,Added
2000-01-01,HPQ,Added
2000-01-01,HRB,Added
2000-01-01,HSY,Added
2000-01-01,HUM,Added
2000-01-01,IBM,Added
2000-01-01,HON,Added
2000-01-01,IFF,Added
2000-01-01,INTC,Added
2000-01-01,IP,Added
2000-01-01,IPG,Added
2000-01-01,IR,Added
2000-01-01,ITT,Added
2000-01-01,ITW,Added
2000-01-01,IKN,Added
2000-01-01,HNZ,Added
2000-01-01,HM,Added
2000-01-01,HLT,Added
2000-01-01,GTE,Added
2000-01-01,GTW,Added
2000-01-01,GWW,Added
2000-01-01,GX,Added
2000-01-01,H,Added
2000-01-01,HAL,Added
2000-01-01,HAS,Added
2000-01-01,HBAN,Added
2000-01-01,HCA,Added
2000-01-01,HCR,Added
2000-01-01,HD,Added
2000-01-01,HES,Added
2000-01-01,HET,Added
2000-01-01,HI,Added
2000-01-01,HIG,Added
2000-01-01,JAVA,Added
2000-01-01,MAY,Added
2000-01-01,JCI,Added
2000-01-01,JNJ,Added
2000-01-01,LEG,Added
2000-01-01,LLY,Added
2000-01-01,LMT,Added
2000-01-01,LNC,Added
2000-01-01,LOW,Added
2000-01-01,LPX,Added
2000-01-01,LDG,Added
2000-01-01,LSI,Added
2000-01-01,LU,Added
2000-01-01,LUV,Added
2000-01-01,LXK,Added
2000-01-01,M,Added
2000-01-01,MAR,Added
2000-01-01,MAS,Added
2000-01-01,LTD,Added
2000-01-01,L,Added
2000-01-01,KSU,Added
2000-01-01,KSS,Added
2000-01-01,JOS,Added
2000-01-01,JP,Added
2000-01-01,JPM,Added
2000-01-01,JWN,Added
2000-01-01,K,Added
2000-01-01,KBH,Added
2000-01-01,KEY,Added
2000-01-01,KLAC,Added
2000-01-01,KM,Added
2000-01-01,KMB,Added
2000-01-01,KMG,Added
2000-01-01,KO,Added
2000-01-01,KR,Added
2000-01-01,KRB,Added
2000-01-01,KRI,Added
2000-01-01,JCP,Added
2000-01-01,PGN,Added
2000-01-01,PGR,Added
2000-01-01,PH,Added
2000-01-01,TX,Added
2000-01-01,TXN,Added
2000-01-01,TXT,Added
2000-01-01,TXU,Added
2000-01-01,UCL,Added
2000-01-01,UCM,Added
2000-01-01,TWX,Added
2000-01-01,UIS,Added
2000-01-01,UMG,Added
2000-01-01,UN,Added
2000-01-01,UNH,Added
2000-01-01,UNM,Added
2000-01-01,UNP,Added
2000-01-01,UPC,Added
2000-01-01,UK,Added
2000-01-01,TUP,Added
2000-01-01,GAPTQ,Added
2000-01-01,TRW,Added
2000-01-01,THC,Added
2000-01-01,TIN,Added
2000-01-01,TJX,Added
2000-01-01,TKR,Added
2000-01-01,TLAB,Added
2000-01-01,TMC,Added
2000-01-01,TMK,Added
2000-01-01,TMO,Added
2000-01-01,TNB,Added
2000-01-01,TOS,Added
2000-01-01,TOY,Added
2000-01-01,TRB,Added
2000-01-01,TROW,Added
2000-01-01,TRV,Added
2000-01-01,FWLT,Added
2000-01-01,UPR,Added
2000-01-01,TGT,Added
2000-01-01,USB,Added
2000-01-01,USW,Added
2000-01-01,WY,Added
2000-01-01,WYE,Added
2000-01-01,X,Added
2000-01-01,XEL,Added
2000-01-01,XLNX,Added
2000-01-01,XOM,Added
2000-01-01,WWY,Added
2000-01-01,XRX,Added
2000-01-01,MZIAQ,Added
2000-01-01,HSH,Added
2000-01-01,INCLF,Added
2000-01-01,MTLQQ,Added
2000-01-01,KATE,Added
2000-01-01,LEHMQ,Added
2000-01-01,YUM,Added
2000-01-01,WOR,Added
2000-01-01,WMT,Added
2000-01-01,WMB,Added
2000-01-01,UTX,Added
2000-01-01,VFC,Added
2000-01-01,VMC,Added
2000-01-01,VO,Added
2000-01-01,VZ,Added
2000-01-01,WB,Added
2000-01-01,WBA,Added
2000-01-01,WCOM,Added
2000-01-01,WEN,Added
2000-01-01,WFC,Added
2000-01-01,WHR,Added
2000-01-01,WLA,Added
2000-01-01,WLL,Added
2000-01-01,WLP,Added
2000-01-01,WM,Added
2000-01-01,UST,Added
2000-01-01,FNMA,Added
2000-01-01,FMCC,Added
2000-01-01,TGNA,Added
2000-01-01,R,Added
2000-01-01,RAD,Added
2000-01-01,RAL,Added
2000-01-01,RBK,Added
2000-01-01,RDC,Added
2000-01-01,NRTLQ,Added
2000-01-01,QTRN,Added
2000-01-01,RF,Added
2000-01-01,RLM,Added
2000-01-01,RML,Added
2000-01-01,ROH,Added
2000-01-01,ROK,Added
2000-01-01,RRD,Added
2000-01-01,ETS,Added
2000-01-01,RIG,Added
2000-01-01,QCOM,Added
2000-01-01,PX,Added
2000-01-01,PWJ,Added
2000-01-01,PHM,Added
2000-01-01,EHC,Added
2000-01-01,PKI,Added
2000-01-01,EKDKQ,Added
2000-01-01,PLL,Added
2000-01-01,PNC,Added
2000-01-01,PNU,Added
2000-01-01,PNW,Added
2000-01-01,PPG,Added
2000-01-01,PPL,Added
2000-01-01,PRD,Added
2000-01-01,PSFT,Added
2000-01-01,ENRNQ,Added
2000-01-01,PTV,Added
2000-01-01,PVN,Added
2000-01-01,RTN,Added
2000-01-01,RX,Added
2000-01-01,S,Added
2000-01-01,SAF,Added
2000-01-01,SRE,Added
2000-01-01,STI,Added
2000-01-01,STJ,Added
2000-01-01,STT,Added
2000-01-01,SUB,Added
2000-01-01,SUN,Added
2000-01-01,SVU,Added
2000-01-01,SWK,Added
2000-01-01,SWY,Added
2000-01-01,SYY,Added
2000-01-01,T,Added
2000-01-01,TAP,Added
2000-01-01,TEK,Added
2000-01-01,FLTWQ,Added
2000-01-01,TER,Added
2000-01-01,SPLS,Added
2000-01-01,GT,Added
2000-01-01,SPGI,Added
2000-01-01,SO,Added
2000-01-01,SCHW,Added
2000-01-01,SEE,Added
2000-01-01,SEG,Added
2000-01-01,SFA,Added
2000-01-01,SGP,Added
2000-01-01,SHW,Added
2000-01-01,SIAL,Added
2000-01-01,SLB,Added
2000-01-01,SLM,Added
2000-01-01,SLR,Added
2000-01-01,NLV,Added
2000-01-01,SMI,Added
2000-01-01,SMS,Added
2000-01-01,SNA,Added
2000-01-01,SNV,Added
2000-01-01,SOTR,Added
2000-01-01,GRA,Added
2000-01-01,PHA,Added
2000-01-01,CGP,Added
2000-01-01,ABI,Added
2000-01-01,CHA,Added
2000-01-01,CG,Added
2000-01-01,CFC,Added
2000-01-01,CEN,Added
2000-01-01,RNB,Added
2000-01-01,CEG,Added
2000-01-01,CCU,Added
2000-01-01,CCL,Added
2000-01-01,CCK,Added
2000-01-01,CCE,Added
2000-01-01,RSHCQ,Added
2000-01-01,CBS,Added
2000-01-01,CBE,Added
2000-01-01,CI,Added
2000-01-01,CB,Added
2000-01-01,CAH,Added
2000-01-01,CAG,Added
2000-01-01,SCI,Added
2000-01-01,CA,Added
2000-01-01,C,Added
2000-01-01,BUD,Added
2000-01-01,BSX,Added
2000-01-01,BSC,Added
2000-01-01,BR,Added
2000-01-01,BOL,Added
2000-01-01,BNI,Added
2000-01-01,BMY,Added
2000-01-01,BMS,Added
2000-01-01,BMET,Added
2000-01-01,CAT,Added
2000-01-01,CIN,Added
2000-01-01,CINF,Added
2000-01-01,CL,Added
2000-01-01,D,Added
2000-01-01,BHMSQ,Added
2000-01-01,CVX,Added
2000-01-01,CVS,Added
2000-01-01,CTXS,Added
2000-01-01,CTX,Added
2000-01-01,CTL,Added
2000-01-01,CTB,Added
2000-01-01,CSX,Added
2000-01-01,CSR,Added
2000-01-01,CSCO,Added
2000-01-01,CR,Added
2000-01-01,CPWR,Added
2000-01-01,CPQ,Added
2000-01-01,CPB,Added
2000-01-01,COST,Added
2000-01-01,COP,Added
2000-01-01,CLX,Added
2000-01-01,CMA,Added
2000-01-01,RDS-A,Added
2000-01-01,CMCSA,Added
2000-01-01,CMI,Added
2000-01-01,CMS,Added
2000-01-01,SGID,Added
2000-01-01,CMVT,Added
2000-01-01,CNC,Added
2000-01-01,CNG,Added
2000-01-01,CNP,Added
2000-01-01,COC,Added
2000-01-01,COF,Added
2000-01-01,COMS,Added
2000-01-01,AZA-A,Added
2000-01-01,DD,Added
2000-01-01,AAMRQ,Added
2000-01-01,BLS,Added
2000-01-01,AFS-A,Added
2000-01-01,WNDXQ,Added
2000-01-01,APC,Added
2000-01-01,APA,Added
2000-01-01,AON,Added
2000-01-01,ANDW,Added
2000-01-01,AMGN,Added
2000-01-01,AMD,Added
2000-01-01,AMAT,Added
2000-01-01,ABS,Added
2000-01-01,AM,Added
2000-01-01,ALL,Added
2000-01-01,AL,Added
2000-01-01,AIG,Added
2000-01-01,APD,Added
2000-01-01,ABT,Added
2000-01-01,AGN,Added
2000-01-01,ACV,Added
2000-01-01,AGC,Added
2000-01-01,AFL,Added
2000-01-01,AET,Added
2000-01-01,ADBE,Added
2000-01-01,AES,Added
2000-01-01,ACKH,Added
2000-01-01,AEP,Added
2000-01-01,AEE,Added
2000-01-01,ADCT,Added
2000-01-01,ADSK,Added
2000-01-01,ADP,Added
2000-01-01,ADM,Added
2000-01-01,ABX,Added
2000-01-01,ARC,Added
2000-01-01,ARNC,Added
2000-01-01,ASH,Added
2000-01-01,BK,Added
2000-01-01,SXCL,Added
2000-01-01,BIG,Added
2000-01-01,BHGE,Added
2000-01-01,BGG,Added
2000-01-01,TMC-A,Added
2000-01-01,BFO,Added
2000-01-01,BF/B,Added
2000-01-01,BEN,Added
2000-01-01,UAWGQ,Added
2000-01-01,BEAM,Added
2000-01-01,BDX,Added
2000-01-01,BDK,Added
2000-01-01,BCR,Added
2000-01-01,BC,Added
2000-01-01,BBY,Added
2000-01-01,BBT,Added
2000-01-01,ASO,Added
2000-01-01,AT,Added
2000-01-01,ATI,Added
2000-01-01,WAMUQ,Added
2000-01-01,AVP,Added
2000-01-01,AVY,Added
2000-01-01,BMC,Added
2000-01-01,AW,Added
2000-01-01,AZO,Added
2000-01-01,BA,Added
2000-01-01,BAC,Added
2000-01-01,BALL,Added
2000-01-01,BAX,Added
2000-01-01,BBBY,Added
2000-01-01,AXP,Added
2000-01-01,DDS,Added
2000-01-01,ADI,Added
2000-01-01,DUK,Added
2000-01-01,DRI,Added
2000-01-01,EFX,Added
2000-01-01,FE,Added
2000-01-01,EIX,Added
2000-01-01,GE,Added
2000-01-01,DOW,Added
2000-01-01,FBF,Added
2000-01-01,DOV,Added
2000-01-01,GLK,Added
2000-01-01,EMC,Added
2000-01-01,AABA,Added
2000-01-01,DLX,Added
2000-01-01,FMC,Added
2000-01-01,GLW,Added
2000-01-01,GIS,Added
2000-01-01,GDW,Added
2000-01-01,DTE,Added
2000-01-01,EP,Added
2000-01-01,G,Added
2000-01-01,EDS,Added
2000-01-01,ETR,Added
2000-01-01,EXC,Added
2000-01-01,FPC,Added
2000-01-01,ED,Added
2000-01-01,GAS,Added
2000-01-01,F,Added
2000-01-01,ECL,Added
2000-01-01,FJ,Added
2000-01-01,ETN,Added
2000-01-01,GD,Added
2000-01-01,GDT,Added
2000-01-01,EC,Added
2000-01-01,FITB,Added
2000-01-01,EMN,Added
2000-01-01,CAR,Added
2000-01-01,EFU,Added
2000-01-01,DJ,Added
2000-01-01,GR,Added
2000-01-01,GPU,Added
2000-01-01,DE,Added
2000-01-01,OWENQ,Added
2000-01-01,EMR,Added
2000-01-01,DELL,Added
2000-01-01,GPS,Added
2000-01-01,CCTYQ,Added
2000-01-01,GPC,Added
2000-01-01,DG,Added
2000-01-01,GP,Added
2000-01-01,GM,Added
2000-01-01,FDX,Added
2000-01-01,DIS,Added
2000-01-01,FCX,Added
2000-01-01,DHR,Added
2000-01-01,FDC,Added
2000-01-02,RNB,Removed
2000-01-04,NCR,Added
2000-01-05,NLV,Removed
2000-01-06,YNR,Added
2000-01-30,FLTWQ,Removed
2000-01-30,CNG,Removed
2000-01-30,FWLT,Removed
2000-01-31,BGEN,Added
2000-01-31,CNXT,Added
2000-01-31,HOG,Added
2000-03-15,SCI,Removed
2000-03-16,TSG,Added
2000-04-02,PBY,Removed
2000-04-02,PNU,Removed
2000-04-03,LLTC,Added
2000-04-03,VRTS,Added
2000-04-17,ARC,Removed
2000-04-18,ALTR,Added
2000-05-03,RLM,Removed
2000-05-05,SEBL,Added
2000-05-05,SAPE,Added
2000-05-09,JOS,Removed
2000-05-10,MXIM,Added
2000-05-31,MIR,Removed
2000-06-01,APCC,Added
2000-06-04,NC,Removed
2000-06-05,A,Added
2000-06-07,SMS,Removed
2000-06-08,SBUX,Added
2000-06-12,TMC-A,Removed
2000-06-12,TMC,Removed
2000-06-13,CVG,Added
2000-06-14,UMG,Removed
2000-06-15,CSR,Removed
2000-06-16,MEDI,Added
2000-06-18,CHA,Removed
2000-06-19,NVLS,Added
2000-06-19,CF,Added
2000-06-19,WLA,Removed
2000-06-20,SGID,Removed
2000-06-21,SANM,Added
2000-06-21,TIF,Added
2000-06-28,IKN,Removed
2000-06-28,MZIAQ,Removed
2000-06-29,MERQ,Added
2000-06-29,VSTNQ,Added
2000-07-02,GTE,Removed
2000-07-02,USW,Removed
2000-07-03,BRCM,Added
2000-07-06,Q,Added
2000-07-12,KSU,Removed
2000-07-13,JNS,Added
2000-07-16,UPR,Removed
2000-07-17,CIT,Added
2000-07-26,RAD,Removed
2000-07-27,COMS,Removed
2000-07-27,VIAV,Added
2000-07-28,PALM,Added
2000-08-20,NCE,Removed
2000-08-21,KSE,Added
2000-08-29,GAPTQ,Removed
2000-08-30,DVN,Added
2000-10-01,OWENQ,Removed
2000-10-02,AV,Added
2000-10-02,BFO,Removed
2000-10-02,YNR,Removed
2000-10-03,KG,Added
2000-10-03,DYN,Added
2000-10-17,MKG,Removed
2000-10-18,NBR,Added
2000-10-22,UCM,Removed
2000-10-23,PWER,Added
2000-11-01,CG,Removed
2000-11-01,EFU,Removed
2000-11-02,EOG,Added
2000-11-02,NI,Added
2000-11-05,PWJ,Removed
2000-11-06,BVSN,Added
2000-11-16,ACKH,Removed
2000-11-17,HOT,Added
2000-11-21,SEG,Removed
2000-11-22,FRX,Added
2000-11-23,FJ,Removed
2000-11-24,CHIR,Added
2000-11-30,AFS-A,Removed
2000-11-30,FPC,Removed
2000-12-01,CPNLQ,Added
2000-12-05,RHI,Added
2000-12-10,GRA,Removed
2000-12-10,OI,Removed
2000-12-10,VO,Removed
2000-12-10,BHMSQ,Removed
2000-12-10,CCK,Removed
2000-12-11,ABK,Added
2000-12-11,ABKFQ,Added
2000-12-11,NGH,Removed
2000-12-11,RML,Removed
2000-12-11,SMI,Removed
2000-12-11,AYE,Added
2000-12-11,PRD,Removed
2000-12-11,SBL,Added
2000-12-11,INTU,Added
2000-12-11,MET,Added
2000-12-12,QLGC,Added
2000-12-12,KMI,Added
2000-12-12,VTSS,Added
2000-12-12,SYK,Added
2000-12-22,FLR,Added
2001-01-02,AMCC,Added
2001-01-16,NE,Added
2001-01-29,CGP,Removed
2001-01-30,JBL,Added
2001-02-06,UK,Removed
2001-02-07,UVN,Added
2001-02-27,FTR,Added
2001-02-28,SUB,Removed
2001-03-01,CTAS,Added
2001-04-01,CEN,Removed
2001-04-01,OK,Removed
2001-04-02,CE,Added
2001-04-02,BGG,Removed
2001-04-02,FISV,Added
2001-04-03,MIR,Added
2001-05-13,SXCL,Removed
2001-05-14,PBG,Added
2001-06-03,CIT,Removed
2001-06-04,MWW,Added
2001-06-24,AZA-A,Removed
2001-06-25,ZION,Added
2001-06-28,H,Removed
2001-06-29,JHF,Added
2001-07-01,LDG,Removed
2001-07-02,COL,Added
2001-07-08,PCH,Removed
2001-07-09,AWE,Added
2001-08-02,OAT,Removed
2001-08-03,PMCS,Added
2001-08-05,ETS,Removed
2001-08-06,FDO,Added
2001-08-06,TKR,Removed
2001-08-07,ZBH,Added
2001-08-28,AGC,Removed
2001-08-29,OKE,Removed
2001-08-30,ABC,Added
2001-08-30,CIEN,Added
2001-09-03,BVSN,Removed
2001-09-04,XL,Added
2001-09-04,IGT,Added
2001-09-16,TOS,Removed
2001-09-21,IMNX,Added
2001-10-09,GX,Removed
2001-10-09,TX,Removed
2001-10-10,EOP,Added
2001-10-10,TE,Added
2001-11-06,GPU,Removed
2001-11-07,HMA,Added
2001-11-29,ENRNQ,Removed
2001-11-30,NVDA,Added
2001-12-02,NSI,Removed
2001-12-03,EQR,Added
2001-12-12,RAL,Removed
2001-12-14,GENZ,Added
2001-12-16,HM,Removed
2001-12-17,JNY,Added
2002-01-01,FMC,Removed
2002-01-02,WAT,Added
2002-01-16,KM,Removed
2002-01-17,PCL,Added
2002-01-29,MEA,Removed
2002-01-31,NMK,Removed
2002-02-01,RATL,Added
2002-02-10,WLL,Removed
2002-02-11,MI,Added
2002-05-05,CPQ,Removed
2002-05-06,FHN,Added
2002-05-12,SAPE,Removed
2002-05-13,TT,Added
2002-05-14,UAWGQ,Removed
2002-05-14,WCOM,Removed
2002-05-15,BJS,Added
2002-05-15,APOL,Added
2002-06-25,CNXT,Removed
2002-06-26,SPG,Added
2002-07-15,IMNX,Removed
2002-07-17,NFB,Added
2002-07-21,PDG,Removed
2002-07-21,RDS-A,Removed
2002-07-21,AL,Removed
2002-07-21,INCLF,Removed
2002-07-21,ABX,Removed
2002-07-21,UN,Removed
2002-07-21,NRTLQ,Removed
2002-07-22,EBAY,Added
2002-07-22,GS,Added
2002-07-22,PFG,Added
2002-07-22,PRU,Added
2002-07-22,UPS,Added
2002-07-22,EA,Added
2002-07-22,SDS,Added
2002-07-24,CNC,Removed
2002-07-25,ANTM,Added
2002-08-13,PALM,Removed
2002-08-14,MON,Added
2002-08-20,VTSS,Removed
2002-09-02,COC,Removed
2002-09-04,RAI,Added
2002-12-11,TRW,Removed
2002-12-12,DGX,Added
2003-02-20,RATL,Removed
2003-02-24,AN,Added
2003-03-13,AAMRQ,Removed
2003-03-14,AIV,Added
2003-03-20,EHC,Removed
2003-03-21,MKC,Added
2003-03-30,HI,Removed
2003-03-31,SYMC,Added
2003-04-15,PHA,Removed
2003-04-16,FII,Added
2003-07-16,MIR,Removed
2003-07-17,PLD,Added
2003-08-19,MDR,Removed
2003-08-20,MHS,Added
2003-09-25,QTRN,Removed
2003-09-26,ESRX,Added
2003-11-12,BGEN,Removed
2003-11-13,BIIB,Added
2004-02-26,CE,Removed
2004-02-27,MTB,Added
2004-03-24,TUP,Removed
2004-03-25,CMX,Added
2004-03-31,FBF,Removed
2004-04-01,ETFC,Added
2004-04-02,ACS,Added
2004-04-22,PCS,Removed
2004-04-23,MYL,Added
2004-04-28,JHF,Removed
2004-04-29,VLO,Added
2004-05-02,AM,Removed
2004-05-03,HSP,Added
2004-06-30,ONE,Removed
2004-06-30,UPC,Removed
2004-07-01,SOV,Added
2004-07-01,GILD,Added
2004-08-02,TNB,Removed
2004-08-03,FSH,Added
2004-08-31,CF,Removed
2004-09-01,TPR,Added
2004-10-26,AWE,Removed
2004-10-27,CIT,Added
2004-10-31,SOTR,Removed
2004-11-01,LH,Added
2004-11-30,WLP,Removed
2004-12-01,LLL,Added
2004-12-02,WNDXQ,Removed
2004-12-03,FSL,Added
2004-12-19,DLX,Removed
2004-12-19,CR,Removed
2004-12-19,WOR,Removed
2004-12-20,FOXA,Added
2004-12-20,CBSS,Added
2004-12-20,ASN,Added
2004-12-28,PSFT,Removed
2004-12-29,XTO,Added
2005-03-13,PWER,Removed
2005-03-14,NOV,Added
2005-03-28,SHLD,Added
2005-07-04,VRTS,Removed
2005-07-04,GLK,Removed
2005-07-05,STZ,Added
2005-07-05,DHI,Added
2005-07-21,TOY,Removed
2005-07-22,WFT,Added
2005-08-10,UCL,Removed
2005-08-11,TSN,Added
2005-08-11,SDS,Removed
2005-08-12,VNO,Added
2005-08-14,NXTL,Removed
2005-08-15,MUR,Added
2005-08-18,DALRQ,Removed
2005-08-19,PSA,Added
2005-08-28,MAY,Removed
2005-08-30,CVH,Added
2005-10-02,PVN,Removed
2005-10-02,G,Removed
2005-10-03,AMP,Added
2005-10-04,LEN,Added
2005-10-10,DPHIQ,Removed
2005-10-11,PDCO,Added
2005-11-21,AMZN,Added
2005-12-01,CPNLQ,Removed
2005-12-02,GNW,Added
2005-12-19,GP,Removed
2005-12-20,SSP,Added
2006-01-02,VSTNQ,Removed
2006-01-02,KRB,Removed
2006-01-03,WFM,Added
2006-01-03,VIAB,Added
2006-01-03,MERQ,Removed
2006-01-05,EL,Added
2006-01-31,SEBL,Removed
2006-01-31,RBK,Removed
2006-02-01,VRSN,Added
2006-02-01,HAR,Added
2006-02-26,SFA,Removed
2006-02-27,BRL,Added
2006-03-02,DCNAQ,Removed
2006-03-03,CHK,Added
2006-04-02,CIN,Removed
2006-04-02,MYG,Removed
2006-04-02,BR,Removed
2006-04-02,JP,Removed
2006-04-03,BXP,Added
2006-04-03,DF,Added
2006-04-03,GOOGL,Added
2006-04-03,KIM,Added
2006-04-19,CHIR,Removed
2006-04-20,SNDK,Added
2006-04-23,GDT,Removed
2006-04-24,LM,Added
2006-05-17,AMCC,Removed
2006-05-18,EQ,Added
2006-06-01,ABS,Removed
2006-06-02,JNPR,Added
2006-06-05,EC,Removed
2006-06-06,CBH,Added
2006-06-27,KRI,Removed
2006-06-28,CNX,Added
2006-07-17,CTB,Removed
2006-07-18,WIN,Added
2006-07-31,GTW,Removed
2006-07-31,CAR,Removed
2006-08-01,H,Added
2006-08-01,WYND,Added
2006-08-10,KMG,Removed
2006-08-11,CME,Added
2006-10-01,ANDW,Removed
2006-10-01,GDW,Removed
2006-10-02,SII,Added
2006-10-02,WU,Added
2006-11-05,ASO,Removed
2006-11-06,CELG,Added
2006-11-09,LPX,Removed
2006-11-09,FSH,Removed
2006-11-10,FIS,Added
2006-11-10,CBRE,Added
2006-11-16,ACV,Removed
2006-11-17,CTSH,Added
2006-11-19,HCA,Removed
2006-11-20,BTU,Added
2006-11-30,NFB,Removed
2006-11-30,LU,Removed
2006-12-01,IAC,Added
2006-12-01,STR,Added
2006-12-03,FSL,Removed
2006-12-04,DTV,Added
2006-12-19,NAV,Removed
2006-12-20,TEX,Added
2007-01-02,BLS,Removed
2007-01-03,SE,Added
2007-01-04,ESV,Added
2007-01-09,SBL,Removed
2007-01-10,AVB,Added
2007-01-31,CMVT,Removed
2007-02-02,RL,Added
2007-02-11,EOP,Removed
2007-02-12,VAR,Added
2007-02-14,APCC,Removed
2007-02-15,HCBK,Added
2007-02-21,PGL,Removed
2007-02-22,TEG,Added
2007-03-01,HMA,Removed
2007-03-02,CHRW,Added
2007-03-19,PD,Removed
2007-03-20,HST,Added
2007-03-22,CMX,Removed
2007-03-23,DDR,Added
2007-03-28,UVN,Removed
2007-03-29,ANF,Added
2007-04-01,TSG,Removed
2007-04-02,MDLZ,Added
2007-04-09,H,Removed
2007-04-10,AIZ,Added
2007-05-30,KMI,Removed
2007-05-31,SUNEQ,Added
2007-05-31,MEDI,Removed
2007-06-01,PCP,Added
2007-07-01,SANM,Removed
2007-07-01,MEL,Removed
2007-07-01,ADCT,Removed
2007-07-01,PMCS,Removed
2007-07-02,COV,Added
2007-07-02,TEL,Added
2007-07-02,GGP,Added
2007-07-02,DFS,Added
2007-07-08,DG,Removed
2007-07-09,ACAS,Added
2007-07-11,BMET,Removed
2007-07-12,AKAM,Added
2007-08-26,KSE,Removed
2007-08-27,JEF,Added
2007-09-06,CBSS,Removed
2007-09-07,MCHP,Added
2007-09-24,FDC,Removed
2007-09-26,MXIM,Removed
2007-09-26,ICE,Added
2007-09-27,ANDV,Added
2007-09-30,NCR,Removed
2007-10-01,TDC,Added
2007-10-01,SLR,Removed
2007-10-02,EXPE,Added
2007-10-07,ASN,Removed
2007-10-08,NBL,Added
2007-10-09,TXU,Removed
2007-10-10,EXPD,Added
2007-10-24,HLT,Removed
2007-10-25,NYX,Added
2007-10-25,AV,Removed
2007-10-26,J,Added
2007-10-28,BOL,Removed
2007-10-29,TIE,Added
2007-11-08,HCR,Removed
2007-11-09,POM,Added
2007-11-15,TEK,Removed
2007-11-16,MTW,Added
2007-11-18,AT,Removed
2007-11-19,AMT,Added
2007-12-13,DJ,Removed
2007-12-14,GME,Added
2007-12-20,TRB,Removed
2007-12-21,RRC,Added
2007-12-30,TIN,Removed
2007-12-31,GHC,Added
2008-01-01,SNV,Removed
2008-01-02,TSS,Added
2008-01-28,HET,Removed
2008-01-29,CAM,Added
2008-03-30,CCTYQ,Removed
2008-03-30,CBH,Removed
2008-03-31,HCP,Added
2008-03-31,PM,Added
2008-06-01,BSC,Removed
2008-06-02,ISRG,Added
2008-06-05,TT,Removed
2008-06-06,SWN,Added
2008-06-10,ABK,Removed
2008-06-10,ABKFQ,Removed
2008-06-11,LO,Added
2008-06-22,OMX,Removed
2008-06-22,BC,Removed
2008-06-23,COG,Added
2008-06-23,MEE,Added
2008-06-30,SSP,Removed
2008-06-30,CFC,Removed
2008-07-01,AKS,Added
2008-07-01,SNI,Added
2008-07-18,MA,Added
2008-07-30,CCU,Removed
2008-07-31,DVA,Added
2008-08-20,IAC,Removed
2008-08-21,IVZ,Added
2008-08-25,EDS,Removed
2008-08-27,CF,Added
2008-09-10,FNMA,Removed
2008-09-10,FMCC,Removed
2008-09-15,CRM,Added
2008-09-15,FAST,Added
2008-09-16,LEHMQ,Removed
2008-09-22,SAF,Removed
2008-09-22,HRS,Added
2008-09-24,PXD,Added
2008-09-29,WEN,Removed
2008-09-29,WAMUQ,Removed
2008-09-30,APH,Added
2008-10-02,FLS,Added
2008-10-06,WWY,Removed
2008-10-07,DPS,Added
2008-10-21,DDS,Removed
2008-10-22,NDAQ,Added
2008-10-30,MTG,Removed
2008-10-31,WEC,Added
2008-11-05,TEX,Removed
2008-11-06,SJM,Added
2008-11-10,UIS,Removed
2008-11-12,GGP,Removed
2008-11-13,ASH,Removed
2008-11-13,PBCT,Added
2008-11-13,HPC,Removed
2008-11-14,XRAY,Added
2008-11-14,WYNN,Added
2008-11-17,BUD,Removed
2008-11-17,CEPH,Added
2008-11-19,SRCL,Added
2008-11-23,ABI,Removed
2008-11-24,LIFE,Added
2008-12-01,KATE,Removed
2008-12-02,DNB,Added
2008-12-04,AW,Removed
2008-12-05,RSG,Added
2008-12-18,RIG,Removed
2008-12-19,EQT,Added
2008-12-22,BRL,Removed
2008-12-23,MFE,Added
2009-01-01,MER,Removed
2009-01-01,NCC,Removed
2009-01-01,WB,Removed
2009-01-02,SCG,Added
2009-01-02,FLIR,Added
2009-01-02,OI,Added
2009-01-05,UST,Removed
2009-01-06,IRM,Added
2009-01-29,SOV,Removed
2009-01-30,WELL,Added
2009-02-25,WFT,Removed
2009-02-26,DO,Added
2009-03-03,ACAS,Removed
2009-03-03,JNY,Removed
2009-03-04,VTR,Added
2009-03-04,HRL,Added
2009-03-17,ES,Added
2009-03-26,NE,Removed
2009-03-27,ORLY,Added
2009-03-29,DDR,Removed
2009-03-30,TWC,Added
2009-04-01,ROH,Removed
2009-04-02,DNR,Added
2009-06-02,MTLQQ,Removed
2009-06-02,GM,Removed
2009-06-04,COV,Removed
2009-06-05,FTI,Added
2009-06-09,ATGE,Added
2009-06-25,TEL,Removed
2009-06-30,EQ,Removed
2009-06-30,IR,Removed
2009-07-01,PWR,Added
2009-07-01,WDC,Added
2009-07-26,CIT,Removed
2009-07-27,RHT,Added
2009-08-18,CTX,Removed
2009-08-19,FMC,Added
2009-08-31,MTW,Removed
2009-09-01,CFN,Added
2009-09-08,CBE,Removed
2009-09-09,ARG,Added
2009-10-15,WYE,Removed
2009-10-16,FSLR,Added
2009-11-03,SGP,Removed
2009-11-06,BKNG,Added
2009-12-20,KBH,Removed
2009-12-20,MBI,Removed
2009-12-20,CVG,Removed
2009-12-20,CIEN,Removed
2009-12-20,DYN,Removed
2009-12-21,ROST,Added
2009-12-21,LDOS,Added
2009-12-21,CLF,Added
2009-12-21,V,Added
2009-12-21,MJN,Added
2009-12-22,ESV,Removed
2009-12-23,ROP,Added
2010-01-26,JAVA,Removed
2010-01-29,NRG,Added
2010-02-07,ACS,Removed
2010-02-08,URBN,Added
2010-02-15,BNI,Removed
2010-02-16,BRK/B,Added
2010-02-25,RX,Removed
2010-02-28,PBG,Removed
2010-03-01,DISCA,Added
2010-03-01,HP,Added
2010-03-14,BDK,Removed
2010-03-15,OKE,Added
2010-04-28,BJS,Removed
2010-04-30,CERN,Added
2010-06-27,XTO,Removed
2010-06-28,KMX,Added
2010-06-30,STR,Removed
2010-07-01,QEP,Added
2010-07-14,MIL,Removed
2010-08-26,SII,Removed
2010-11-16,PTV,Removed
2010-11-17,IR,Added
2010-12-19,ODP,Removed
2010-12-19,NYT,Removed
2010-12-19,EKDKQ,Removed
2010-12-19,KG,Removed
2010-12-20,NFX,Added
2010-12-20,FFIV,Added
2010-12-20,CVC,Added
2010-12-20,NFLX,Added
2011-01-03,MDP,Removed
2011-01-04,MMI,Added
2011-01-17,QLGC,Removed
2011-01-18,NE,Added
2011-02-27,AYE,Removed
2011-02-28,MFE,Removed
2011-02-28,JOY,Added
2011-03-01,COV,Added
2011-03-31,Q,Removed
2011-04-01,EW,Added
2011-04-03,GENZ,Removed
2011-04-04,BLK,Added
2011-04-27,NOVL,Removed
2011-04-28,CMG,Added
2011-06-01,MEE,Removed
2011-06-02,ANRZQ,Added
2011-06-30,RSHCQ,Removed
2011-07-01,MPC,Added
2011-07-05,MI,Removed
2011-07-06,ACN,Added
2011-09-25,NSM,Removed
2011-09-26,MOS,Added
2011-10-13,CEPH,Removed
2011-10-17,TEL,Added
2011-10-31,ITT,Removed
2011-11-01,XYL,Added
2011-11-22,JNS,Removed
2011-11-23,CBE,Added
2011-12-11,GAS,Removed
2011-12-13,GAS,Added
2011-12-18,MWW,Removed
2011-12-18,SUNEQ,Removed
2011-12-18,AKS,Removed
2011-12-19,BWA,Added
2011-12-19,DLTR,Added
2011-12-19,PRGO,Added
2011-12-20,TLAB,Removed
2011-12-21,TRIP,Added
2012-01-02,CPWR,Removed
2012-01-03,WPX,Added
2012-03-12,CEG,Removed
2012-03-13,CCI,Added
2012-04-01,MHS,Removed
2012-04-04,FOSL,Added
2012-04-30,SVU,Removed
2012-05-01,PSX,Added
2012-05-21,MMI,Removed
2012-05-24,EP,Removed
2012-05-25,ALXN,Added
2012-05-25,KMI,Added
2012-06-04,NVLS,Removed
2012-06-05,LRCX,Added
2012-06-28,HSH,Removed
2012-06-29,MNST,Added
2012-07-01,PGN,Removed
2012-07-02,STX,Added
2012-07-26,GR,Removed
2012-07-31,ESV,Added
2012-09-04,SHLD,Removed
2012-09-05,LYB,Added
2012-09-30,LXK,Removed
2012-09-30,ATGE,Removed
2012-10-01,ANRZQ,Removed
2012-10-01,PNR,Added
2012-10-02,ADT,Added
2012-10-02,KRFT,Added
2012-10-04,SUN,Removed
2012-10-05,PETM,Added
2012-12-02,CBE,Removed
2012-12-03,DG,Added
2012-12-11,RRD,Removed
2012-12-12,GRMN,Added
2012-12-23,TIE,Removed
2012-12-24,APTV,Added
2013-01-01,FII,Removed
2013-01-02,ABBV,Added
2013-02-13,BIG,Removed
2013-02-14,PVH,Added
2013-05-01,REGN,Added
2013-05-06,CVH,Removed
2013-05-09,MAC,Added
2013-05-23,DF,Removed
2013-05-24,KSU,Added
2013-06-06,HNZ,Removed
2013-06-07,GM,Added
2013-06-23,FHN,Removed
2013-06-24,ZTS,Added
2013-06-30,APOL,Removed
2013-07-01,NWSA,Added
2013-07-08,S,Removed
2013-07-09,NLSN,Added
2013-09-10,BMC,Removed
2013-09-11,DAL,Added
2013-09-22,AMD,Removed
2013-09-22,LDOS,Removed
2013-09-23,VRTX,Added
2013-09-23,AME,Added
2013-10-28,DELL,Removed
2013-10-29,RIG,Added
2013-11-12,NYX,Removed
2013-11-13,KORS,Added
2013-12-01,JCP,Removed
2013-12-02,ALLE,Added
2013-12-08,MOLX,Removed
2013-12-10,GGP,Added
2013-12-22,VIAV,Removed
2013-12-22,TER,Removed
2013-12-22,ANF,Removed
2013-12-23,ADS,Added
2013-12-23,META,Added
2013-12-23,MHK,Added
2014-01-23,LIFE,Removed
2014-01-24,TSCO,Added
2014-03-23,WPX,Removed
2014-03-24,GMCR,Added
2014-04-01,CLF,Removed
2014-04-02,ESS,Added
2014-04-03,GOOG,Added
2014-04-30,BEAM,Removed
2014-04-30,SLM,Removed
2014-05-01,UAA,Added
2014-05-01,UA,Added
2014-05-01,NAVI,Added
2014-05-06,LSI,Removed
2014-05-08,AVGO,Added
2014-06-19,IGT,Removed
2014-06-20,XEC,Added
2014-06-30,FRX,Removed
2014-07-01,AMG,Added
2014-07-01,X,Removed
2014-07-02,MLM,Added
2014-08-07,DISCK,Added
2014-08-18,RDC,Removed
2014-08-19,MNK,Added
2014-09-21,GHC,Removed
2014-09-21,BTU,Removed
2014-09-22,UHS,Added
2014-09-22,URI,Added
2014-11-04,JBL,Removed
2014-11-05,LVLT,Added
2014-12-04,BMS,Removed
2014-12-05,RCL,Added
2015-01-26,SWY,Removed
2015-01-26,COV,Removed
2015-01-27,ENDP,Added
2015-01-27,HCA,Added
2015-03-11,PETM,Removed
2015-03-12,SWKS,Added
2015-03-16,CFN,Removed
2015-03-18,HSIC,Added
2015-03-22,DNR,Removed
2015-03-22,NBR,Removed
2015-03-22,AVP,Removed
2015-03-23,AAL,Added
2015-03-23,EQIX,Added
2015-03-23,HBI,Added
2015-03-23,SLG,Added
2015-04-06,WIN,Removed
2015-04-07,O,Added
2015-06-11,LO,Removed
2015-06-12,QRVO,Added
2015-06-29,TEG,Removed
2015-06-30,QEP,Removed
2015-07-01,ATI,Removed
2015-07-01,JBHT,Added
2015-07-01,BXLT,Added
2015-07-01,MWV,Removed
2015-07-02,WRK,Added
2015-07-02,CPGX,Added
2015-07-05,KRFT,Removed
2015-07-06,KHC,Added
2015-07-06,FDO,Removed
2015-07-09,AAP,Added
2015-07-19,NE,Removed
2015-07-20,PYPL,Added
2015-07-26,DTV,Removed
2015-07-29,SIG,Added
2015-08-30,PLL,Removed
2015-08-31,ATVI,Added
2015-09-02,HSP,Removed
2015-09-03,UAL,Added
2015-09-21,NWS,Added
2015-09-21,FOX,Added
2015-10-07,JOY,Removed
2015-10-08,VRSK,Added
2015-11-01,HCBK,Removed
2015-11-02,HPE,Added
2015-11-10,FCPT,Added
2015-11-16,FCPT,Removed
2015-11-17,SIAL,Removed
2015-11-17,GNW,Removed
2015-11-18,SYF,Added
2015-11-19,ILMN,Added
2015-11-30,CSRA,Added
2015-12-27,ALTR,Removed
2015-12-29,CHD,Added
2016-01-04,FOSL,Removed
2016-01-04,CCEP,Added
2016-01-04,CPRI,Added
2016-01-05,WLTW,Added
2016-01-19,EXR,Added
2016-01-31,PCP,Removed
2016-01-31,BRCM,Removed
2016-02-01,FRT,Added
2016-02-01,CFG,Added
2016-02-21,PCL,Removed
2016-02-22,CXO,Added
2016-03-02,GMCR,Removed
2016-03-03,CNX,Removed
2016-03-04,AWK,Added
2016-03-07,UDR,Added
2016-03-23,POM,Removed
2016-03-29,ESV,Removed
2016-03-30,CNC,Added
2016-03-30,HOLX,Added
2016-04-03,CAM,Removed
2016-04-04,FL,Added
2016-04-17,THC,Removed
2016-04-18,ULTA,Added
2016-04-24,GME,Removed
2016-04-25,GPN,Added
2016-05-01,ADT,Removed
2016-05-03,AYI,Added
2016-05-11,SNDK,Removed
2016-05-13,ALK,Added
2016-05-17,TWC,Removed
2016-05-18,DLR,Added
2016-05-22,ARG,Removed
2016-05-23,LKQ,Added
2016-05-30,CCE,Removed
2016-05-30,CCEP,Removed
2016-05-31,AJG,Added
2016-06-02,BXLT,Removed
2016-06-03,TDG,Added
2016-06-20,CVC,Removed
2016-06-24,FBHS,Added
2016-06-30,GAS,Removed
2016-06-30,CPGX,Removed
2016-06-30,TE,Removed
2016-07-01,LNT,Added
2016-07-01,ALB,Added
2016-07-05,FTV,Added
2016-09-06,EMC,Removed
2016-09-06,MTD,Added
2016-09-08,CHTR,Added
2016-09-22,HOT,Removed
2016-09-23,COO,Added
2016-10-02,DO,Removed
2016-10-03,COTY,Added
2016-12-01,OI,Removed
2016-12-01,LM,Removed
2016-12-02,MAA,Added
2016-12-02,EVHC,Added
2017-01-04,STJ,Removed
2017-01-05,IDXX,Added
2017-02-26,SE,Removed
2017-02-28,INCY,Added
2017-02-28,PBI,Removed
2017-03-01,CBOE,Added
2017-03-01,ENDP,Removed
2017-03-02,REG,Added
2017-03-12,HAR,Removed
2017-03-12,LLTC,Removed
2017-03-13,DISH,Added
2017-03-16,SNPS,Added
2017-03-19,FSLR,Removed
2017-03-19,FTR,Removed
2017-03-19,URBN,Removed
2017-03-20,ARE,Added
2017-03-20,AMD,Added
2017-03-20,RJF,Added
2017-04-03,SWN,Removed
2017-04-04,DNB,Removed
2017-04-04,DXC,Added
2017-04-05,IT,Added
2017-06-01,TGNA,Removed
2017-06-02,INFO,Added
2017-06-14,MJN,Removed
2017-06-18,AABA,Removed
2017-06-18,TDC,Removed
2017-06-18,R,Removed
2017-06-19,RE,Added
2017-06-19,HLT,Added
2017-06-19,ANSS,Added
2017-06-19,ALGN,Added
2017-07-24,RAI,Removed
2017-07-25,MNK,Removed
2017-07-25,BBBY,Removed
2017-07-25,RIG,Removed
2017-07-25,MUR,Removed
2017-07-26,RMD,Added
2017-07-26,PKG,Added
2017-07-26,MGM,Added
2017-07-26,DRE,Added
2017-07-26,AOS,Added
2017-08-07,BHF,Added
2017-08-07,AN,Removed
2017-08-27,WFM,Removed
2017-08-29,IQV,Added
2017-08-31,DOW,Removed
2017-08-31,DD,Removed
2017-09-01,DWDP,Added
2017-09-01,SBAC,Added
2017-09-12,SPLS,Removed
2017-09-18,CDNS,Added
2017-10-12,LVLT,Removed
2017-10-13,NCLH,Added
2017-12-28,BCR,Removed
2018-01-03,HII,Added
2018-03-06,SNI,Removed
2018-03-07,IPGP,Added
2018-03-18,PDCO,Removed
2018-03-18,CHK,Removed
2018-03-18,SIG,Removed
2018-03-19,SIVB,Added
2018-03-19,TTWO,Added
2018-03-19,NKTR,Added
2018-04-03,CSRA,Removed
2018-04-04,MSCI,Added
2018-05-30,WYND,Removed
2018-05-31,ABMD,Added
2018-06-04,NAVI,Removed
2018-06-05,EVRG,Added
2018-06-06,MON,Removed
2018-06-07,TWTR,Added
2018-06-14,TWX,Removed
2018-06-17,AYI,Removed
2018-06-17,RRC,Removed
2018-06-18,HFC,Added
2018-06-18,BR,Added
2018-06-20,FLT,Added
2018-07-01,DPS,Removed
2018-07-02,CPRT,Added
2018-08-27,GGP,Removed
2018-08-28,ANET,Added
2018-09-11,XL,Removed
2018-09-17,WCG,Added
2018-09-18,KORS,Removed
2018-09-30,ANDV,Removed
2018-10-01,ROL,Added
2018-10-10,EVHC,Removed
2018-10-11,FTNT,Added
2018-10-30,PX,Removed
2018-10-31,LIN,Added
2018-11-05,CA,Removed
2018-11-06,KEYS,Added
2018-11-12,EQT,Removed
2018-11-13,JKHY,Added
2018-11-26,COL,Removed
2018-11-28,AET,Removed
2018-12-02,SRCL,Removed
2018-12-03,LW,Added
2018-12-03,FANG,Added
2018-12-03,MXIM,Added
2018-12-20,ESRX,Removed
2018-12-24,CE,Added
2019-01-01,SCG,Removed
2019-01-02,FRC,Added
2019-01-17,PCG,Removed
2019-01-18,TFX,Added
2019-02-14,NFX,Removed
2019-02-15,ATO,Added
2019-02-26,GT,Removed
2019-02-27,WAB,Added
2019-04-01,BHF,Removed
2019-04-02,DOW,Added
2019-04-02,DWDP,Removed
2019-05-31,HRS,Removed
2019-06-01,LHX,Added
2019-06-02,FLR,Removed
2019-06-03,CTVA,Added
2019-06-03,DD,Added
2019-06-06,MAT,Removed
2019-06-07,AMCR,Added
2019-06-30,LLL,Removed
2019-07-01,MKTX,Added
2019-07-14,RHT,Removed
2019-07-15,TMUS,Added
2019-08-07,TMK,Removed
2019-08-08,GL,Added
2019-08-08,APC,Removed
2019-08-08,FL,Removed
2019-08-09,LDOS,Added
2019-08-09,IEX,Added
2019-09-22,TSS,Removed
2019-09-23,CDW,Added
2019-09-25,JEF,Removed
2019-09-26,NVR,Added
2019-10-02,NKTR,Removed
2019-10-03,LVS,Added
2019-10-17,BHGE,Removed
2019-10-18,BKR,Added
2019-11-04,SYMC,Removed
2019-11-04,HCP,Removed
2019-11-05,NLOK,Added
2019-11-05,PEAK,Added
2019-11-20,CELG,Removed
2019-11-21,NOW,Added
2019-12-04,CBS,Removed
2019-12-04,VIAB,Removed
2019-12-05,VIAC,Added
2019-12-05,WRB,Added
2019-12-08,BBT,Removed
2019-12-08,STI,Removed
2019-12-09,ODFL,Added
2019-12-09,TFC,Added
2019-12-22,TRIP,Removed
2019-12-22,AMG,Removed
2019-12-22,MAC,Removed
2019-12-23,ZBRA,Added
2019-12-23,STE,Added
2019-12-23,LYV,Added
2020-01-27,WCG,Removed
2020-01-28,PAYC,Added
2020-03-02,XEC,Removed
2020-03-03,TT,Added
2020-04-02,UTX,Removed
2020-04-03,OTIS,Added
2020-04-03,CARR,Added
2020-04-03,RTX,Added
2020-04-05,RTN,Removed
2020-04-05,M,Removed
2020-04-05,ARNC,Removed
2020-04-06,HWM,Added
2020-05-11,AGN,Removed
2020-05-11,CPRI,Removed
2020-05-12,DPZ,Added
2020-05-12,DXCM,Added
2020-05-21,HP,Removed
2020-05-22,WST,Added
2020-06-21,ADS,Removed
2020-06-21,JWN,Removed
2020-06-21,HOG,Removed
2020-06-22,BIO,Added
2020-06-22,TDY,Added
2020-06-22,TYL,Added
2020-09-17,CTL,Removed
2020-09-18,LUMN,Added
2020-09-20,HRB,Removed
2020-09-20,KSS,Removed
2020-09-20,COTY,Removed
2020-09-21,CTLT,Added
2020-09-21,ETSY,Added
2020-09-21,TER,Added
2020-10-06,ETFC,Removed
2020-10-07,POOL,Added
2020-10-11,NBL,Removed
2020-10-12,VNT,Added
2020-11-16,MYL,Removed
2020-11-17,VTRS,Added
2020-12-20,AIV,Removed
2020-12-21,TSLA,Added
2021-01-06,TIF,Removed
2021-01-07,ENPH,Added
2021-01-20,CXO,Removed
2021-01-21,TRMB,Added
2021-02-11,FTI,Removed
2021-02-12,MPWR,Added
2021-03-21,VNT,Removed
2021-03-21,SLG,Removed
2021-03-21,XRX,Removed
2021-03-21,FLS,Removed
2021-03-22,PENN,Added
2021-03-22,GNRC,Added
2021-03-22,NXPI,Added
2021-03-22,CZR,Added
2021-04-19,VAR,Removed
2021-04-20,PTC,Added
2021-05-13,FLIR,Removed
2021-05-14,CRL,Added
2021-06-03,HFC,Removed
2021-06-04,OGN,Added
2021-07-20,ALXN,Removed
2021-07-21,MRNA,Added
2021-08-02,LTD,Removed
2021-08-03,BBWI,Added
2021-08-29,MXIM,Removed
2021-08-30,TECH,Added
2021-09-19,PRGO,Removed
2021-09-19,NOV,Removed
2021-09-19,UNM,Removed
2021-09-20,BRO,Added
2021-09-20,CDAY,Added
2021-09-20,MTCH,Added
2021-10-03,COG,Removed
2021-10-04,CTRA,Added
2021-12-13,KSU,Removed
2021-12-14,EPAM,Added
2021-12-19,LEG,Removed
2021-12-19,HBI,Removed
2021-12-19,WU,Removed
2021-12-20,FDS,Added
2021-12-20,SBNY,Added
2021-12-20,SEDG,Added
2022-01-09,WLTW,Removed
2022-01-10,WTW,Added
2022-02-01,GPS,Removed
2022-02-02,CEG,Added
2022-02-14,XLNX,Removed
2022-02-15,NDSN,Added
2022-02-16,VIAC,Removed
2022-02-17,PARA,Added
2022-03-01,INFO,Removed
2022-03-02,MOH,Added
2022-04-03,PBCT,Removed
2022-04-04,CPT,Added
2022-04-10,DISCK,Removed
2022-04-10,DISCA,Removed
2022-04-11,WBD,Added
2022-06-07,CERN,Removed
2022-06-08,VICI,Added
2022-06-20,IPGP,Removed
2022-06-20,UA,Removed
2022-06-20,UAA,Removed
2022-06-21,ON,Added
2022-06-21,KDP,Added
2022-06-27,ANTM,Removed
2022-06-28,ELV,Added
2022-09-18,PVH,Removed
2022-09-18,PENN,Removed
2022-09-19,CSGP,Added
2022-09-19,INVH,Added
2022-10-02,CTXS,Removed
2022-10-02,DRE,Removed
2022-10-03,EQT,Added
2022-10-03,PCG,Added
2022-10-11,NLSN,Removed
2022-10-12,TRGP,Added
2022-10-31,TWTR,Removed
2022-11-01,ACGL,Added
2022-11-07,NLOK,Removed
2022-11-08,GEN,Added
2022-12-18,FBHS,Removed
2022-12-19,FSLR,Added
2022-12-21,ABMD,Removed
2022-12-22,STLD,Added
2023-01-03,VNO,Removed
2023-01-04,GEHC,Added
2023-03-14,SIVB,Removed
2023-03-14,SBNY,Removed
2023-03-15,PODD,Added
2023-03-15,BG,Added
2023-03-19,LUMN,Removed
2023-03-20,FICO,Added
2023-05-03,FRC,Removed
2023-05-04,AXON,Added
2023-05-15,PKI,Removed
2023-05-16,RVTY,Added
2023-06-19,DISH,Removed
2023-06-20,PANW,Added
2023-07-09,RE,Removed
2023-07-10,EG,Added
2023-08-24,AAP,Removed
2023-08-25,KVUE,Added
2023-08-29,ABC,Removed
2023-08-30,COR,Added
2023-09-17,NWL,Removed
2023-09-17,LNC,Removed
2023-09-18,BX,Added
2023-09-18,ABNB,Added
2023-10-01,DXC,Removed
2023-10-02,VLTO,Added
2023-10-17,OGN,Removed
2023-10-17,ATVI,Removed
2023-10-18,LULU,Added
2023-10-18,HUBB,Added
2023-12-15,ALK,Removed
2023-12-18,JBL,Added
2023-12-18,BLDR,Added
2023-12-18,UBER,Added
2023-12-18,SEDG,Removed
2023-12-18,SEE,Removed
2024-03-03,PEAK,Removed
2024-03-04,DOC,Added
2024-03-17,WHR,Removed
2024-03-17,ZION,Removed
2024-03-18,DECK,Added
2024-03-18,SMCI,Added
2024-03-24,FLT,Removed
2024-03-25,CPAY,Added
2024-04-02,XRAY,Removed
2024-04-02,VFC,Removed
2024-04-03,GEV,Added
2024-04-03,SOLV,Added
2024-05-07,PXD,Removed
2024-05-08,VST,Added
2024-06-23,RHI,Removed
2024-06-23,ILMN,Removed
2024-06-23,CMA,Removed
2024-06-24,KKR,Added
2024-06-24,GDDY,Added
2024-06-24,CRWD,Added
2024-07-07,WRK,Removed
2024-07-08,SW,Added
2024-09-22,AAL,Removed
2024-09-22,BIO,Removed
2024-09-22,ETSY,Removed
2024-09-23,DELL,Added
2024-09-23,PLTR,Added
2024-09-23,ERIE,Added
2024-09-30,AMTM,Added
2024-09-30,BBWI,Removed
2024-11-25,MRO,Removed
2024-11-26,TPL,Added
2024-12-22,CTLT,Removed
2024-12-22,AMTM,Removed
2024-12-22,QRVO,Removed
2024-12-23,APO,Added
2024-12-23,LII,Added
2024-12-23,WDAY,Added
2025-03-23,FMC,Removed
2025-03-23,TFX,Removed
2025-03-23,CE,Removed
2025-03-23,BWA,Removed
2025-03-24,DASH,Added
2025-03-24,EXE,Added
2025-03-24,TKO,Added
2025-03-24,WSM,Added
2025-05-18,DFS,Removed
2025-05-19,COIN,Added
2025-07-08,JNPR,Removed
2025-07-09,DDOG,Added
2025-07-17,ANSS,Removed
2025-07-18,TTD,Added
2025-07-22,HES,Removed
2025-07-23,XYZ,Added
2025-08-07,PARA,Removed
2025-08-08,PSKY,Added
2025-08-27,WBA,Removed
2025-08-28,IBKR,Added
2025-09-21,CZR,Removed
2025-09-21,MKTX,Removed
2025-09-21,ENPH,Removed
2025-09-22,APP,Added
2025-09-22,EME,Added
2025-09-22,HOOD,Added
2025-10-30,SOLS,Added
2025-10-30,KMX,Removed
2025-11-03,EMN,Removed
2025-11-03,Q,Added
2025-11-27,IPG,Removed
2025-11-28,SNDK,Added
2025-12-10,K,Removed
2025-12-11,ARES,Added
2025-12-21,LKQ,Removed
2025-12-21,SOLS,Removed
2025-12-21,MHK,Removed
2025-12-22,CRH,Added
2025-12-22,FIX,Added
2025-12-22,CVNA,Added
2026-01-13,MMC,Removed
2026-01-14,MRSH,Added
2026-02-09,CDAY,Removed
2026-02-09,CIEN,Added
2026-03-23,COHR,Added
2026-03-23,LITE,Added
2026-03-23,MOH,Removed
2026-03-23,PAYC,Removed
2026-03-23,LW,Removed
2026-03-23,SATS,Added
2026-03-23,MTCH,Removed
2026-03-23,VRT,Added
