window,entry,exit,holding_n,tc_bps,ann_return,ann_vol,sharpe,max_dd,total_return,avg_daily_turnover,avg_rebalance_turnover
1,0.05,0.15,1,10.0,-0.5245833765603252,0.1491020637439659,-4.98694477277812,-0.9987683982456402,-0.9987445625699182,3.1405234144446057,3.1405234144446057
1,0.05,0.15,1,20.0,-0.7845390641091811,0.14546267900646462,-10.552367578560988,-0.9999989745881566,-0.9999989745881566,3.1405234144446057,3.1405234144446057
1,0.05,0.15,2,10.0,-0.32841701064418716,0.14827043908689883,-2.6850779230600024,-0.9751107900856254,-0.9720332735192515,1.5883581447688224,3.176716289537645
1,0.05,0.15,2,20.0,-0.5499443040579528,0.15221380705980406,-5.245147930651962,-0.9992440160127501,-0.999232815052913,1.5883581447688224,3.176716289537645
1,0.05,0.15,3,10.0,-0.15550300489903646,0.14797586268475507,-1.1421734455412813,-0.796348938356717,-0.7809475642002045,1.068603844919268,3.2043961654267856
1,0.05,0.15,3,20.0,-0.35486925019846527,0.15254907113607682,-2.873188716228049,-0.9811145714717697,-0.9805082357707982,1.068603844919268,3.2043961654267856
1,0.05,0.15,4,10.0,-0.16087608748617477,0.1427096404536632,-1.2290472608778333,-0.8477783489938864,-0.793155496048827,0.799945817295467,3.1997832691818684
1,0.05,0.15,4,20.0,-0.3140724291343423,0.14678828759374907,-2.568210617063882,-0.972303134142132,-0.9661854902816086,0.799945817295467,3.1997832691818684
1,0.05,0.15,5,10.0,-0.09809511138558291,0.14444473951969938,-0.7147799900338362,-0.7402910471274426,-0.6044891492187696,0.6381870875647135,3.189526636305765
1,0.05,0.15,5,20.0,-0.23207972171632585,0.14858937974501446,-1.7771751655050487,-0.9311000158278121,-0.9067464006983204,0.6381870875647135,3.189526636305765
1,0.05,0.15,6,10.0,-0.13539381916804039,0.1463045286635068,-0.9943722134021667,-0.7478539369575412,-0.7293750046075307,0.5342527636433819,3.1998631134619493
1,0.05,0.15,6,20.0,-0.24430154727947628,0.14910067114783065,-1.8786827200683585,-0.9214859516783441,-0.9192638988874644,0.5342527636433819,3.1998631134619493
1,0.05,0.15,7,10.0,-0.037231170223101406,0.1439401307719165,-0.2635953430806338,-0.5054443618446132,-0.2888524031665385,0.4587923552426967,3.205882383547732
1,0.05,0.15,7,20.0,-0.1423486565320342,0.1468414466429355,-1.0457375978353713,-0.7828431790480912,-0.7483160568575391,0.4587923552426967,3.205882383547732
1,0.05,0.15,8,10.0,-0.09272228740406263,0.1449757580166626,-0.6711928185517,-0.6308139923994134,-0.5828108814148465,0.40312363833360587,3.2249891066688474
1,0.05,0.15,8,20.0,-0.1803631023245098,0.14736594138358589,-1.349659511808304,-0.8436037075641558,-0.832519366516154,0.40312363833360587,3.2249891066688474
1,0.05,0.15,9,10.0,-0.03360851005903087,0.1409853150194166,-0.24248098303158483,-0.4641934210287799,-0.2644477350262626,0.3577958189859486,3.214483072159475
1,0.05,0.15,9,20.0,-0.11692999809370208,0.1426284611034721,-0.8718512644763977,-0.7338199245440393,-0.6727999152318317,0.3577958189859486,3.214483072159475
1,0.05,0.15,10,10.0,-0.008342543550584391,0.14560931665942878,-0.057534349586132544,-0.4117124135254592,-0.07250220249973549,0.32301980684941056,3.221660100031126
1,0.05,0.15,10,20.0,-0.08586638274315961,0.1478191711812101,-0.607353754836538,-0.6577132227915513,-0.5536186742883213,0.32301980684941056,3.221660100031126
1,0.05,0.15,11,10.0,-0.07000648224528128,0.13264213140043232,-0.5471690046674484,-0.6313796665463607,-0.47902172707683277,0.29140107717563984,3.2025827122604302
1,0.05,0.15,11,20.0,-0.13585157303498308,0.13459897369616808,-1.0847834159062502,-0.7750492423793772,-0.7306595212494555,0.29140107717563984,3.2025827122604302
1,0.05,0.15,12,10.0,-0.12685804477718388,0.14447218968639003,-0.9389843847751211,-0.7279521654287939,-0.7044037817816624,0.2659355469491464,3.1855982978458592
1,0.05,0.15,12,20.0,-0.18345470047417478,0.14612949502362438,-1.3869403158356828,-0.8483537545305576,-0.8381101254860861,0.2659355469491464,3.1855982978458592
1,0.05,0.15,13,10.0,-0.01062674900579541,0.14224002315986478,-0.07510977501012032,-0.4707093822928118,-0.09152050722849125,0.24430129583512317,3.1605607644041083
1,0.05,0.15,13,20.0,-0.069699421799577,0.14418228595499633,-0.5010847359569084,-0.6229993764602533,-0.47747429375321626,0.24430129583512317,3.1605607644041083
1,0.05,0.15,14,10.0,-0.007559907401993082,0.1360979683225687,-0.05575857184960841,-0.456470206014544,-0.06590506335583146,0.2312250251097973,3.2314410916579086
1,0.05,0.15,14,20.0,-0.06373557276530883,0.1373945780515088,-0.4793299386841809,-0.606724910429263,-0.4465980331624272,0.2312250251097973,3.2314410916579086
1,0.05,0.15,15,10.0,-0.0052406274772800465,0.1421745175091799,-0.03695745076812781,-0.2822615800857088,-0.04610937817753935,0.21156881969867106,3.172131177468817
1,0.05,0.15,15,20.0,-0.056887544266932766,0.14389179987782394,-0.40704022289750713,-0.4731916588347199,-0.40915293839923184,0.21156881969867106,3.172131177468817
1,0.05,0.15,16,10.0,-0.0365035095896491,0.14167548281762307,-0.2624761386884991,-0.4292788619988378,-0.2840089715796529,0.2023150086989648,3.2256421105243396
1,0.05,0.15,16,20.0,-0.08439462080234683,0.14299821646799907,-0.616579829082475,-0.6142796981158556,-0.547120331815951,0.2023150086989648,3.2256421105243396
1,0.05,0.15,17,10.0,-0.07863305456147818,0.14525371829266154,-0.5638196554713039,-0.6614200196457428,-0.520864653919809,0.18910546311747756,3.19503558580574
1,0.05,0.15,17,20.0,-0.12151063571928222,0.14674599616512635,-0.8828280259416443,-0.7352232106369365,-0.6877361983507899,0.18910546311747756,3.19503558580574
1,0.05,0.15,18,10.0,-0.06354586056196232,0.14422263818070002,-0.45523178117444024,-0.5073910650572488,-0.445589791477463,0.17848862888578726,3.207129014265257
1,0.05,0.15,18,20.0,-0.10473352083861209,0.14505535957149518,-0.7627009665186887,-0.6648930859118374,-0.6298876509790645,0.17848862888578726,3.207129014265257
1,0.05,0.15,19,10.0,-0.08484438258918725,0.13511284967198195,-0.6562007589191521,-0.6035398896099846,-0.5491150494303214,0.1673742212363933,3.157793640659954
1,0.05,0.15,19,20.0,-0.12264138422370496,0.13659210134361296,-0.957884511322609,-0.7217332344491402,-0.6913286954005964,0.1673742212363933,3.157793640659954
1,0.05,0.15,20,10.0,-0.01977847598684357,0.1439558808577745,-0.1387695162670948,-0.5316284464393364,-0.1642895698091239,0.16085991139088623,3.1946213981488283
1,0.05,0.15,20,20.0,-0.05871883069885209,0.14504861762813231,-0.4171938113611061,-0.6448548822838933,-0.41938067340079244,0.16085991139088623,3.1946213981488283
1,0.05,0.15,21,10.0,-0.07359179560139983,0.1461939130750999,-0.5228693478315296,-0.5560825904483125,-0.49679090806692816,0.1488437317801381,3.120205636576228
1,0.05,0.15,21,20.0,-0.10769648104657659,0.1474988843849595,-0.772541005108314,-0.6805748453838248,-0.640748189467725,0.1488437317801381,3.120205636576228
1,0.05,0.15,22,10.0,-0.021219017378061977,0.12960373163269204,-0.16548425428001498,-0.3358277515185921,-0.1752590627181997,0.1429300593226851,3.1416859641413515
1,0.05,0.15,22,20.0,-0.0558457746133052,0.1307688800779169,-0.4394451630710584,-0.48778809186166805,-0.4032634851563801,0.1429300593226851,3.1416859641413515
1,0.05,0.15,23,10.0,0.02611821024878358,0.13136187357312712,0.19627426191478056,-0.21296941981165562,0.2606624537717297,0.13957239247302805,3.191837338979147
1,0.05,0.15,23,20.0,-0.009345346392888532,0.13247036092641493,-0.07087840674874,-0.27111552912160153,-0.0808946767205736,0.13957239247302805,3.191837338979147
1,0.05,0.15,24,10.0,-0.08181680022131066,0.14512327309515344,-0.588178191011844,-0.5982246183540614,-0.5355355250433147,0.13130385596481836,3.1291782095194605
1,0.05,0.15,24,20.0,-0.11170103108427953,0.14643671104256822,-0.8088608047986521,-0.6845221429115181,-0.6549762879513137,0.13130385596481836,3.1291782095194605
1,0.05,0.15,25,10.0,-0.050550204658100895,0.13359719023867103,-0.38827631683300184,-0.5159624954281802,-0.3725116975642049,0.1262663668443114,3.141396203687044
1,0.05,0.15,25,20.0,-0.08028528499166099,0.13466656536760235,-0.6214738541925405,-0.6225790171227015,-0.5285288206474091,0.1262663668443114,3.141396203687044
1,0.05,0.15,26,10.0,-0.02156208542265381,0.14684446004288937,-0.14844239776879006,-0.49388043674052107,-0.177852528766279,0.12401764547871794,3.190635788225198
1,0.05,0.15,26,20.0,-0.051667775569872565,0.1475299752907704,-0.3595905869563688,-0.5778363201594889,-0.3791162694629294,0.12401764547871794,3.190635788225198
1,0.05,0.15,27,10.0,-0.051283910859394655,0.14134565958836529,-0.3724606311626283,-0.4630220920911471,-0.3768547219646672,0.11800544900413489,3.1805278160162067
1,0.05,0.15,27,20.0,-0.07908088235647137,0.1420388271734724,-0.5800038508541603,-0.5794858767592308,-0.5229528437212196,0.11800544900413489,3.1805278160162067
1,0.05,0.15,28,10.0,-0.01249572985131564,0.13221459425007742,-0.09510642971248794,-0.4058718324561795,-0.1068230161698912,0.11589177180117065,3.239246559973461
1,0.05,0.15,28,20.0,-0.04091846274730504,0.13270258484635386,-0.31483323823177983,-0.4844947184928212,-0.31295088609943855,0.11589177180117065,3.239246559973461
1,0.05,0.15,29,10.0,-0.02429109075584268,0.12890378514908493,-0.19077008290213163,-0.3633753725427943,-0.1982260261116443,0.10786856815435214,3.0913220038158635
1,0.05,0.15,29,20.0,-0.05045643235554176,0.13007037967438906,-0.3980450052025222,-0.46554535934690267,-0.371954697393587,0.10786856815435214,3.0913220038158635
1,0.05,0.15,30,10.0,-0.040472217720463166,0.1404867694332299,-0.2940775787287306,-0.49176382690814846,-0.31007356503294947,0.10489413328299133,3.124741023061742
1,0.05,0.15,30,20.0,-0.06550343755112376,0.14153441993271554,-0.4786632864137651,-0.576253970844768,-0.45591544967803566,0.10489413328299133,3.124741023061742
