rebalance_date,turnover
2009-07-31,0.0
2009-08-27,1.6035714285714273
2009-09-30,1.526346604215456
2009-10-30,1.4807801017524014
2009-11-30,1.3126059920859228
2009-12-31,1.546353872244204
2010-01-29,1.577011494252873
2010-02-26,1.653703703703704
2010-03-31,1.3583333333333332
2010-04-30,1.4385416666666668
2010-05-28,1.555008210180623
2010-06-30,1.5645671555939025
2010-07-30,1.4576719576719575
2010-08-31,1.5370851370851362
2010-09-30,1.5084894613583126
2010-10-29,1.4702380952380942
2010-11-30,1.4682539682539675
2010-12-31,1.3928571428571417
2011-01-31,1.5223214285714273
2011-02-28,1.594847775175643
2011-03-31,1.577645305514157
2011-04-28,1.4424603174603168
2011-05-31,1.3777472527472538
2011-06-30,1.4826210826210842
2011-07-29,1.4787775891341255
2011-08-31,1.2778257118205345
2011-09-30,1.470342771982116
2011-10-31,1.3650793650793642
2011-11-30,1.3650793650793647
2011-12-30,1.2108535895986425
2012-01-31,1.4877641824249168
2012-02-29,1.4874551971326166
2012-03-30,1.4585516178736515
2012-04-30,1.4730354391371332
2012-05-31,1.4806295399515728
2012-06-29,1.403508771929824
2012-07-31,1.5596491228070173
2012-08-31,1.4989592625631882
2012-09-28,1.3500876680303913
2012-10-31,1.4258620689655181
2012-11-30,1.6055555555555552
2012-12-31,1.4206730769230762
2013-01-31,1.5144230769230762
2013-02-28,1.273224043715846
2013-03-28,1.3385964912280701
2013-04-30,1.4739583333333326
2013-05-31,1.6971153846153837
2013-06-28,1.5027472527472518
2013-07-31,1.512670565302143
2013-08-30,1.3647629310344822
2013-09-30,1.5538793103448265
2013-10-31,1.5043859649122795
2013-11-29,1.534017595307917
2013-12-31,1.3892270237370665
2014-01-31,1.6609860012172848
2014-02-28,1.42962962962963
2014-03-31,1.5841404358353512
2014-04-30,1.5011904761904749
2014-05-30,1.5620608899297412
2014-06-30,1.4280240831964968
2014-07-31,1.479365079365079
2014-08-29,1.471794871794871
2014-09-30,1.274441687344913
2014-10-31,1.29658160808859
2014-11-28,1.1936507936507939
2014-12-31,1.4160714285714293
2015-01-30,1.4950396825396828
2015-02-27,1.284026707755523
2015-03-31,1.590909090909091
2015-04-30,1.458974358974358
2015-05-29,1.5630229419703103
2015-06-30,1.4441754102771056
2015-07-31,1.4135593220339002
2015-08-28,1.4619643716899389
2015-09-30,1.4744824265767933
2015-10-30,1.3749674054758805
2015-11-30,1.4160246533127898
2015-12-31,1.4205851619644725
2016-01-29,1.349529780564263
2016-02-29,1.418103448275861
2016-03-31,1.5222469410456054
2016-04-29,1.5181225554106919
2016-05-31,1.6336375488917856
2016-06-30,1.6820175438596474
2016-07-29,1.3189033189033186
2016-08-31,1.5396825396825407
2016-09-30,1.6674876847290645
2016-10-31,1.450928381962865
2016-11-30,1.4515151515151523
2016-12-30,1.4826839826839828
2017-01-31,1.5437788018433167
2017-02-28,1.5973502304147464
2017-03-31,1.5987549518958688
2017-04-28,1.4290559638213667
2017-05-31,1.3906249999999991
2017-06-30,1.500000000000001
2017-07-31,1.5196870925684498
2017-08-31,1.30827067669173
2017-09-29,1.5596491228070182
2017-10-31,1.4128205128205127
2017-11-30,1.5354166666666673
2017-12-29,1.4356275303643733
2018-01-31,1.5519568151147112
2018-02-28,1.3325236167341443
2018-03-29,1.5411605937921724
2018-04-30,1.451236454570714
2018-05-31,1.528556319407721
2018-06-29,1.451068057625435
2018-07-31,1.6003134796238239
2018-08-31,1.5513392857142856
2018-09-28,1.582404692082112
2018-10-31,1.5923753665689144
2018-11-30,1.4003889969435948
2018-12-31,1.5337593776048908
2019-01-31,1.4662698412698416
2019-02-28,1.4742747673782157
2019-03-29,1.552280311457173
2019-04-30,1.5325042396834352
2019-05-31,1.4197198275862064
2019-06-28,1.5200892857142847
2019-07-31,1.4515360169491518
2019-08-30,1.4711334745762725
2019-09-30,1.4145299145299162
2019-10-31,1.5042735042735065
2019-11-29,1.5357142857142854
2019-12-31,1.4806295399515723
2020-01-31,1.6010895883777239
2020-02-28,1.4258859784283517
2020-03-31,1.5012143290831823
2020-04-30,1.5546448087431695
2020-05-29,1.4990583804143123
2020-06-30,1.5671912832929773
2020-07-31,1.5800492610837427
2020-08-28,1.6017579445571317
2020-09-30,1.4831995242343137
2020-10-30,1.4253666954270927
2020-11-30,1.5075895567698847
2020-12-31,1.3727188369935042
2021-01-29,1.6076772934287566
2021-02-26,1.5692307692307685
2021-03-31,1.572802197802197
2021-04-30,1.49063231850117
2021-05-28,1.450372578241431
2021-06-30,1.568875192604005
2021-07-30,1.447208931419456
2021-08-31,1.5068965517241368
2021-09-30,1.53066037735849
2021-10-29,1.54626225490196
2021-11-30,1.4250151791135393
2021-12-31,1.719029374201787
2022-01-31,1.4136363636363622
2022-02-28,1.4287878787878783
2022-03-31,1.5543266102797653
2022-04-29,1.570175438596491
2022-05-31,1.5732057416267948
2022-06-30,1.3984848484848484
2022-07-29,1.503333333333332
2022-08-31,1.7094736842105247
2022-09-30,1.418735518040383
2022-10-31,1.4779874213836464
2022-11-30,1.6326109391124857
2022-12-30,1.5340463458110505
2023-01-31,1.344871794871794
2023-02-28,1.5961538461538458
2023-03-31,1.5215909090909092
2023-04-28,1.5531468531468526
2023-05-31,1.5439042089985477
2023-06-30,1.4881320949432393
2023-07-31,1.5583075335397305
2023-08-31,1.430055658627086
2023-09-29,1.60482374768089
2023-10-31,1.4597207303974216
2023-11-30,1.4189044038668088
2023-12-29,1.6456400742115023
2024-01-31,1.434210526315789
2024-02-29,1.3366666666666651
2024-03-28,1.563333333333333
2024-04-30,1.5578703703703707
2024-05-31,1.5069444444444438
2024-06-28,1.4950980392156854
2024-07-31,1.6477373558118895
2024-08-30,1.642413487133984
2024-09-30,1.4893617021276595
2024-10-31,1.3400315208825841
2024-11-29,1.604166666666667
2024-12-31,1.3674999999999997
2025-01-31,1.6950000000000003
2025-02-28,1.5260869565217399
2025-03-31,1.522608695652174
2025-04-30,1.3872785829307572
2025-05-30,1.3285024154589382
2025-06-30,1.5974235104669887
2025-07-31,1.3371985157699438
2025-08-29,1.5324675324675325
2025-09-30,1.5135869565217392
2025-10-31,1.4231366459627324
2025-11-28,1.4568106312292357
2025-12-31,1.4408983451536637
2026-01-30,1.3387888707037643
2026-02-27,1.373913043478261
2026-03-27,1.571692876965772
