strategy,period,start,end,n_days,sharpe,ann_return,ann_vol,max_drawdown,beta_to_benchmark,corr_to_benchmark,final_equity
baseline_locked_post_gfc,Full_Post_GFC,2009-07-28,2026-03-27,4190,1.877417556104261,0.12106112135372449,0.06086854050514217,-0.12125679007061396,-0.007216440379066351,-0.019148703647713084,6.686293561798353
baseline_locked_post_gfc,Recovery_2009_2012,2009-07-28,2012-12-31,844,2.8347417670877832,0.15873093264506566,0.051971359213842425,-0.04424774773574092,0.0035411130056712268,0.01221402137114182,1.6379133874039398
baseline_locked_post_gfc,QE_2013_2019,2013-01-02,2019-12-31,1770,1.4086927499378046,0.08927776844468815,0.06070513167101267,-0.12125679007061374,0.025397928481371075,0.053520469176075676,1.8232857319389244
baseline_locked_post_gfc,COVID_2020,2020-01-02,2020-12-31,254,3.3540374200370535,0.3358567122961702,0.08633559552955254,-0.04921013487895021,-0.056978139863464755,-0.20103422650779135,1.3389303046508145
baseline_locked_post_gfc,Inflation_2021_now,2021-01-04,2026-03-27,1322,1.6263860399580767,0.10296577907051296,0.060257965858592784,-0.051684753443617226,-0.00898488285267174,-0.02236402291023296,1.672175296046464
implementation_upgraded_post_gfc,Full_Post_GFC,2009-07-28,2026-03-27,4190,0.675507202143218,0.054266007870972466,0.07822980642310262,-0.2035499813934042,0.005946914701987285,0.012278030056365057,2.4076462533604976
implementation_upgraded_post_gfc,Recovery_2009_2012,2009-07-28,2012-12-31,844,1.3237232684276379,0.09282612420727432,0.06705866506936402,-0.06721433503521601,0.009106519168086283,0.02434335691592465,1.3462182782565717
implementation_upgraded_post_gfc,QE_2013_2019,2013-01-02,2019-12-31,1770,0.81214338588401,0.0677769906833261,0.08074794383891543,-0.19338878146848892,0.03408049227800736,0.05399100461468382,1.5850465281073982
implementation_upgraded_post_gfc,COVID_2020,2020-01-02,2020-12-31,254,0.5874334512949827,0.06178620188101558,0.10205851560628414,-0.10770850886406358,-0.008990969507272392,-0.02683545126145139,1.0622915350195474
implementation_upgraded_post_gfc,Inflation_2021_now,2021-01-04,2026-03-27,1322,0.1509528869268265,0.011562271707111993,0.07615581052484402,-0.19175929806635883,-0.013208177928782474,-0.02601308395026719,1.0621637098400738
