Metric,Ticker,Date,Value,Note
Coverage,ALL,Final_Raw,0.7075,Raw Active Window
Coverage,ALL,Final_Effective,0.9642,Effective Active Window
ExtremeMove,ADBE,2000-02-29,0.8524,real_move
ExtremeMove,NTAP,2000-02-29,0.8804,real_move
ExtremeMove,CBE,2000-03-31,6.4500,real_move
ExtremeMove,CIEN,2000-03-31,0.9219,real_move
ExtremeMove,BIIB,2000-06-30,0.8384,real_move
ExtremeMove,ISRG,2000-07-31,1.0000,real_move
ExtremeMove,TIE,2000-09-30,0.8196,real_move
ExtremeMove,NTAP,2001-10-31,0.9559,real_move
ExtremeMove,AKAM,2001-11-30,0.8228,real_move
ExtremeMove,CBE,2001-11-30,11.6027,real_move
ExtremeMove,CBE,2001-12-31,0.9902,real_move
ExtremeMove,TLAB,2002-10-31,0.8870,real_move
ExtremeMove,CIEN,2002-11-30,0.8071,real_move
ExtremeMove,AMT,2003-01-31,2.6028,real_move
ExtremeMove,SEE,2003-01-31,1.4621,real_move
ExtremeMove,NVDA,2003-05-31,0.8262,real_move
ExtremeMove,EP,2003-06-30,4.0000,real_move
ExtremeMove,AKAM,2003-10-31,0.8415,real_move
ExtremeMove,CBE,2004-02-29,1.8000,real_move
ExtremeMove,CBE,2004-03-31,0.9464,real_move
ExtremeMove,CBE,2004-12-31,46.3643,real_move
ExtremeMove,CBE,2005-01-31,0.9765,real_move
ExtremeMove,CBE,2005-10-31,59.1610,real_move
ExtremeMove,CBE,2006-01-31,0.9852,real_move
ExtremeMove,CBE,2006-05-31,83.6759,real_move
ExtremeMove,RX,2006-05-31,0.9346,real_move
ExtremeMove,RX,2007-12-31,1.3944,real_move
ExtremeMove,CFC,2008-04-30,1.3918,real_move
ExtremeMove,AIG,2008-09-30,0.8435,real_move
ExtremeMove,MBI,2008-09-30,1.0067,real_move
ExtremeMove,RX,2008-11-30,0.8831,real_move
ExtremeMove,GNW,2008-12-31,0.9517,real_move
ExtremeMove,HIG,2008-12-31,0.9432,real_move
ExtremeMove,AIG,2009-03-31,1.3810,real_move
ExtremeMove,CPWR,2009-03-31,1.6000,real_move
ExtremeMove,EP,2009-03-31,2.5714,real_move
ExtremeMove,GR,2009-03-31,2.2500,real_move
ExtremeMove,AXP,2009-04-30,0.8751,real_move
ExtremeMove,CBRE,2009-04-30,0.8610,real_move
ExtremeMove,DD,2009-04-30,0.8980,real_move
ExtremeMove,HST,2009-04-30,0.9617,real_move
ExtremeMove,PFG,2009-04-30,0.9976,real_move
ExtremeMove,PSKY,2009-04-30,0.8333,real_move
ExtremeMove,THC,2009-04-30,0.9397,real_move
ExtremeMove,TXT,2009-04-30,0.8693,real_move
ExtremeMove,WYNN,2009-04-30,0.9644,real_move
ExtremeMove,SW,2009-05-31,0.9710,real_move
ExtremeMove,F,2009-06-30,1.3080,real_move
ExtremeMove,GNW,2009-07-31,1.9237,real_move
ExtremeMove,TGNA,2009-07-31,0.9608,real_move
ExtremeMove,RX,2009-08-31,1.3056,real_move
ExtremeMove,AIG,2009-10-31,1.5586,real_move
ExtremeMove,MEE,2009-11-30,0.9883,real_move
ExtremeMove,RSH,2009-11-30,0.9610,real_move
ExtremeMove,EP,2010-04-30,1.2340,real_move
ExtremeMove,GR,2010-04-30,2.8889,real_move
ExtremeMove,TIE,2010-05-31,2320.5821,real_move
ExtremeMove,MEE,2010-06-30,61.2785,real_move
ExtremeMove,CPWR,2010-08-31,2.0000,real_move
ExtremeMove,EP,2011-03-31,1.0000,real_move
ExtremeMove,BMC,2013-02-28,3.4737,real_move
ExtremeMove,NCC,2013-03-31,2.3219,real_move
ExtremeMove,NCC,2013-06-30,0.8595,real_move
ExtremeMove,NCC,2013-10-31,7.9242,real_move
ExtremeMove,NCC,2014-02-28,0.8909,real_move
ExtremeMove,NCC,2014-06-30,1.9306,real_move
ExtremeMove,DVN,2020-04-30,0.8046,real_move