candidate,formation_window,long_entry,long_exit,short_entry,short_exit,use_exposure_scaling,lambda_earn_months,lambda_other_months,min_names,net_sharpe,net_annret,net_annvol,net_maxdd,gross_sharpe,avg_reb_turnover,beta_to_bench,corr_to_bench,final_equity_net,n_days,median_tradable,n_names
fw1_current_locked_scale_on_strong_mn200,1,0.12,0.25,0.92,0.7,True,1.5,0.2,200,0.285086952392617,0.014080765361829561,0.0490466229265945,-0.22056374274866153,1.5526270612955326,1.5288231384474744,-0.0020856543833745566,-0.007304109427144163,1.3905504895224414,5943,483.0,800
fw1_current_locked_scale_on_strong_mn250,1,0.12,0.25,0.92,0.7,True,1.5,0.2,250,0.285086952392617,0.014080765361829561,0.0490466229265945,-0.22056374274866153,1.5526270612955326,1.5288231384474744,-0.0020856543833745566,-0.007304109427144163,1.3905504895224414,5943,483.0,800
fw1_current_locked_scale_on_mild_mn200,1,0.12,0.25,0.92,0.7,True,1.2,0.6,200,0.4350565827538611,0.017995530605865895,0.04099588066976833,-0.20611003539448647,1.6263505800351536,1.2342644684823116,-0.0014422080857628822,-0.0060425707479615405,1.5227995046361102,5943,483.0,800
fw1_current_locked_scale_on_mild_mn250,1,0.12,0.25,0.92,0.7,True,1.2,0.6,250,0.4350565827538611,0.017995530605865895,0.04099588066976833,-0.20611003539448647,1.6263505800351536,1.2342644684823116,-0.0014422080857628822,-0.0060425707479615405,1.5227995046361102,5943,483.0,800
fw1_current_locked_scale_off_mn200,1,0.12,0.25,0.92,0.7,False,1.0,1.0,200,0.5488790726271943,0.022048147278885377,0.03973298054130989,-0.20745238514444098,1.5818600078651555,1.0555209919415836,-0.0009491596893655968,-0.004103195210420991,1.6723552746465034,5943,483.0,800
fw1_current_locked_scale_off_mn250,1,0.12,0.25,0.92,0.7,False,1.0,1.0,250,0.5488790726271943,0.022048147278885377,0.03973298054130989,-0.20745238514444098,1.5818600078651555,1.0555209919415836,-0.0009491596893655968,-0.004103195210420991,1.6723552746465034,5943,483.0,800
fw1_buffered_1_scale_on_strong_mn200,1,0.1,0.25,0.92,0.75,True,1.5,0.2,200,0.26570311228346555,0.01353173555852738,0.050586532989471036,-0.2500044018296059,1.5063019470722538,1.542247470526225,-0.0014045218162222256,-0.004769003180309934,1.372906778768297,5943,483.0,800
fw1_buffered_1_scale_on_strong_mn250,1,0.1,0.25,0.92,0.75,True,1.5,0.2,250,0.26570311228346555,0.01353173555852738,0.050586532989471036,-0.2500044018296059,1.5063019470722538,1.542247470526225,-0.0014045218162222256,-0.004769003180309934,1.372906778768297,5943,483.0,800
fw1_buffered_1_scale_on_mild_mn200,1,0.1,0.25,0.92,0.75,True,1.2,0.6,200,0.39867206702277946,0.017058041081285058,0.04242631403961027,-0.2379721988283996,1.5698816606581316,1.252046065970398,-0.0007940794957451047,-0.003214864832493337,1.490073986548063,5943,483.0,800
fw1_buffered_1_scale_on_mild_mn250,1,0.1,0.25,0.92,0.75,True,1.2,0.6,250,0.39867206702277946,0.017058041081285058,0.04242631403961027,-0.2379721988283996,1.5698816606581316,1.252046065970398,-0.0007940794957451047,-0.003214864832493337,1.490073986548063,5943,483.0,800
fw1_buffered_1_scale_off_mn200,1,0.1,0.25,0.92,0.75,False,1.0,1.0,200,0.4953792953229706,0.020698087847062396,0.04135577171853805,-0.2443213539982344,1.5151900236239098,1.0783266314826803,-0.00029436855940817374,-0.0012226139063539804,1.6210361971921428,5943,483.0,800
fw1_buffered_1_scale_off_mn250,1,0.1,0.25,0.92,0.75,False,1.0,1.0,250,0.4953792953229706,0.020698087847062396,0.04135577171853805,-0.2443213539982344,1.5151900236239098,1.0783266314826803,-0.00029436855940817374,-0.0012226139063539804,1.6210361971921428,5943,483.0,800
fw1_buffered_2_scale_on_strong_mn200,1,0.08,0.2,0.92,0.8,True,1.5,0.2,200,0.1352548717767249,0.00743792943697108,0.05478844750056823,-0.257761429289478,1.3126399156343138,1.5749043869718924,0.0017248150378519147,0.005407388508415556,1.1909277577264785,5943,483.0,800
fw1_buffered_2_scale_on_strong_mn250,1,0.08,0.2,0.92,0.8,True,1.5,0.2,250,0.1352548717767249,0.00743792943697108,0.05478844750056823,-0.257761429289478,1.3126399156343138,1.5749043869718924,0.0017248150378519147,0.005407388508415556,1.1909277577264785,5943,483.0,800
fw1_buffered_2_scale_on_mild_mn200,1,0.08,0.2,0.92,0.8,True,1.2,0.6,200,0.2292523754088609,0.010611517557284955,0.0460436256925143,-0.26655244614195117,1.3580380610559624,1.294127650981175,0.002059952035381763,0.007684606462324841,1.282606832883565,5943,483.0,800
fw1_buffered_2_scale_on_mild_mn250,1,0.08,0.2,0.92,0.8,True,1.2,0.6,250,0.2292523754088609,0.010611517557284955,0.0460436256925143,-0.26655244614195117,1.3580380610559624,1.294127650981175,0.002059952035381763,0.007684606462324841,1.282606832883565,5943,483.0,800
fw1_buffered_2_scale_off_mn200,1,0.08,0.2,0.92,0.8,False,1.0,1.0,200,0.3013903884717049,0.013634159580906635,0.04493192622888753,-0.2892088147101579,1.2999072787443622,1.1292567667379976,0.0024927737263012936,0.009529318870205533,1.3761819438428262,5943,483.0,800
fw1_buffered_2_scale_off_mn250,1,0.08,0.2,0.92,0.8,False,1.0,1.0,250,0.3013903884717049,0.013634159580906635,0.04493192622888753,-0.2892088147101579,1.2999072787443622,1.1292567667379976,0.0024927737263012936,0.009529318870205533,1.3761819438428262,5943,483.0,800
fw1_buffered_3_scale_on_strong_mn200,1,0.1,0.3,0.9,0.8,True,1.5,0.2,200,0.24727022667013995,0.012381878450349548,0.04976680815831444,-0.25048007783419246,1.5131413053469742,1.547209426827294,-0.003709583187037382,-0.01280322462340069,1.3366468514710648,5943,483.0,800
fw1_buffered_3_scale_on_strong_mn250,1,0.1,0.3,0.9,0.8,True,1.5,0.2,250,0.24727022667013995,0.012381878450349548,0.04976680815831444,-0.25048007783419246,1.5131413053469742,1.547209426827294,-0.003709583187037382,-0.01280322462340069,1.3366468514710648,5943,483.0,800
fw1_buffered_3_scale_on_mild_mn200,1,0.1,0.3,0.9,0.8,True,1.2,0.6,200,0.3814524588889032,0.016074106088265205,0.041804123129963774,-0.2295408253758081,1.5769158859125956,1.258248884720304,-0.0026207624683169052,-0.010768186793150185,1.4564519238443459,5943,483.0,800
fw1_buffered_3_scale_on_mild_mn250,1,0.1,0.3,0.9,0.8,True,1.2,0.6,250,0.3814524588889032,0.016074106088265205,0.041804123129963774,-0.2295408253758081,1.5769158859125956,1.258248884720304,-0.0026207624683169052,-0.010768186793150185,1.4564519238443459,5943,483.0,800
fw1_buffered_3_scale_off_mn200,1,0.1,0.3,0.9,0.8,False,1.0,1.0,200,0.4805133540504325,0.019850220867795754,0.04090578141405408,-0.2245689517079591,1.5192902248900335,1.085019431073311,-0.0017996026472873103,-0.007556591896263115,1.5895813448310894,5943,483.0,800
fw1_buffered_3_scale_off_mn250,1,0.1,0.3,0.9,0.8,False,1.0,1.0,250,0.4805133540504325,0.019850220867795754,0.04090578141405408,-0.2245689517079591,1.5192902248900335,1.085019431073311,-0.0017996026472873103,-0.007556591896263115,1.5895813448310894,5943,483.0,800
fw3_current_locked_scale_on_strong_mn200,3,0.12,0.25,0.92,0.7,True,1.5,0.2,200,-0.048451584777113366,-0.002495466396492896,0.05156870046705285,-0.3215659848428061,1.2244635428090402,1.540131237816567,0.004448577333767927,0.014817297325155618,0.9427868516455905,5943,483.0,800
fw3_current_locked_scale_on_strong_mn250,3,0.12,0.25,0.92,0.7,True,1.5,0.2,250,-0.048451584777113366,-0.002495466396492896,0.05156870046705285,-0.3215659848428061,1.2244635428090402,1.540131237816567,0.004448577333767927,0.014817297325155618,0.9427868516455905,5943,483.0,800
fw3_current_locked_scale_on_mild_mn200,3,0.12,0.25,0.92,0.7,True,1.2,0.6,200,0.1316207635225897,0.005664606766502489,0.04291589763174108,-0.302285108141341,1.358141487733749,1.251352864919632,0.004059492488302424,0.016247538681322726,1.1424681305918312,5943,483.0,800
fw3_current_locked_scale_on_mild_mn250,3,0.12,0.25,0.92,0.7,True,1.2,0.6,250,0.1316207635225897,0.005664606766502489,0.04291589763174108,-0.302285108141341,1.358141487733749,1.251352864919632,0.004059492488302424,0.016247538681322726,1.1424681305918312,5943,483.0,800
fw3_current_locked_scale_off_mn200,3,0.12,0.25,0.92,0.7,False,1.0,1.0,200,0.31690320846108777,0.012974272933841347,0.04067749298046766,-0.3010755580087574,1.4159000067322705,1.0764782139727127,0.003937298404036515,0.016625633024440017,1.3552115132314535,5943,483.0,800
fw3_current_locked_scale_off_mn250,3,0.12,0.25,0.92,0.7,False,1.0,1.0,250,0.31690320846108777,0.012974272933841347,0.04067749298046766,-0.3010755580087574,1.4159000067322705,1.0764782139727127,0.003937298404036515,0.016625633024440017,1.3552115132314535,5943,483.0,800
fw3_buffered_1_scale_on_strong_mn200,3,0.1,0.25,0.92,0.75,True,1.5,0.2,200,-0.01726310109195694,-0.0009409067307272201,0.05452958053771315,-0.3308893240593649,1.2051612656323587,1.5655329652799432,0.006131559353512798,0.019314026271167906,0.9780481008028964,5943,483.0,800
fw3_buffered_1_scale_on_strong_mn250,3,0.1,0.25,0.92,0.75,True,1.5,0.2,250,-0.01726310109195694,-0.0009409067307272201,0.05452958053771315,-0.3308893240593649,1.2051612656323587,1.5655329652799432,0.006131559353512798,0.019314026271167906,0.9780481008028964,5943,483.0,800
fw3_buffered_1_scale_on_mild_mn200,3,0.1,0.25,0.92,0.75,True,1.2,0.6,200,0.1292060458071968,0.005895461290332138,0.04549439635665955,-0.31695428735382014,1.3164124760917981,1.2834873911652045,0.0054855232999841234,0.02071067221850235,1.1486680684877182,5943,483.0,800
fw3_buffered_1_scale_on_mild_mn250,3,0.1,0.25,0.92,0.75,True,1.2,0.6,250,0.1292060458071968,0.005895461290332138,0.04549439635665955,-0.31695428735382014,1.3164124760917981,1.2834873911652045,0.0054855232999841234,0.02071067221850235,1.1486680684877182,5943,483.0,800
fw3_buffered_1_scale_off_mn200,3,0.1,0.25,0.92,0.75,False,1.0,1.0,200,0.27613169704440554,0.012020203617897351,0.043271145048512656,-0.32139004271729044,1.3498056031285262,1.1161850634307173,0.005215830753044675,0.02070423274412458,1.325432554269608,5943,483.0,800
fw3_buffered_1_scale_off_mn250,3,0.1,0.25,0.92,0.75,False,1.0,1.0,250,0.27613169704440554,0.012020203617897351,0.043271145048512656,-0.32139004271729044,1.3498056031285262,1.1161850634307173,0.005215830753044675,0.02070423274412458,1.325432554269608,5943,483.0,800
fw3_buffered_2_scale_on_strong_mn200,3,0.08,0.2,0.92,0.8,True,1.5,0.2,200,0.1492922267817781,0.008633694671735803,0.05758261937781849,-0.2538957319862156,1.3285160769310764,1.5939670235659715,0.009226224158732678,0.02752115291983139,1.2247089860669331,5943,483.0,800
fw3_buffered_2_scale_on_strong_mn250,3,0.08,0.2,0.92,0.8,True,1.5,0.2,250,0.1492922267817781,0.008633694671735803,0.05758261937781849,-0.2538957319862156,1.3285160769310764,1.5939670235659715,0.009226224158732678,0.02752115291983139,1.2247089860669331,5943,483.0,800
fw3_buffered_2_scale_on_mild_mn200,3,0.08,0.2,0.92,0.8,True,1.2,0.6,200,0.2978295818440912,0.01436544420317376,0.0478906050069039,-0.24328797195003737,1.4562218591226157,1.319188515902889,0.007508775800575943,0.026931023062102318,1.399784248282803,5943,483.0,800
fw3_buffered_2_scale_on_mild_mn250,3,0.08,0.2,0.92,0.8,True,1.2,0.6,250,0.2978295818440912,0.01436544420317376,0.0478906050069039,-0.24328797195003737,1.4562218591226157,1.319188515902889,0.007508775800575943,0.026931023062102318,1.399784248282803,5943,483.0,800
fw3_buffered_2_scale_off_mn200,3,0.08,0.2,0.92,0.8,False,1.0,1.0,200,0.43839597212123504,0.020009806412954134,0.04519257164806349,-0.2590731432394783,1.5040182748369635,1.1602245446517399,0.006388382880700842,0.02428051645734785,1.5954567718065966,5943,483.0,800
fw3_buffered_2_scale_off_mn250,3,0.08,0.2,0.92,0.8,False,1.0,1.0,250,0.43839597212123504,0.020009806412954134,0.04519257164806349,-0.2590731432394783,1.5040182748369635,1.1602245446517399,0.006388382880700842,0.02428051645734785,1.5954567718065966,5943,483.0,800
fw3_buffered_3_scale_on_strong_mn200,3,0.1,0.3,0.9,0.8,True,1.5,0.2,200,-0.019950087862624952,-0.001029962003893603,0.05165354590605549,-0.34041753234241034,1.2683958842529846,1.5638769630881517,0.005046287201628573,0.016780537279568967,0.9759944632805778,5943,483.0,800
fw3_buffered_3_scale_on_strong_mn250,3,0.1,0.3,0.9,0.8,True,1.5,0.2,250,-0.019950087862624952,-0.001029962003893603,0.05165354590605549,-0.34041753234241034,1.2683958842529846,1.5638769630881517,0.005046287201628573,0.016780537279568967,0.9759944632805778,5943,483.0,800
fw3_buffered_3_scale_on_mild_mn200,3,0.1,0.3,0.9,0.8,True,1.2,0.6,200,0.13095705709429756,0.005652812442372923,0.04304384490308646,-0.32131518236036893,1.3795082878067937,1.2798085224981195,0.004612511833317126,0.01840604475233871,1.1421522386173362,5943,483.0,800
fw3_buffered_3_scale_on_mild_mn250,3,0.1,0.3,0.9,0.8,True,1.2,0.6,250,0.13095705709429756,0.005652812442372923,0.04304384490308646,-0.32131518236036893,1.3795082878067937,1.2798085224981195,0.004612511833317126,0.01840604475233871,1.1421522386173362,5943,483.0,800
fw3_buffered_3_scale_off_mn200,3,0.1,0.3,0.9,0.8,False,1.0,1.0,200,0.2833464694284978,0.011661618402072138,0.04091861743296672,-0.32403067079376,1.4079358241980624,1.1095171107850963,0.004473210988897234,0.018777270818888723,1.3144030342594037,5943,483.0,800
fw3_buffered_3_scale_off_mn250,3,0.1,0.3,0.9,0.8,False,1.0,1.0,250,0.2833464694284978,0.011661618402072138,0.04091861743296672,-0.32403067079376,1.4079358241980624,1.1095171107850963,0.004473210988897234,0.018777270818888723,1.3144030342594037,5943,483.0,800
fw5_current_locked_scale_on_strong_mn200,5,0.12,0.25,0.92,0.7,True,1.5,0.2,200,0.3598208773780893,0.01961282372288653,0.0539795544712116,-0.3446361366763865,1.6135209539217445,1.5583006592946589,-0.0006927270673959929,-0.0022042807089742602,1.5808794654587748,5943,483.0,800
fw5_current_locked_scale_on_strong_mn250,5,0.12,0.25,0.92,0.7,True,1.5,0.2,250,0.3598208773780893,0.01961282372288653,0.0539795544712116,-0.3446361366763865,1.6135209539217445,1.5583006592946589,-0.0006927270673959929,-0.0022042807089742602,1.5808794654587748,5943,483.0,800
fw5_current_locked_scale_on_mild_mn200,5,0.12,0.25,0.92,0.7,True,1.2,0.6,200,0.512023552026897,0.02319075688421779,0.0447751624182739,-0.31555970772664454,1.7323105532186391,1.2722067699170485,-9.918427854063927e-05,-0.0003804868983467646,1.7170008121304166,5943,483.0,800
fw5_current_locked_scale_on_mild_mn250,5,0.12,0.25,0.92,0.7,True,1.2,0.6,250,0.512023552026897,0.02319075688421779,0.0447751624182739,-0.31555970772664454,1.7323105532186391,1.2722067699170485,-9.918427854063927e-05,-0.0003804868983467646,1.7170008121304166,5943,483.0,800
fw5_current_locked_scale_off_mn200,5,0.12,0.25,0.92,0.7,False,1.0,1.0,200,0.644162184574317,0.027354475149149016,0.041894771190967024,-0.3061677355367888,1.7586684390315932,1.101180670324817,0.000416176230314114,0.0017062846640099442,1.8895467204965346,5943,483.0,800
fw5_current_locked_scale_off_mn250,5,0.12,0.25,0.92,0.7,False,1.0,1.0,250,0.644162184574317,0.027354475149149016,0.041894771190967024,-0.3061677355367888,1.7586684390315932,1.101180670324817,0.000416176230314114,0.0017062846640099442,1.8895467204965346,5943,483.0,800
fw5_buffered_1_scale_on_strong_mn200,5,0.1,0.25,0.92,0.75,True,1.5,0.2,200,0.37177656014929766,0.021264689300159123,0.056597841262043466,-0.33302890295698695,1.5747362724388638,1.5702059660125827,0.0020669906871832954,0.006272962499738308,1.6423877408389458,5943,483.0,800
fw5_buffered_1_scale_on_strong_mn250,5,0.1,0.25,0.92,0.75,True,1.5,0.2,250,0.37177656014929766,0.021264689300159123,0.056597841262043466,-0.33302890295698695,1.5747362724388638,1.5702059660125827,0.0020669906871832954,0.006272962499738308,1.6423877408389458,5943,483.0,800
fw5_buffered_1_scale_on_mild_mn200,5,0.1,0.25,0.92,0.75,True,1.2,0.6,200,0.5104031921641516,0.024258761519887484,0.046961288368891255,-0.3060870620634333,1.687176235384887,1.2880588402665443,0.0026619321944825274,0.00973623446319572,1.7597615498615535,5943,483.0,800
fw5_buffered_1_scale_on_mild_mn250,5,0.1,0.25,0.92,0.75,True,1.2,0.6,250,0.5104031921641516,0.024258761519887484,0.046961288368891255,-0.3060870620634333,1.687176235384887,1.2880588402665443,0.0026619321944825274,0.00973623446319572,1.7597615498615535,5943,483.0,800
fw5_buffered_1_scale_off_mn200,5,0.1,0.25,0.92,0.75,False,1.0,1.0,200,0.6277254622095875,0.027955578639075718,0.043923588126712744,-0.307988367685904,1.7099715028369238,1.121542934453982,0.0033479175552958863,0.013092150296504648,1.915788303853663,5943,483.0,800
fw5_buffered_1_scale_off_mn250,5,0.1,0.25,0.92,0.75,False,1.0,1.0,250,0.6277254622095875,0.027955578639075718,0.043923588126712744,-0.307988367685904,1.7099715028369238,1.121542934453982,0.0033479175552958863,0.013092150296504648,1.915788303853663,5943,483.0,800
fw5_buffered_2_scale_on_strong_mn200,5,0.08,0.2,0.92,0.8,True,1.5,0.2,200,0.4354358579832406,0.02645995602638518,0.05997656378981376,-0.29987396573984815,1.5975370698926616,1.6093925180379534,0.004213318692857695,0.012066373604023156,1.851132172828369,5943,483.0,800
fw5_buffered_2_scale_on_strong_mn250,5,0.08,0.2,0.92,0.8,True,1.5,0.2,250,0.4354358579832406,0.02645995602638518,0.05997656378981376,-0.29987396573984815,1.5975370698926616,1.6093925180379534,0.004213318692857695,0.012066373604023156,1.851132172828369,5943,483.0,800
fw5_buffered_2_scale_on_mild_mn200,5,0.08,0.2,0.92,0.8,True,1.2,0.6,200,0.5497545324323561,0.027872680919951875,0.05000651471841074,-0.2966276016142112,1.700017613491875,1.3389784016562032,0.00565083627108025,0.019409760450462433,1.912148713466021,5943,483.0,800
fw5_buffered_2_scale_on_mild_mn250,5,0.08,0.2,0.92,0.8,True,1.2,0.6,250,0.5497545324323561,0.027872680919951875,0.05000651471841074,-0.2966276016142112,1.700017613491875,1.3389784016562032,0.00565083627108025,0.019409760450462433,1.912148713466021,5943,483.0,800
fw5_buffered_2_scale_off_mn200,5,0.08,0.2,0.92,0.8,False,1.0,1.0,200,0.6347144422689976,0.030384198026627285,0.04715780592178319,-0.31175148677445286,1.7049310539226306,1.185394609782929,0.007287060026446002,0.026541948023714887,2.0254085561653623,5943,483.0,800
fw5_buffered_2_scale_off_mn250,5,0.08,0.2,0.92,0.8,False,1.0,1.0,250,0.6347144422689976,0.030384198026627285,0.04715780592178319,-0.31175148677445286,1.7049310539226306,1.185394609782929,0.007287060026446002,0.026541948023714887,2.0254085561653623,5943,483.0,800
fw5_buffered_3_scale_on_strong_mn200,5,0.1,0.3,0.9,0.8,True,1.5,0.2,200,0.37253971337941083,0.020174001084756643,0.05361361843836287,-0.2788549015623829,1.6359810168791842,1.5598220252944535,0.0032475553553378395,0.010404362651073773,1.6015235947299915,5943,483.0,800
fw5_buffered_3_scale_on_strong_mn250,5,0.1,0.3,0.9,0.8,True,1.5,0.2,250,0.37253971337941083,0.020174001084756643,0.05361361843836287,-0.2788549015623829,1.6359810168791842,1.5598220252944535,0.0032475553553378395,0.010404362651073773,1.6015235947299915,5943,483.0,800
fw5_buffered_3_scale_on_mild_mn200,5,0.1,0.3,0.9,0.8,True,1.2,0.6,200,0.5216304207578182,0.02348354903409744,0.044499039591394486,-0.2767835638288516,1.7514156301825436,1.2748053504710115,0.003993671034207108,0.015415431604752356,1.728623567181461,5943,483.0,800
fw5_buffered_3_scale_on_mild_mn250,5,0.1,0.3,0.9,0.8,True,1.2,0.6,250,0.5216304207578182,0.02348354903409744,0.044499039591394486,-0.2767835638288516,1.7514156301825436,1.2748053504710115,0.003993671034207108,0.015415431604752356,1.728623567181461,5943,483.0,800
fw5_buffered_3_scale_off_mn200,5,0.1,0.3,0.9,0.8,False,1.0,1.0,200,0.649016807945881,0.027444323217030497,0.041716145003549344,-0.2905726842100915,1.770777790451557,1.1043541694062877,0.004882130011919434,0.020101997301070734,1.893447101426494,5943,483.0,800
fw5_buffered_3_scale_off_mn250,5,0.1,0.3,0.9,0.8,False,1.0,1.0,250,0.649016807945881,0.027444323217030497,0.041716145003549344,-0.2905726842100915,1.770777790451557,1.1043541694062877,0.004882130011919434,0.020101997301070734,1.893447101426494,5943,483.0,800
fw10_current_locked_scale_on_strong_mn200,10,0.12,0.25,0.92,0.7,True,1.5,0.2,200,0.6297697869993356,0.03518914026650388,0.0549155500222853,-0.39290506112959445,1.8665780979700752,1.5262784329051502,0.004744613352577056,0.014840192250053678,2.2602431563398615,5943,483.0,800
fw10_current_locked_scale_on_strong_mn250,10,0.12,0.25,0.92,0.7,True,1.5,0.2,250,0.6297697869993356,0.03518914026650388,0.0549155500222853,-0.39290506112959445,1.8665780979700752,1.5262784329051502,0.004744613352577056,0.014840192250053678,2.2602431563398615,5943,483.0,800
fw10_current_locked_scale_on_mild_mn200,10,0.12,0.25,0.92,0.7,True,1.2,0.6,200,0.8894379124270338,0.04151138570059287,0.04572878344014236,-0.3654818095003417,2.0827707109574622,1.23205832002647,0.006126933726044337,0.023013759653136946,2.6091943108594267,5943,483.0,800
fw10_current_locked_scale_on_mild_mn250,10,0.12,0.25,0.92,0.7,True,1.2,0.6,250,0.8894379124270338,0.04151138570059287,0.04572878344014236,-0.3654818095003417,2.0827707109574622,1.23205832002647,0.006126933726044337,0.023013759653136946,2.6091943108594267,5943,483.0,800
fw10_current_locked_scale_off_mn200,10,0.12,0.25,0.92,0.7,False,1.0,1.0,200,1.1176157793549455,0.04924932401538795,0.04301565874817221,-0.3612497200949626,2.192881522916144,1.0532004003677249,0.007744706836171189,0.030925194722917757,3.106750984097773,5943,483.0,800
fw10_current_locked_scale_off_mn250,10,0.12,0.25,0.92,0.7,False,1.0,1.0,250,1.1176157793549455,0.04924932401538795,0.04301565874817221,-0.3612497200949626,2.192881522916144,1.0532004003677249,0.007744706836171189,0.030925194722917757,3.106750984097773,5943,483.0,800
fw10_buffered_1_scale_on_strong_mn200,10,0.1,0.25,0.92,0.75,True,1.5,0.2,200,0.7127814949019561,0.042624832514672306,0.05856129997768814,-0.3926962192785748,1.8857857384043342,1.5494758673511608,0.004439936854650213,0.013022672619273883,2.6757667305405413,5943,483.0,800
fw10_buffered_1_scale_on_strong_mn250,10,0.1,0.25,0.92,0.75,True,1.5,0.2,250,0.7127814949019561,0.042624832514672306,0.05856129997768814,-0.3926962192785748,1.8857857384043342,1.5494758673511608,0.004439936854650213,0.013022672619273883,2.6757667305405413,5943,483.0,800
fw10_buffered_1_scale_on_mild_mn200,10,0.1,0.25,0.92,0.75,True,1.2,0.6,200,0.9581321120061587,0.04787363440599335,0.048806422606968325,-0.3706445807576312,2.1005531756265614,1.2610545743351016,0.005906694546279855,0.020787467095086453,3.012113125221365,5943,483.0,800
fw10_buffered_1_scale_on_mild_mn250,10,0.1,0.25,0.92,0.75,True,1.2,0.6,250,0.9581321120061587,0.04787363440599335,0.048806422606968325,-0.3706445807576312,2.1005531756265614,1.2610545743351016,0.005906694546279855,0.020787467095086453,3.012113125221365,5943,483.0,800
fw10_buffered_1_scale_off_mn200,10,0.1,0.25,0.92,0.75,False,1.0,1.0,200,1.167101076179908,0.055026689355754055,0.045896679961011315,-0.3716838560608673,2.211002777182462,1.0891777179104993,0.007589062984127455,0.02840147690218922,3.5362038482032094,5943,483.0,800
fw10_buffered_1_scale_off_mn250,10,0.1,0.25,0.92,0.75,False,1.0,1.0,250,1.167101076179908,0.055026689355754055,0.045896679961011315,-0.3716838560608673,2.211002777182462,1.0891777179104993,0.007589062984127455,0.02840147690218922,3.5362038482032094,5943,483.0,800
fw10_buffered_2_scale_on_strong_mn200,10,0.08,0.2,0.92,0.8,True,1.5,0.2,200,0.6617427290751308,0.04233364712712917,0.0626559069487172,-0.39148620576538384,1.7878546797050814,1.59160784347756,0.004696131514106725,0.012873963339329332,2.6582015291673704,5943,483.0,800
fw10_buffered_2_scale_on_strong_mn250,10,0.08,0.2,0.92,0.8,True,1.5,0.2,250,0.6617427290751308,0.04233364712712917,0.0626559069487172,-0.39148620576538384,1.7878546797050814,1.59160784347756,0.004696131514106725,0.012873963339329332,2.6582015291673704,5943,483.0,800
fw10_buffered_2_scale_on_mild_mn200,10,0.08,0.2,0.92,0.8,True,1.2,0.6,200,0.8742185908686206,0.04677649555336738,0.05229291424585662,-0.37622672687549885,1.9864647862998546,1.3150498825092591,0.006622332307908357,0.02175214865362088,2.9386226869431415,5943,483.0,800
fw10_buffered_2_scale_on_mild_mn250,10,0.08,0.2,0.92,0.8,True,1.2,0.6,250,0.8742185908686206,0.04677649555336738,0.05229291424585662,-0.37622672687549885,1.9864647862998546,1.3150498825092591,0.006622332307908357,0.02175214865362088,2.9386226869431415,5943,483.0,800
fw10_buffered_2_scale_off_mn200,10,0.08,0.2,0.92,0.8,False,1.0,1.0,200,1.0527716500309752,0.05324133742252912,0.04927222083250941,-0.38187039733780437,2.083719820847198,1.1545311747699378,0.008777409437859382,0.030598367604221462,3.3977661186003707,5943,483.0,800
fw10_buffered_2_scale_off_mn250,10,0.08,0.2,0.92,0.8,False,1.0,1.0,250,1.0527716500309752,0.05324133742252912,0.04927222083250941,-0.38187039733780437,2.083719820847198,1.1545311747699378,0.008777409437859382,0.030598367604221462,3.3977661186003707,5943,483.0,800
fw10_buffered_3_scale_on_strong_mn200,10,0.1,0.3,0.9,0.8,True,1.5,0.2,200,0.7704966308790859,0.04495590959806295,0.057073179806530414,-0.37267672790739903,1.974843363844345,1.54818065094823,0.0038211005223658615,0.011499803812157426,2.820446863727695,5943,483.0,800
fw10_buffered_3_scale_on_strong_mn250,10,0.1,0.3,0.9,0.8,True,1.5,0.2,250,0.7704966308790859,0.04495590959806295,0.057073179806530414,-0.37267672790739903,1.974843363844345,1.54818065094823,0.0038211005223658615,0.011499803812157426,2.820446863727695,5943,483.0,800
fw10_buffered_3_scale_on_mild_mn200,10,0.1,0.3,0.9,0.8,True,1.2,0.6,200,1.0023575967725094,0.04885142283671007,0.04758349972471212,-0.3572665424818212,2.1728739381008855,1.2604835455034153,0.005492760271089158,0.019827515687210303,3.079089414799799,5943,483.0,800
fw10_buffered_3_scale_on_mild_mn250,10,0.1,0.3,0.9,0.8,True,1.2,0.6,250,1.0023575967725094,0.04885142283671007,0.04758349972471212,-0.3572665424818212,2.1728739381008855,1.2604835455034153,0.005492760271089158,0.019827515687210303,3.079089414799799,5943,483.0,800
fw10_buffered_3_scale_off_mn200,10,0.1,0.3,0.9,0.8,False,1.0,1.0,200,1.192287655920912,0.05491636075970652,0.04483941825535912,-0.36212956818274933,2.255415584827435,1.0871656069841302,0.007339377117030102,0.028114688250910187,3.527494585406942,5943,483.0,800
fw10_buffered_3_scale_off_mn250,10,0.1,0.3,0.9,0.8,False,1.0,1.0,250,1.192287655920912,0.05491636075970652,0.04483941825535912,-0.36212956818274933,2.255415584827435,1.0871656069841302,0.007339377117030102,0.028114688250910187,3.527494585406942,5943,483.0,800
