Sector,Prediction_Correlation,Avg_Return
Materials,0.47347909002003524,0.024433973607399576
Financials,0.37217556390537637,0.03408510992817753
Industrials,0.29076324433178735,0.03361226621676054
Cons Disc,0.15630077864887015,0.036105797342201616
Cons Staples,0.14972954001966848,0.0197306160935451
Utilities,0.13831055824100458,0.026441126703736068
Communication,0.13459992844421081,0.03758963317709865
Healthcare,0.10934921865486164,0.022259857207242134
Energy,0.0008927145416645845,0.026590635301785265
Technology,-0.10526722722107563,0.05512478729709789
Real Estate,-0.3416298702049051,0.021752597316132286
