Date,Sector,Predicted_Score,Actual_Return,Regime
2015-06-30,XLB,0.06866968049917596,-0.003461972832641158,RISK_ON
2015-06-30,XLE,0.07940658557844786,-0.02475725493673142,RISK_ON
2015-06-30,XLF,0.0875761404048405,0.015619474383061105,RISK_ON
2015-06-30,XLI,0.09831740293930426,-0.02584869210968266,RISK_ON
2015-06-30,XLK,0.06004861862043157,0.0035296230586576716,RISK_ON
2015-06-30,XLP,0.026560261565269576,-0.01733696384976291,RISK_ON
2015-06-30,XLU,-0.027492317233458158,-0.05835921430416091,RISK_ON
2015-06-30,XLV,0.02934287680217524,0.02960313173843021,RISK_ON
2015-06-30,XLY,0.09988254394709845,0.018223009974752902,RISK_ON
2015-09-30,XLB,-0.059170019597452765,-0.17044712309824506,RISK_ON
2015-09-30,XLE,-0.02421489558844541,-0.17973058084932603,RISK_ON
2015-09-30,XLF,-0.03778099097708886,-0.066004107548988,RISK_ON
2015-09-30,XLI,-0.046245131460965996,-0.0721502438427355,RISK_ON
2015-09-30,XLK,0.0012298459701493483,-0.04159182764084768,RISK_ON
2015-09-30,XLP,0.03043087114393491,-0.0022176116162649917,RISK_ON
2015-09-30,XLU,0.10034485935295595,0.053997758310394106,RISK_ON
2015-09-30,XLV,-0.0019244364836713875,-0.10646499316805413,RISK_ON
2015-09-30,XLY,-0.021214507278996028,-0.025368005493810908,RISK_ON
2015-12-31,XLB,0.000798929980302945,0.09582394927889415,RISK_ON
2015-12-31,XLE,-0.0881819805930484,-0.005452045666558769,RISK_ON
2015-12-31,XLF,0.056733800896144666,0.058221670044921625,RISK_ON
2015-12-31,XLI,0.06064174510944868,0.06898815891062537,RISK_ON
2015-12-31,XLK,0.0029466980670890264,0.08975024680714982,RISK_ON
2015-12-31,XLP,-0.03927168516333544,0.07781135347251067,RISK_ON
2015-12-31,XLU,-0.09555528866441215,0.010104686093252768,RISK_ON
2015-12-31,XLV,-0.07061951722466656,0.09218087664002628,RISK_ON
2015-12-31,XLY,0.0479938898478123,0.05687183264303597,RISK_ON
2016-03-31,XLB,-0.06550542047618593,0.03559491541064941,RISK_ON
2016-03-31,XLE,-0.11294197187718248,0.033353324937998474,RISK_ON
2016-03-31,XLF,0.01459223238193398,-0.05162120406052373,RISK_ON
2016-03-31,XLI,0.05426920802094583,0.05177564457359285,RISK_ON
2016-03-31,XLK,-0.13378160916860643,0.04095817587524442,RISK_ON
2016-03-31,XLP,-0.004731262718005563,0.056303341947974594,RISK_ON
2016-03-31,XLU,0.0459446640872806,0.15510872851487156,RISK_ON
2016-03-31,XLV,-0.1121574747138121,-0.055627241596219235,RISK_ON
2016-03-31,XLY,-0.011550212895538719,0.016192196621331867,RISK_ON
2016-06-30,XLB,0.0781185106973621,0.03931569164759918,RISK_ON
2016-06-30,XLE,0.05578047238124415,0.10986167275105685,RISK_ON
2016-06-30,XLF,0.08152315734851975,0.021432804934622185,RISK_ON
2016-06-30,XLI,0.2777945880059303,0.015301728117319557,RISK_ON
2016-06-30,XLK,0.07343555654271301,-0.017557319964572216,RISK_ON
2016-06-30,XLP,-0.17590597542779832,0.04564274612795405,RISK_ON
2016-06-30,XLU,-0.3195734357985501,0.06608590869029629,RISK_ON
2016-06-30,XLV,-0.008800804020824227,0.06224043852666261,RISK_ON
2016-06-30,XLY,0.20846253197047954,-0.00964570513131835,RISK_ON
2016-09-30,XLB,0.002415797492605837,0.0357385693166814,RISK_ON
2016-09-30,XLE,-0.042248376422777574,0.040984595723618567,RISK_ON
2016-09-30,XLF,0.09616774704766125,0.044264628830806174,RISK_ON
2016-09-30,XLI,0.12090724826579247,0.04801069985525164,RISK_ON
2016-09-30,XLK,0.0008901217765104625,0.1062397190921649,RISK_ON
2016-09-30,XLP,0.102301744699187,-0.02920174232884376,RISK_ON
2016-09-30,XLU,-0.02691393440588008,-0.05836210376808615,RISK_ON
2016-09-30,XLV,0.09208492040557038,0.009471059843304985,RISK_ON
2016-09-30,XLY,-0.005805872434883499,0.029274688184270703,RISK_ON
2016-12-31,XLB,0.029434649970057847,0.04771150567459892,RISK_ON
2016-12-31,XLE,0.08003605053135925,0.07234420890278459,RISK_ON
2016-12-31,XLF,0.05942314208492184,0.210133434276077,RISK_ON
2016-12-31,XLI,0.04598567241766769,0.0723025538715254,RISK_ON
2016-12-31,XLK,-0.014967318346715589,0.01660611349433183,RISK_ON
2016-12-31,XLP,-0.018903253154118636,-0.020941988226251484,RISK_ON
2016-12-31,XLU,-0.22630690298419065,0.001024627439566661,RISK_ON
2016-12-31,XLV,0.021055080806808756,-0.03976568002993208,RISK_ON
2016-12-31,XLY,0.13839069697587056,0.023013082720243716,RISK_ON
2017-03-31,XLB,0.11904124285821692,0.05784536881403368,RISK_ON
2017-03-31,XLE,0.3517564795901563,-0.06639285200023903,RISK_ON
2017-03-31,XLF,0.4637927480105596,0.0242824984185237,RISK_ON
2017-03-31,XLI,0.7800453093984104,0.050398539529758146,RISK_ON
2017-03-31,XLK,0.048192845169399166,0.10660320179349103,RISK_ON
2017-03-31,XLP,0.6105315518013661,0.061054374578423776,RISK_ON
2017-03-31,XLU,0.5599953562926464,0.06444221856208343,RISK_ON
2017-03-31,XLV,0.19454509780100193,0.08252961215978427,RISK_ON
2017-03-31,XLY,0.5232716820811548,0.0836990789519172,RISK_ON
2017-06-30,XLB,0.023184119640995142,0.031522851950681385,RISK_ON
2017-06-30,XLE,0.010205550799880447,-0.06485105010874559,RISK_ON
2017-06-30,XLF,0.049854860527957276,0.04358836026849611,RISK_ON
2017-06-30,XLI,0.045088071624985716,0.0518348684205594,RISK_ON
2017-06-30,XLK,0.049003524330150594,0.03058472882972696,RISK_ON
2017-06-30,XLP,0.1184959864677874,0.014357136630657408,RISK_ON
2017-06-30,XLU,0.04343823066293084,0.02088375140473997,RISK_ON
2017-06-30,XLV,0.09055917028825267,0.06985799802398351,RISK_ON
2017-06-30,XLY,0.2744020607123358,0.022209371789593924,RISK_ON
2017-09-30,XLB,0.005921472356328851,0.06125149796038265,RISK_ON
2017-09-30,XLE,0.013068306035044622,0.068727544649549,RISK_ON
2017-09-30,XLF,0.019832304307831367,0.05260845720066332,RISK_ON
2017-09-30,XLI,0.011866373095429044,0.047197929949464035,RISK_ON
2017-09-30,XLK,0.001441779195168991,0.08390236487962799,RISK_ON
2017-09-30,XLP,0.013310023183772701,-0.011306390690159596,RISK_ON
2017-09-30,XLU,-0.0015004064764706105,0.028765039094654332,RISK_ON
2017-09-30,XLV,0.02481908753434381,0.03522000072208775,RISK_ON
2017-09-30,XLY,0.011601868142185563,0.008576610313730804,RISK_ON
2017-12-31,XLB,0.013544422332850017,0.07089463369570748,RISK_ON
2017-12-31,XLE,-0.017633253523315726,0.06222510242168533,RISK_ON
2017-12-31,XLF,0.01058285224392908,0.08428536994581948,RISK_ON
2017-12-31,XLI,0.003741545927927017,0.071564423391548,RISK_ON
2017-12-31,XLK,0.023592974844205535,0.08609870709078993,RISK_ON
2017-12-31,XLP,0.01855938296821877,0.06174154469268878,RISK_ON
2017-12-31,XLU,0.008492701578375785,0.0022821381978590516,RISK_ON
2017-12-31,XLV,0.018897693081756026,0.015668041749108408,RISK_ON
2017-12-31,XLY,0.01629405071249576,0.09931007812222403,RISK_ON
2018-03-31,XLB,-0.4100546965712345,-0.055715434557052856,RISK_ON
2018-03-31,XLE,-0.3568571120267601,-0.06047663784504076,RISK_ON
2018-03-31,XLF,-0.12868911322963453,-0.008586293991215577,RISK_ON
2018-03-31,XLI,-0.1407558037850234,-0.014280001367667938,RISK_ON
2018-03-31,XLK,-0.036871653988701694,0.026187317190066617,RISK_ON
2018-03-31,XLP,-0.005105819808435894,-0.06968488201753242,RISK_ON
2018-03-31,XLU,0.053212034447489516,-0.033360847895918866,RISK_ON
2018-03-31,XLV,-0.153355705560363,-0.012022542663702729,RISK_ON
2018-03-31,XLY,-0.01085733030468008,0.029367182150144,RISK_ON
2018-06-30,XLB,0.02203421758465665,0.02459256841653512,RISK_ON
2018-06-30,XLE,-0.12873796118608732,0.13414879240224198,RISK_ON
2018-06-30,XLF,0.05737573149110902,-0.0313681357601846,RISK_ON
2018-06-30,XLI,0.038091540782328966,-0.03193913738747367,RISK_ON
2018-06-30,XLK,0.025133622607799312,0.06566844766380409,RISK_ON
2018-06-30,XLP,-0.027390154791049615,-0.013319523236885344,RISK_ON
2018-06-30,XLU,-0.04183071867353046,0.03749833669850555,RISK_ON
2018-06-30,XLV,-0.012584661202578475,0.029105661148142392,RISK_ON
2018-06-30,XLY,0.028267140824419737,0.08191416657450823,RISK_ON
2018-09-30,XLB,0.21966811370020833,0.002339759478606318,RISK_ON
2018-09-30,XLE,0.0413686086921846,0.004223927185822429,RISK_ON
2018-09-30,XLF,-0.0034492675301102723,0.041833909776862965,RISK_ON
2018-09-30,XLI,0.009480719912697444,0.09980149857799958,RISK_ON
2018-09-30,XLK,0.05180677011035786,0.0880303864996328,RISK_ON
2018-09-30,XLP,-0.013208796549811443,0.05396703916609624,RISK_ON
2018-09-30,XLRE,0.0077700283332047555,0.0074688295616527345,RISK_ON
2018-09-30,XLU,-0.02890344976531757,0.02238891625920214,RISK_ON
2018-09-30,XLV,0.004605010877230359,0.14451151110947147,RISK_ON
2018-09-30,XLY,0.04166604710774649,0.07566658839765239,RISK_ON
2018-12-31,XLB,-0.2071944112161222,-0.12224039722481661,RISK_ON
2018-12-31,XLE,-0.015913121555632667,-0.2357213873513716,RISK_ON
2018-12-31,XLF,-0.08936429718068817,-0.1309454895653278,RISK_ON
2018-12-31,XLI,-0.02096134433155561,-0.17336826283374063,RISK_ON
2018-12-31,XLK,-0.008307506808073557,-0.1736491519915272,RISK_ON
2018-12-31,XLP,0.013677755084893795,-0.04979272737341911,RISK_ON
2018-12-31,XLRE,0.030124718040479094,-0.03821091176258273,RISK_ON
2018-12-31,XLU,0.06662563710861417,0.013665179068960365,RISK_ON
2018-12-31,XLV,-0.13756070896908143,-0.08667698165827908,RISK_ON
2018-12-31,XLY,0.006463843688554726,-0.15203846139366084,RISK_ON
2019-03-31,XLB,-0.014184856359594064,0.10331997115028702,RISK_ON
2019-03-31,XLE,-0.06436371611539642,0.16196308928042824,RISK_ON
2019-03-31,XLF,-0.07523841459043833,0.08485484028427548,RISK_ON
2019-03-31,XLI,0.13141396699764876,0.17159565004406652,RISK_ON
2019-03-31,XLK,-0.25419362630983716,0.1977910921442816,RISK_ON
2019-03-31,XLP,-0.047712976429155105,0.11101635675566879,RISK_ON
2019-03-31,XLRE,-0.0538373037568779,0.17508100893790446,RISK_ON
2019-03-31,XLU,0.05726189199427003,0.10735866300076746,RISK_ON
2019-03-31,XLV,-0.015272185959896892,0.0645203524568041,RISK_ON
2019-03-31,XLY,-0.4195315214273105,0.15380771944641358,RISK_ON
2019-06-30,XLB,0.03362706396797052,0.060358172391248965,RISK_ON
2019-06-30,XLE,0.03646612265573329,-0.027653866909979175,RISK_ON
2019-06-30,XLF,0.02003402227665131,0.07898209217509655,RISK_ON
2019-06-30,XLI,0.05836588723997066,0.03634133621003666,RISK_ON
2019-06-30,XLK,0.06822114267006932,0.05832079319594041,RISK_ON
2019-06-30,XLP,0.06305459957303076,0.04281928947233582,RISK_ON
2019-06-30,XLRE,0.12602927093520147,0.02323806790888927,RISK_ON
2019-06-30,XLU,0.047633661662417726,0.03328219507517849,RISK_ON
2019-06-30,XLV,-0.1486684080554209,0.014008245330040081,RISK_ON
2019-06-30,XLY,0.06621507606387907,0.05060142385804145,RISK_ON
2019-09-30,XLB,-0.04954021692629132,-0.00012631874012158928,RISK_ON
2019-09-30,XLE,0.0007503831609247131,-0.06229111818681665,RISK_ON
2019-09-30,XLF,0.03487197650253412,0.01966471219031618,RISK_ON
2019-09-30,XLI,0.007987167253566012,0.00802655897034743,RISK_ON
2019-09-30,XLK,0.02749034520545833,0.03512150815302961,RISK_ON
2019-09-30,XLP,-0.017614289675041528,0.06394637827785332,RISK_ON
2019-09-30,XLRE,0.08225035163254767,0.07705574154255967,RISK_ON
2019-09-30,XLU,-0.01258016410378986,0.09409147908959814,RISK_ON
2019-09-30,XLV,-0.17059778729348932,-0.023053337758898285,RISK_ON
2019-09-30,XLY,0.02482853943987321,0.015943014443426717,RISK_ON
2019-12-31,XLB,-0.4199696728557749,0.06114420845433588,RISK_ON
2019-12-31,XLE,-0.8941656105133835,0.0547100825483815,RISK_ON
2019-12-31,XLF,-0.07445273900636004,0.10488185452236198,RISK_ON
2019-12-31,XLI,-0.4414332079642794,0.05468248795490904,RISK_ON
2019-12-31,XLK,-0.5156018345709793,0.14204698298223928,RISK_ON
2019-12-31,XLP,-0.3102961813521258,0.033798324539800584,RISK_ON
2019-12-31,XLRE,-0.31776780803628885,-0.006332423496164918,RISK_ON
2019-12-31,XLU,-0.4043894628527667,0.00594187624805409,RISK_ON
2019-12-31,XLV,-0.12065739121352069,0.14221203852860076,RISK_ON
2019-12-31,XLY,-0.7095447384390311,0.0425309339644806,RISK_ON
2020-03-31,XLB,-0.36745106230203384,-0.26178856475843726,RISK_OFF
2020-03-31,XLE,-0.059140496520489846,-0.5051586694757855,RISK_OFF
2020-03-31,XLF,-0.2955362516666766,-0.3178511606725416,RISK_OFF
2020-03-31,XLI,-0.47750426133435897,-0.27006074336978403,RISK_OFF
2020-03-31,XLK,-0.349944336126098,-0.11868998083733184,RISK_OFF
2020-03-31,XLP,-0.32235916355546645,-0.1301690153448235,RISK_OFF
2020-03-31,XLRE,0.5569477154289053,-0.19233800614081065,RISK_OFF
2020-03-31,XLU,-0.17655175321147532,-0.13394096667736977,RISK_OFF
2020-03-31,XLV,-0.22888207402630886,-0.12615432713075847,RISK_OFF
2020-03-31,XLY,-0.6164832638782402,-0.21419314134699363,RISK_OFF
2020-06-30,XLB,0.4508648692065052,0.25798402255192765,RISK_OFF
2020-06-30,XLE,0.17649756306378372,0.3191797790217483,RISK_OFF
2020-06-30,XLF,0.0980824877018077,0.11852130649501014,RISK_OFF
2020-06-30,XLI,0.1704852504999189,0.16937838915262016,RISK_OFF
2020-06-30,XLK,0.050335954738308916,0.3036948551545946,RISK_OFF
2020-06-30,XLP,-0.1329936301858845,0.08494517990761641,RISK_OFF
2020-06-30,XLRE,-1.7736854630537842,0.13154591347393785,RISK_OFF
2020-06-30,XLU,-0.7932239514576114,0.02691059678802188,RISK_OFF
2020-06-30,XLV,-0.043983947560793324,0.1344989919562396,RISK_OFF
2020-06-30,XLY,-0.020820640238877263,0.30513303336811526,RISK_OFF
2020-09-30,XLB,-0.00019576418380620395,0.1346877468421941,RISK_OFF
2020-09-30,XLE,0.49286968234420225,-0.19570043500411494,RISK_OFF
2020-09-30,XLF,0.24547129819698024,0.04591121782936569,RISK_OFF
2020-09-30,XLI,0.24856720840849153,0.12487908657760549,RISK_OFF
2020-09-30,XLK,0.2835235501127607,0.11932705403784816,RISK_OFF
2020-09-30,XLP,0.06811150317044695,0.09961930929937957,RISK_OFF
2020-09-30,XLRE,0.11700970768873559,0.019313323292836415,RISK_OFF
2020-09-30,XLU,0.15663946849023397,0.06132714445511156,RISK_OFF
2020-09-30,XLV,-0.6745340063567673,0.05825329525660705,RISK_OFF
2020-09-30,XLY,0.3810034444951646,0.1533413520812934,RISK_OFF
2020-12-31,XLB,-0.01285012225891537,0.14317582813162266,RISK_OFF
2020-12-31,XLE,0.10153265922457984,0.2823669785851328,RISK_OFF
2020-12-31,XLF,0.10689168253378929,0.23133067806598917,RISK_OFF
2020-12-31,XLI,0.04292133671694413,0.15505718430352933,RISK_OFF
2020-12-31,XLK,0.009288124294613218,0.11673372972010942,RISK_OFF
2020-12-31,XLP,-0.010717161510118842,0.061071769356527694,RISK_OFF
2020-12-31,XLRE,-0.060286964918116887,0.05000226520883566,RISK_OFF
2020-12-31,XLU,0.0835789542523361,0.06483460680352127,RISK_OFF
2020-12-31,XLV,-0.021905017908895184,0.07989902781069813,RISK_OFF
2020-12-31,XLY,-0.024513085458065735,0.09591815719641983,RISK_OFF
2021-03-31,XLB,0.032960808613079165,0.09314478112283164,RISK_ON
2021-03-31,XLC,-0.025046994008061575,0.08846368947637395,RISK_ON
2021-03-31,XLE,0.049984780738748825,0.3081934226927079,RISK_ON
2021-03-31,XLF,0.1771555550882935,0.16013947818561824,RISK_ON
2021-03-31,XLI,0.030499411167509705,0.11522332138209723,RISK_ON
2021-03-31,XLK,0.04860916072593009,0.023614276256982425,RISK_ON
2021-03-31,XLP,0.012399471771937015,0.0182261286023353,RISK_ON
2021-03-31,XLRE,0.00503827499803537,0.09092765371597755,RISK_ON
2021-03-31,XLU,0.027715536801592437,0.02899831668021191,RISK_ON
2021-03-31,XLV,0.005917087956484853,0.03266185944541755,RISK_ON
2021-03-31,XLY,0.021874925706728478,0.04700172963646021,RISK_ON
2021-06-30,XLB,0.049325992495848674,0.049077863222341644,RISK_ON
2021-06-30,XLC,0.029898997045012032,0.10632239812475053,RISK_ON
2021-06-30,XLE,0.3317162608196564,0.10926501899204077,RISK_ON
2021-06-30,XLF,-0.015203225306448501,0.08180168032645585,RISK_ON
2021-06-30,XLI,-0.0017070713845183036,0.04341100890789518,RISK_ON
2021-06-30,XLK,0.015332278285597894,0.11385234383265863,RISK_ON
2021-06-30,XLP,-0.015500090924517866,0.030954464912010593,RISK_ON
2021-06-30,XLRE,0.013076927819954719,0.12982649152940162,RISK_ON
2021-06-30,XLU,0.00886473264528686,-0.004980217113257357,RISK_ON
2021-06-30,XLV,-0.0033346335168371877,0.08310336695607656,RISK_ON
2021-06-30,XLY,0.014101398756599548,0.0639310531479158,RISK_ON
2021-09-30,XLB,-0.011513615522222952,-0.03467559307103285,RISK_ON
2021-09-30,XLC,0.00015712039174353536,-0.00892873081559653,RISK_ON
2021-09-30,XLE,0.06088988213664976,-0.021294774221349844,RISK_ON
2021-09-30,XLF,-0.13921626836981452,0.027323045669256363,RISK_ON
2021-09-30,XLI,-0.015959586876063185,-0.041445520118377877,RISK_ON
2021-09-30,XLK,-0.021310070569958046,0.013020832775890279,RISK_ON
2021-09-30,XLP,0.0037463265096735598,-0.01001773169475928,RISK_ON
2021-09-30,XLRE,0.05239527878861379,0.00832407440144789,RISK_ON
2021-09-30,XLU,-0.003148939096279694,0.017929764679839533,RISK_ON
2021-09-30,XLV,-0.0004954958946922373,0.014279978102948121,RISK_ON
2021-09-30,XLY,-0.03826985212288694,0.0065439472191306525,RISK_ON
2021-12-31,XLB,-0.025647527769327647,0.15117166542616922,RISK_ON
2021-12-31,XLC,-0.030810552208301624,-0.02833842185503488,RISK_ON
2021-12-31,XLE,0.03792858807035252,0.07925944183325262,RISK_ON
2021-12-31,XLF,-0.030609980755679875,0.045485591358316535,RISK_ON
2021-12-31,XLI,-0.034032048418834754,0.08553946590199457,RISK_ON
2021-12-31,XLK,0.03411474118333469,0.1666144915194696,RISK_ON
2021-12-31,XLP,-0.008731872121359684,0.12781231327064058,RISK_ON
2021-12-31,XLRE,-0.0026251147522513667,0.17556151133373143,RISK_ON
2021-12-31,XLU,-0.019762651705704078,0.12934635138767425,RISK_ON
2021-12-31,XLV,0.00880087073018337,0.11100895368657704,RISK_ON
2021-12-31,XLY,0.0048911980346996575,0.14096532065486866,RISK_ON
2022-03-31,XLB,0.0045524332323566286,-0.0234860711567475,RISK_OFF
2022-03-31,XLC,-0.10529732785520754,-0.11232186336861738,RISK_OFF
2022-03-31,XLE,0.15331988753814133,0.3904715413283726,RISK_OFF
2022-03-31,XLF,-0.098483171618792,-0.014854336385494382,RISK_OFF
2022-03-31,XLI,-0.10030476736624304,-0.02350789837763112,RISK_OFF
2022-03-31,XLK,0.040093280460181416,-0.08423735139229116,RISK_OFF
2022-03-31,XLP,0.027393587075643072,-0.011357494404401258,RISK_OFF
2022-03-31,XLRE,0.02167706324507347,-0.06201916808616659,RISK_OFF
2022-03-31,XLU,0.04317538317699536,0.0471851753402599,RISK_OFF
2022-03-31,XLV,0.08130281727451967,-0.024648287839401206,RISK_OFF
2022-03-31,XLY,-0.014925575486356889,-0.09369899979649154,RISK_OFF
2022-06-30,XLB,0.02419878778869079,-0.15928056833866455,RISK_OFF
2022-06-30,XLC,0.008238411909825234,-0.2090526859394477,RISK_OFF
2022-06-30,XLE,0.2640166857773546,-0.05400367573902709,RISK_OFF
2022-06-30,XLF,-0.17560581502156572,-0.1749047539165871,RISK_OFF
2022-06-30,XLI,0.15581873660154802,-0.14815081687584175,RISK_OFF
2022-06-30,XLK,0.08155384391351032,-0.19807232485403636,RISK_OFF
2022-06-30,XLP,0.04318041760830946,-0.04174424407625854,RISK_OFF
2022-06-30,XLRE,0.06508024872991001,-0.14758206247826133,RISK_OFF
2022-06-30,XLU,0.17902603763438324,-0.05061475833875573,RISK_OFF
2022-06-30,XLV,0.01994162459195494,-0.059921036750278156,RISK_OFF
2022-06-30,XLY,0.012489119978934784,-0.25514648354196456,RISK_OFF
2022-09-30,XLB,-0.06327617617369258,-0.07072451267494118,RISK_OFF
2022-09-30,XLC,0.02214031007937751,-0.11569456914402076,RISK_OFF
2022-09-30,XLE,-0.02514306550460917,0.018112377476743102,RISK_OFF
2022-09-30,XLF,-0.008686507760207029,-0.029580012239916242,RISK_OFF
2022-09-30,XLI,-0.013302348752943276,-0.04698262866208425,RISK_OFF
2022-09-30,XLK,-0.11045596631030973,-0.06330040862483899,RISK_OFF
2022-09-30,XLP,0.022703794253556432,-0.06949206178084144,RISK_OFF
2022-09-30,XLRE,-0.01708496155479106,-0.11067527848267678,RISK_OFF
2022-09-30,XLU,0.053667531885419936,-0.05955100377918343,RISK_OFF
2022-09-30,XLV,-0.046383830955957134,-0.051834551572795595,RISK_OFF
2022-09-30,XLY,-0.07413064809739872,0.038320459510525984,RISK_OFF
2022-12-31,XLB,-0.045575063925293716,0.14958432070113203,RISK_OFF
2022-12-31,XLC,0.02983277281390995,0.004554837146323765,RISK_OFF
2022-12-31,XLE,0.01338934356667661,0.22703265376620863,RISK_OFF
2022-12-31,XLF,0.15320287697348467,0.13354570849194136,RISK_OFF
2022-12-31,XLI,0.03186320429976991,0.19119706968850037,RISK_OFF
2022-12-31,XLK,0.002313493007050884,0.050659407383846,RISK_OFF
2022-12-31,XLP,0.01271186383311469,0.1252000364553878,RISK_OFF
2022-12-31,XLRE,0.026142008333704343,0.03719254673147088,RISK_OFF
2022-12-31,XLU,0.006618674446705523,0.08497719847897578,RISK_OFF
2022-12-31,XLV,-0.016316539103769814,0.1263282649597861,RISK_OFF
2022-12-31,XLY,0.05920669000022616,-0.09081109032632628,RISK_OFF
2023-03-31,XLB,0.01760747482592796,0.042878679210027304,RISK_OFF
2023-03-31,XLC,-0.0644385407675686,0.2112629557810055,RISK_OFF
2023-03-31,XLE,0.16985524730494952,-0.043163728418835756,RISK_OFF
2023-03-31,XLF,0.41781401759557024,-0.05527585134854207,RISK_OFF
2023-03-31,XLI,0.07361776518620877,0.03446829061242496,RISK_OFF
2023-03-31,XLK,0.023312838967058786,0.2161953847659459,RISK_OFF
2023-03-31,XLP,0.08882294523410911,0.006963793864067869,RISK_OFF
2023-03-31,XLRE,0.0921567619725547,0.019388344216407782,RISK_OFF
2023-03-31,XLU,0.07732297571524378,-0.03278135718109554,RISK_OFF
2023-03-31,XLV,0.055404708522063015,-0.04332028363757501,RISK_OFF
2023-03-31,XLY,-0.02453690558046001,0.1613217581501587,RISK_OFF
2023-06-30,XLB,0.0024240635523037485,0.032437932462321406,RISK_OFF
2023-06-30,XLC,0.43854052629708784,0.1244729057508136,RISK_OFF
2023-06-30,XLE,-0.04552024241253176,-0.011409547324189417,RISK_OFF
2023-06-30,XLF,-0.010364228314488948,0.05322725210329127,RISK_OFF
2023-06-30,XLI,0.021085808689581546,0.06492533581270354,RISK_OFF
2023-06-30,XLK,0.0863778253725639,0.15372612156004473,RISK_OFF
2023-06-30,XLP,0.033714040696799306,-0.00018489587981895816,RISK_OFF
2023-06-30,XLRE,0.051910117400048805,0.017989498389511693,RISK_OFF
2023-06-30,XLU,0.002692952218210514,-0.025463544207178224,RISK_OFF
2023-06-30,XLV,0.061696575060820116,0.029479193389624125,RISK_OFF
2023-06-30,XLY,0.05140594412786388,0.13783330621798018,RISK_OFF
2023-09-30,XLB,-0.20864752359798724,-0.047560467632740355,RISK_OFF
2023-09-30,XLC,0.2677381452189072,0.010042773155912954,RISK_OFF
2023-09-30,XLE,-0.34500695405324444,0.12180625206554474,RISK_OFF
2023-09-30,XLF,-0.22689755626920713,-0.011620472406671856,RISK_OFF
2023-09-30,XLI,-0.07320817720751467,-0.05150035697732469,RISK_OFF
2023-09-30,XLK,0.006661437193153454,-0.055101094014911034,RISK_OFF
2023-09-30,XLP,-0.005109079388173603,-0.06597903831953889,RISK_OFF
2023-09-30,XLRE,-0.14625980406603994,-0.08883962876599805,RISK_OFF
2023-09-30,XLU,-0.019700339371906617,-0.09218335054623206,RISK_OFF
2023-09-30,XLV,-0.11483270567237565,-0.026082521084430543,RISK_OFF
2023-09-30,XLY,-0.06590630430732299,-0.050313083911147305,RISK_OFF
2023-12-31,XLB,-0.01640957600280275,0.096597279444542,RISK_OFF
2023-12-31,XLC,0.11842163099951815,0.11084998672693969,RISK_OFF
2023-12-31,XLE,-0.028564739226848334,-0.06355493557772429,RISK_OFF
2023-12-31,XLF,0.030558056541711055,0.13916637456430125,RISK_OFF
2023-12-31,XLI,-0.11993751199320986,0.13053530232657362,RISK_OFF
2023-12-31,XLK,-0.1731405876961559,0.17675035302361253,RISK_OFF
2023-12-31,XLP,-0.028439440828067614,0.05473092353934961,RISK_OFF
2023-12-31,XLRE,-0.14986136502595995,0.1883216508036909,RISK_OFF
2023-12-31,XLU,0.01596330225414197,0.08478853106443962,RISK_OFF
2023-12-31,XLV,0.20984088961278327,0.06408743326770483,RISK_OFF
2023-12-31,XLY,-0.045482053057482666,0.11274588767565885,RISK_OFF
2024-03-31,XLB,-0.08905849080791234,0.08982554316315539,RISK_OFF
2024-03-31,XLC,0.1057567090948124,0.12690608849092344,RISK_OFF
2024-03-31,XLE,-0.007929420688988564,0.13517386432519007,RISK_OFF
2024-03-31,XLF,-0.0630204681049489,0.12443038712674381,RISK_OFF
2024-03-31,XLI,-0.15502880912297226,0.10842425049548288,RISK_OFF
2024-03-31,XLK,-0.2324222440468366,0.08382134411960718,RISK_OFF
2024-03-31,XLP,-0.01628598977399032,0.06791874858483271,RISK_OFF
2024-03-31,XLRE,-0.17207251062388873,-0.006512168866093959,RISK_OFF
2024-03-31,XLU,-0.003699215981853684,0.04519800664073803,RISK_OFF
2024-03-31,XLV,-0.019416184851878623,0.08713474919243103,RISK_OFF
2024-03-31,XLY,-0.1044741597162651,0.030650186800571966,RISK_OFF
2024-06-30,XLB,-0.020234573898446396,-0.04477681704112624,RISK_OFF
2024-06-30,XLC,0.050615481241027147,0.05175741526817634,RISK_OFF
2024-06-30,XLE,0.029949119308518072,-0.026776946818501735,RISK_OFF
2024-06-30,XLF,0.01748792908457279,-0.02011448914103786,RISK_OFF
2024-06-30,XLI,-0.0026188208411266067,-0.029146749605137745,RISK_OFF
2024-06-30,XLK,-0.0463030119068102,0.08813982192496272,RISK_OFF
2024-06-30,XLP,0.01303693501289625,0.010452767125543438,RISK_OFF
2024-06-30,XLRE,-0.10124097819047377,-0.018461240970061965,RISK_OFF
2024-06-30,XLU,0.025567900077146585,0.0462970975931527,RISK_OFF
2024-06-30,XLV,0.01668006593367143,-0.009537013030328945,RISK_OFF
2024-06-30,XLY,0.02505749802404224,-0.005968840634262396,RISK_OFF
2024-09-30,XLB,0.015543848512152725,0.09625386413511428,RISK_OFF
2024-09-30,XLC,0.22291106094409738,0.05853797177444586,RISK_OFF
2024-09-30,XLE,-0.046658750332128615,-0.028797915251145834,RISK_OFF
2024-09-30,XLF,0.01690196910799761,0.10640615303851231,RISK_OFF
2024-09-30,XLI,0.04137029082658299,0.11495647695766675,RISK_OFF
2024-09-30,XLK,0.04162960334907444,-0.0002850733134195371,RISK_OFF
2024-09-30,XLP,0.06506486996770716,0.08959346018063252,RISK_OFF
2024-09-30,XLRE,-0.02950042669992776,0.17113010696592412,RISK_OFF
2024-09-30,XLU,0.06699030585824092,0.1935337814251321,RISK_OFF
2024-09-30,XLV,0.04262656330997645,0.06068248759336603,RISK_OFF
2024-09-30,XLY,0.009382127761033681,0.10078634712179868,RISK_OFF
2024-12-31,XLB,0.005682640404182619,-0.12244450601560519,RISK_ON
2024-12-31,XLC,0.23582806122309408,0.07369094671701548,RISK_ON
2024-12-31,XLE,0.02569055518158634,-0.01618879590912381,RISK_ON
2024-12-31,XLF,0.012067840207029423,0.07096459728123938,RISK_ON
2024-12-31,XLI,0.01189249406287003,-0.022275729284009116,RISK_ON
2024-12-31,XLK,-0.0007833747652640794,0.03163097533773729,RISK_ON
2024-12-31,XLP,-0.01923666431203049,-0.045705272774829275,RISK_ON
2024-12-31,XLRE,0.054458824496577525,-0.0797543322666362,RISK_ON
2024-12-31,XLU,-0.012481722061846185,-0.05524786982469343,RISK_ON
2024-12-31,XLV,-0.033559536615543985,-0.10276034401132195,RISK_ON
2024-12-31,XLY,0.016065504040506294,0.12180064558113068,RISK_ON
2025-03-31,XLB,0.06772573828035253,0.02673953909955662,RISK_ON
2025-03-31,XLC,-0.04081642592713106,-0.0007699883077917358,RISK_ON
2025-03-31,XLE,-0.0035637957342421842,0.09944949345684995,RISK_ON
2025-03-31,XLF,0.045288497342405414,0.03436628361419314,RISK_ON
2025-03-31,XLI,0.031754497210456596,-0.002181035835881584,RISK_ON
2025-03-31,XLK,0.04724101783987655,-0.11043132268552802,RISK_ON
2025-03-31,XLP,0.012068902621776978,0.04442965268433219,RISK_ON
2025-03-31,XLRE,0.001854348932172678,0.03560040079728655,RISK_ON
2025-03-31,XLU,0.08346650155337729,0.04914308227042641,RISK_ON
2025-03-31,XLV,-0.01100704563190482,0.06545680280362753,RISK_ON
2025-03-31,XLY,-0.10312915287984889,-0.11743476863779667,RISK_ON
2025-06-30,XLB,-0.134955193012624,0.02648640308436523,RISK_ON
2025-06-30,XLC,-0.2873883470272714,0.1279773824348096,RISK_ON
2025-06-30,XLE,-0.06002435190040909,-0.08507316571694168,RISK_ON
2025-06-30,XLF,0.03500023456954609,0.05499845376302703,RISK_ON
2025-06-30,XLI,0.030247128171800655,0.12893108954957144,RISK_ON
2025-06-30,XLK,-0.19288583404522314,0.2284468139862581,RISK_ON
2025-06-30,XLP,0.0443777281949484,-0.0017700821557924407,RISK_ON
2025-06-30,XLRE,0.06953424602453405,-0.0013217005199200882,RISK_ON
2025-06-30,XLU,0.10882889573738684,0.04282795118963456,RISK_ON
2025-06-30,XLV,0.04937926280455002,-0.07243704219560088,RISK_ON
2025-06-30,XLY,-0.4159021876829566,0.10296811104751935,RISK_ON
2025-09-30,XLB,-0.10495155599039514,0.02545610641541196,RISK_ON
2025-09-30,XLC,-0.002029322248688693,0.09446993894789268,RISK_ON
2025-09-30,XLE,-0.08100523874178107,0.06240290163917184,RISK_ON
2025-09-30,XLF,0.0007281817774631941,0.03202860885532166,RISK_ON
2025-09-30,XLI,-0.019623227594534068,0.04980464770564619,RISK_ON
2025-09-30,XLK,-0.02815082493035702,0.11448970764766897,RISK_ON
2025-09-30,XLP,-0.016197184989804277,-0.0254688917455429,RISK_ON
2025-09-30,XLRE,0.13233180635323064,0.024904815191743035,RISK_ON
2025-09-30,XLU,-0.010810646766976968,0.07515344864772255,RISK_ON
2025-09-30,XLV,-0.011837685764740244,0.03721681443419533,RISK_ON
2025-09-30,XLY,0.030338681784599607,0.10459979502092387,RISK_ON
