Date,Top3_Return,Bottom3_Return,LongShort_Return,EqualWeight_Return,SPY_Return,Best_Prediction_Hit,Regime
2015-06-30,0.0026645974160437826,-0.015364348805164537,0.01802894622120832,-0.006976539875341908,0.002040971680111081,1,RISK_ON
2015-09-30,0.003396106351093812,-0.10286715816332286,0.10626326451441667,-0.06777519277198646,-0.06424009419703725,1,RISK_ON
2015-12-31,0.06136055386619432,0.032277839022240094,0.02908271484395423,0.060477858691539765,0.0702048657893184,0,RISK_ON
2016-03-31,0.05175438967598023,0.006228086405674553,0.04552630327030568,0.03133754246943558,0.01329287345992669,1,RISK_ON
2016-06-30,0.009029609306874464,0.05798969778163765,-0.048960088474763186,0.03696421841106891,0.0245687376474355,0,RISK_ON
2016-09-30,0.021024528785738017,0.003965726713267707,0.01705880207247031,0.025157790527685384,0.03777259547433842,1,RISK_ON
2016-12-31,0.10183024196636843,-0.0011037490974509974,0.10293399106381942,0.04249198423588273,0.039517022187629314,0,RISK_ON
2017-03-31,0.05863171089008845,0.08232606092243633,-0.023694350032347877,0.05160689342308625,0.05921167170460673,0,RISK_ON
2017-06-30,0.035474835481411615,-0.004148148917774745,0.03962298439918636,0.02444311302329923,0.030707982652169452,0,RISK_ON
2017-09-30,0.025507355744197158,0.05797296731155499,-0.03246561156735783,0.041660339342222255,0.04415569614438719,0,RISK_ON
2017-12-31,0.05450276451086237,0.045357221337030795,0.009145543173831573,0.06156333770082561,0.0676430752783359,1,RISK_ON
2018-03-31,-0.02455951592110243,-0.04273820502193212,0.018178689100829686,-0.02206357122199117,-0.009953028794377206,0,RISK_ON
2018-06-30,0.006202297808949986,0.05277586862128739,-0.04657357081233741,0.03292235294657708,0.035524154776203076,0,RISK_ON
2018-09-30,0.05534557812529717,0.03939662173405378,0.015948956391243385,0.05402323660129991,0.07651133793747755,0,RISK_ON
2018-12-31,-0.024779486689013825,-0.11328762281614117,0.08850813612712735,-0.11489785920857654,-0.1353208429516598,1,RISK_ON
2019-03-31,0.12742476139837366,0.14548455062499022,-0.01805978922661655,0.13313087435008972,0.13526020280282958,1,RISK_ON
2019-06-30,0.044053428320957044,0.051116169965461866,-0.007062741644504822,0.037029774870682854,0.04228669760609627,0,RISK_ON
2019-09-30,0.043947320628635156,0.01358890725961115,0.030358413369024007,0.022837861798129456,0.01754417973590039,1,RISK_ON
2019-12-31,0.09363073919692111,0.07976266649836712,0.013868072698553988,0.06356163662469988,0.0898752598635375,1,RISK_ON
2020-03-31,-0.2771458807646553,-0.24868081649173832,-0.02846506427291698,-0.22703445757546362,-0.19447684212181837,1,RISK_OFF
2020-06-30,0.24884739690876537,0.08113389672319204,0.16771350018557332,0.18517920678698319,0.20161753160407514,1,RISK_OFF
2020-09-30,0.02565599037167554,0.0975201171327269,-0.07186412676105136,0.06209590946681265,0.09038321892178236,0,RISK_OFF
2020-12-31,0.1928440878182144,0.07527315007198454,0.11757093774622987,0.1280390225182386,0.12118554712488061,1,RISK_OFF
2021-03-31,0.16398239237843618,0.07068440087925636,0.09329799149917982,0.09150860519972853,0.0635179210059198,1,RISK_ON
2021-06-30,0.08822176011304432,0.06528650406484766,0.022935256048196656,0.07332413389438998,0.08359280127537372,1,RISK_ON
2021-09-30,-0.007662810504887078,0.015629275221425765,-0.023292085726312844,-0.002630973370236686,0.005734923943950587,0,RISK_ON
2021-12-31,0.1189609623464331,0.03422887846842541,0.08473208387800768,0.10767515313796906,0.11065998602188687,0,RISK_ON
2022-03-31,0.13766947627641044,-0.05022803271058096,0.1878975089869914,-0.0011340685580554233,-0.046144742965316676,1,RISK_OFF
2022-06-30,-0.08425641698454152,-0.21303464113266646,0.12877822414812495,-0.13622485553173844,-0.16110267756968444,1,RISK_OFF
2022-09-30,-0.08157921156801522,-0.03190148726308473,-0.04967772430493049,-0.05103656272491178,-0.0493115010934031,0,RISK_OFF
2022-12-31,0.07797722928470514,0.10885733101492139,-0.03088010173021624,0.09449645031611333,0.07560923036755707,1,RISK_OFF
2023-03-31,-0.026350411850323347,0.13848779771373051,-0.16483820956405387,0.04708527145581724,0.07458212076575377,0,RISK_OFF
2023-06-30,0.10255940690016081,0.02475187908047442,0.07780752781968639,0.052457596206827634,0.0868038396274553,1,RISK_OFF
2023-09-30,-0.03701245305951232,0.020875104008710843,-0.05788755706822316,-0.03248463531250337,-0.03224177281449769,1,RISK_OFF
2023-12-31,0.10470126485298192,0.16520243538462567,-0.06050117053164375,0.09954716244173532,0.11639626325834862,0,RISK_OFF
2024-03-31,0.10242598648561718,0.061911141916332034,0.04051484456928515,0.08117918182487115,0.10390114858555854,1,RISK_OFF
2024-06-30,0.02375918868094244,0.008300587971258174,0.015458600709684264,0.0038059095155798476,0.043790861982812235,1,RISK_OFF
2024-09-30,0.11388840446007016,0.08103951294552565,0.03284889151454451,0.08752706005709339,0.057513275434823985,0,RISK_OFF
2024-12-31,-0.007417393819581508,-0.06790449553694822,0.06048710171736671,-0.013299062288099649,0.024910350276187154,1,RISK_ON
2025-03-31,-0.01151623377184833,-0.017582651380653624,0.006066417608805294,0.011306194478115851,-0.04266863711928981,1,RISK_ON
2025-06-30,-0.010310263841962134,0.1531307691561957,-0.16344103299815782,0.05018492858790275,0.1077718170280848,0,RISK_ON
2025-09-30,0.05384440635599619,0.06744957190075092,-0.01360516554475473,0.05409617206910502,0.08121220551160557,0,RISK_ON
