Sector,Ticker,Score,Regime_Adj,Category
Technology,XLK,0.1898728713890494,0.01,Cyclical
Communication Services,XLC,0.16968516150610968,0.01,Cyclical
Financials,XLF,0.08403841478192241,0.01,Cyclical
Consumer Discretionary,XLY,0.043315301106112765,0.01,Cyclical
Real Estate,XLRE,0.03694503302141466,-0.01,Defensive
Industrials,XLI,-0.004446017733135315,0.01,Cyclical
Healthcare,XLV,-0.028482228056093586,-0.01,Defensive
Utilities,XLU,-0.03325968162552243,-0.01,Defensive
Energy,XLE,-0.03728938320672231,0.01,Cyclical
Consumer Staples,XLP,-0.05775813438184527,-0.01,Defensive
Materials,XLB,-0.06638115860483627,0.01,Cyclical
