,Strategy,FTSE250
2009-07-31,0.004773709389356284,0.06571460053720268
2009-08-31,0.014319621233077395,0.10218749999999965
2009-09-30,-0.012492800741882637,0.03683581567195904
2009-10-31,0.04180983452335152,-0.028056397786089038
2009-11-30,0.006839996655696012,0.003668840920803218
2009-12-31,0.022485646321662944,0.04356162349566395
2010-01-31,0.017704989499193857,-0.007478385178335878
2010-02-28,0.011576453108338658,0.011594360711682627
2010-03-31,0.014807614639253508,0.08784934075450024
2010-04-30,0.02886623644734443,0.019743657262323078
2010-05-31,0.01459977429017112,-0.07031645674561116
2010-06-30,-0.010577265676127934,-0.028120493819153713
2010-07-31,0.03789624979113482,0.06220311658380617
2010-08-31,0.026621743433131728,-0.012423792406141332
2010-09-30,0.005537590303674289,0.07192804382748186
2010-10-31,0.0034537539399321915,0.029596099535976084
2010-11-30,0.007907906007491805,-0.0217365421969391
2010-12-31,0.030336488501989445,0.08965101317049329
2011-01-31,-0.010674564504419615,-0.007552670360472358
2011-02-28,-0.012023027419062582,0.013058432174302359
2011-03-31,-0.001236411742172816,-0.002521215800292187
2011-04-30,0.004193740625902276,0.03639582389794804
2011-05-31,0.021036881748236036,0.003903762519879228
2011-06-30,0.011069582885987472,-0.010513382755777179
2011-07-31,0.008877088167223102,-0.03200103826252754
2011-08-31,0.008082031263877631,-0.08883226889051488
2011-09-30,-0.039165021101006614,-0.06712014875508787
2011-10-31,0.0421137573115451,0.0672444119213127
2011-11-30,0.035783494278860406,-0.015687508951690465
2011-12-31,-0.007780344749563239,-0.02059071651664146
2012-01-31,0.014380026704679416,0.06597115424581146
2012-02-29,0.006585706499631749,0.06315111191956801
2012-03-31,0.016217138328823877,0.007808235348704562
2012-04-30,-0.0011622696318567272,-0.01051233455039946
2012-05-31,0.01256542968288099,-0.07526971022498041
2012-06-30,0.05163198079613496,0.03541317716522441
2012-07-31,-0.03585466648390634,0.018715580103388918
2012-08-31,-0.0032298485039166103,0.024558441477586346
2012-09-30,0.03376320539960531,0.028386830074686564
2012-10-31,-0.013748651949302193,0.01712107424625109
2012-11-30,0.015543805457222115,0.00831170467637099
2012-12-31,-0.0027105664919315764,0.028319273334031392
2013-01-31,-0.006222347863150679,0.05296969696969711
2013-02-28,-0.004083170429249328,0.05168642799585643
2013-03-31,0.0037720563080523295,0.01598073555166235
2013-04-30,0.003158703297217791,0.0019320829293258956
2013-05-31,0.02213557747884498,0.02874572497087491
2013-06-30,-0.007926232899635344,-0.03851327653793568
2013-07-31,0.0416015361952462,0.07788698381674397
2013-08-31,-0.0211268604386462,-0.016654464751787224
2013-09-30,0.00011511869993618973,0.019350162474405463
2013-10-31,0.006813694754428834,0.03835471734993812
2013-11-30,0.02765686801289946,-0.0008656583091085635
2013-12-31,0.006807059790814529,0.030310526753782208
2014-01-31,0.005671133147879148,-0.016378628311940147
2014-02-28,0.0037792097848143857,0.06709026075434332
2014-03-31,-0.0010741633876043544,-0.027041719758908567
2014-04-30,0.005168023422158052,-0.028051395473753682
2014-05-31,0.025179184171878477,0.012208204169548154
2014-06-30,0.024768685902283316,-0.017907234643323222
2014-07-31,0.010379581132763827,-0.014500496429840748
2014-08-31,0.010637546778249574,0.025174926803185338
2014-09-30,0.026716651384314893,-0.031852546238363866
2014-10-31,0.00266239066158791,0.007913040811392325
2014-11-30,-0.009272200481085457,0.02260437155564521
2014-12-31,0.029783192217200716,0.014736533946663632
2015-01-31,0.007571242213675777,0.0137018295292759
2015-02-28,0.0303445419522288,0.05936543979181064
2015-03-31,0.003596501199807145,-0.010605724483858103
2015-04-30,0.0025632736736758144,0.022468491964983572
2015-05-31,-0.006190329583574461,0.03890222359574502
2015-06-30,-3.9987175250999485e-06,-0.034311262130512166
2015-07-31,0.014665352942582421,0.008322185245129843
2015-08-31,9.352357833591896e-05,-0.03230112954294018
2015-09-30,0.01992427289671661,-0.024750992666875637
2015-10-31,0.012013398703025535,0.026026447206736192
2015-11-30,0.013058706331337211,0.01773070442900293
2015-12-31,0.00748673338655248,0.000522456784639802
2016-01-31,-0.007608430278269629,-0.0540511950953263
2016-02-29,-0.015798516973495325,0.006999180970851615
2016-03-31,0.010508629217240495,0.019454198770066267
2016-04-30,0.016013262177303256,-0.007355504391043488
2016-05-31,0.007810574216609023,0.022801377147521062
2016-06-30,0.07762734055705112,-0.053163549605697136
2016-07-31,0.013660270025339205,0.06218392152593211
2016-08-31,0.013645015626279067,0.026031532928874057
2016-09-30,0.03425823416758944,0.007816002169356295
2016-10-31,0.009976863646635525,-0.0183086476002553
2016-11-30,0.010956210024396285,9.128729559204629e-05
2016-12-31,0.005118979297598081,0.030292148339447378
2017-01-31,0.022890107752927324,0.0038999185140029535
2017-02-28,0.013376775959158538,0.034323632103321566
2017-03-31,-0.006115349550892879,0.01071358931046662
2017-04-30,-0.0028932199078649523,0.03392401263305911
2017-05-31,-0.003172643626804139,0.018189729550232903
2017-06-30,0.0010303951909680364,-0.03164398637715771
2017-07-31,0.010725502575074986,0.02279709663991336
2017-08-31,-0.0004036215874445581,0.0011374494059641638
2017-09-30,-0.010232987133356186,0.0035953651497417916
2017-10-31,-0.0061307104985336425,0.017766196162737113
2017-11-30,-0.005173011634478697,-0.013595083755082005
2017-12-31,0.0033155863687408527,0.0387613016395536
2018-01-31,-0.012726126583818442,-0.0232893065178168
2018-02-28,0.0009564126842425136,-0.02748023270858191
2018-03-31,0.00037409078812622454,-0.011520156255550695
2018-04-30,-0.006853432964274431,0.04237299192595301
2018-05-31,-0.007379581949423897,0.02766568479731002
2018-06-30,-0.013624244897345927,-0.0007339806429239593
2018-07-31,-0.008278128095395632,0.002251470914742537
2018-08-31,0.013408112959996332,-0.009047863390985733
2018-09-30,0.014038415354836076,-0.01846391802407188
2018-10-31,-0.003405818253956805,-0.06841487079578401
2018-11-30,-0.0110498717268952,-0.023094692036702225
2018-12-31,-0.008619769345157624,-0.052957725342073325
2019-01-31,0.017748870818362628,0.06911748869415724
2019-02-28,-0.01676436163243422,0.025096441270665126
2019-03-31,0.00928502189439362,-0.0033313725444288345
2019-04-30,0.005448992200440372,0.03699755623120171
2019-05-31,-0.02009404122825631,-0.043102576889860855
2019-06-30,-0.011839246504142809,0.025924672138625038
2019-07-31,0.023462641949724583,0.010502484044761173
2019-08-31,0.01659984947969617,-0.013876408645412841
2019-09-30,0.01575849569096399,0.028004064243569493
2019-10-31,-0.004762549997687993,0.004253501561094053
2019-11-30,0.004917838417467957,0.039512504526382664
2019-12-31,-0.009721844940599134,0.051449641147551795
2020-01-31,-0.010073800279716716,-0.03381103381638917
2020-02-29,0.015848049526945074,-0.0857284559971151
2020-03-31,0.017594367786692544,-0.21881033453058152
2020-04-30,0.07971932556573447,0.08962263845904284
2020-05-31,0.01781909574112661,0.0357652921693159
2020-06-30,0.035184489678692366,0.004470997990376757
2020-07-31,0.03336242139428869,-0.010894201160749795
2020-08-31,0.03545551085771215,0.05052954354451633
2020-09-30,0.04108930656360599,-0.026590510573026527
2020-10-31,0.017032959684100346,-0.005827238689047776
2020-11-30,-0.001216492590235374,0.12326310196552459
2020-12-31,-0.013609390313225722,0.059577062491553034
2021-01-31,-0.010829452082221858,-0.012675583722036143
2021-02-28,0.020757013793976098,0.033704793926221166
2021-03-31,-0.001724958454637826,0.0290907307732724
2021-04-30,0.02103843615916956,0.04548142812564748
2021-05-31,0.010348963922879095,0.008294274277695024
2021-06-30,0.018936606362531805,-0.01357785223064678
2021-07-31,-0.005945529159066432,0.02559889083169442
2021-08-31,-0.007518267694424652,0.05025963877129369
2021-09-30,0.015913222102975855,-0.0444315652601065
2021-10-31,-0.006517663103091209,0.0032694127370469506
2021-11-30,-0.004972750195121223,-0.025399686693272305
2021-12-31,0.00601362801218297,0.042678259294857135
2022-01-31,0.013521086991682196,-0.0661902967600696
2022-02-28,-0.004673648104437489,-0.03856047061845691
2022-03-31,0.03733758603000337,0.0037474326037940653
2022-04-30,-0.009546995610566933,-0.021332621252171946
2022-05-31,0.01070813057668829,-0.014037541212958637
2022-06-30,-0.0016085949996825777,-0.08576742182143327
2022-07-31,-0.00927799341672142,0.08025475960935946
2022-08-31,0.024982690514772754,-0.054604763130243095
2022-09-30,-0.0022758458733639353,-0.09942928074784985
2022-10-31,0.003733157052787428,0.042030927729498124
2022-11-30,0.002652587240695059,0.07117984800475963
2022-12-31,-0.001046682515275954,-0.016192449557207222
2023-01-31,-0.003934068822909809,0.05306847716543772
2023-02-28,0.009590776968732229,0.0025084131891093264
2023-03-31,-0.007209285647664321,-0.04898684950380128
2023-04-30,0.011721290368086557,0.026246351104960652
2023-05-31,0.0007929730463491769,-0.036149066561857235
2023-06-30,0.019210820614349755,-0.016348941829987584
2023-07-31,0.010606204951743026,0.03947482565702409
2023-08-31,0.024903395083625268,-0.02810839752506411
2023-09-30,0.025725127982138662,-0.017537574067421957
2023-10-31,-0.004877055490673299,-0.06544529665554744
2023-11-30,0.0001623852495489242,0.06734143199596354
2023-12-31,0.04412954313538209,0.07985848078399593
2024-01-31,-0.0053936515652160955,-0.01684135868446457
2024-02-29,0.010705494902985224,-0.015657589078160394
2024-03-31,0.011013583281022754,0.043547791440216255
2024-04-30,0.009775383496555934,0.004058455749680334
2024-05-31,-0.01213251851963748,0.03830122130228064
2024-06-30,0.0027594887754933684,-0.021422936587056296
2024-07-31,-0.0061321046759609255,0.06480820362565365
2024-08-31,-0.0005834575073100368,-0.02380474879737493
2024-09-30,0.01112163980695291,-0.0015792464965738162
2024-10-31,-0.013954821179316679,-0.03154861224884353
2024-11-30,0.004037411394943291,0.018765001195497844
2024-12-31,0.00608770752905663,-0.007173255926459454
2025-01-31,0.0027183409585864737,0.01590005124649485
2025-02-28,0.026682410290585823,-0.029789246527530233
2025-03-31,0.013570624924380326,-0.04186183358945539
2025-04-30,0.01499372264554455,0.021005859124283432
2025-05-31,0.005365311344675661,0.05750180607538691
2025-06-30,-0.010717859290437337,0.028452576624026005
2025-07-31,0.0049097312719859065,0.015559757695210896
2025-08-31,2.4247963108958714e-05,-0.016259381763589764
2025-09-30,0.020787830653983708,0.018971864158384033
2025-10-31,-0.008602887453177388,0.007058649020797336
2025-11-30,-0.010907454486612567,-0.00026163823237634887
2025-12-31,0.005674827835241647,0.013769385461549488
2026-01-31,0.03162059920168514,0.03484584103479893
2026-02-28,0.005998552574349114,0.02166559813454816
2026-03-31,0.018636053944045772,-0.11797262770512162
