date,Synthetic 1x gross,Flat cash
2023-01-02,-0.0076868077682753205,0
2023-01-03,-0.0014787383262342916,0
2023-01-04,0.0075000510442010879,0
2023-01-05,0.0027902099165636393,0
2023-01-06,-0.016841360361703483,0
2023-01-09,-0.0071094098740867905,0
2023-01-10,0.002161740810850887,0
2023-01-11,0.0062775554076430241,0
2023-01-12,0.0017030337825658254,0
2023-01-13,-0.0043995045167481194,0
2023-01-16,0.0056024654737136777,0
2023-01-17,0.0095654028286312077,0
2023-01-18,-0.0019340009035617139,0
2023-01-19,0.0027780141453412751,0
2023-01-20,0.0029737441008795456,0
2023-01-23,-0.0081552319220195083,0
2023-01-24,0.002846698795151537,0
2023-01-25,-0.0067921258647659763,0
2023-01-26,0.011317725461061629,0
2023-01-27,-0.0018734099024367448,0
2023-01-30,-0.00040274813610851733,0
2023-01-31,-0.017265981436613127,0
2023-02-01,0.00012893062520377176,0
2023-02-02,-0.003074050430855021,0
2023-02-03,0.0017658845919453015,0
2023-02-06,0.004433467203238786,0
2023-02-07,-0.0027545388268830759,0
2023-02-08,0.0015643351318477565,0
2023-02-09,0.00061463416662024773,0
2023-02-10,0.014098673444404276,0
2023-02-13,0.010897726117179374,0
2023-02-14,-0.0053746346521707945,0
2023-02-15,0.0032207636384503379,0
2023-02-16,-0.0028741466171593889,0
2023-02-17,0.0034375424431771001,0
2023-02-20,0.008552491405269225,0
2023-02-21,0.0012984211824097671,0
2023-02-22,-0.0052802439688231948,0
2023-02-23,-0.0042717448484429843,0
2023-02-24,0.0043640708360704467,0
2023-02-27,-0.0028545455539331259,0
2023-02-28,0.019873607657876748,0
2023-03-01,-0.0031702212176071016,0
2023-03-02,0.0010821353947657163,0
2023-03-03,-0.00050082036956713527,0
2023-03-06,0.0042716519633953362,0
2023-03-07,0.017476046529482918,0
2023-03-08,0.00010899371352545892,0
2023-03-09,-0.0048722495619458982,0
2023-03-10,0.010110011450663512,0
2023-03-13,-0.0026145725920142492,0
2023-03-14,0.0071058130325264163,0
2023-03-15,-0.010160722573944415,0
2023-03-16,0.0043198569415439344,0
2023-03-17,-0.0011210578730607062,0
2023-03-20,-0.012191851430018816,0
2023-03-21,-0.00515949833612637,0
2023-03-22,0.001218190201798303,0
2023-03-23,-0.013158204701565486,0
2023-03-24,0.0050275675858586491,0
2023-03-27,-0.022685130444125286,0
2023-03-28,-0.0047455966773231033,0
2023-03-29,-0.0033472810724948115,0
2023-03-30,0.0065760932064028365,0
2023-03-31,0.0053349244532911828,0
2023-04-03,0.0105346472038011,0
2023-04-04,-0.0081529416494324006,0
2023-04-05,0.00400218329370494,0
2023-04-06,0.0021407170549226856,0
2023-04-07,0.00010912390841884517,0
2023-04-10,-0.01619512998583833,0
2023-04-11,-0.012604868037413664,0
2023-04-12,-0.017419769090892892,0
2023-04-13,-0.00025594256642863956,0
2023-04-14,0.010900434554448685,0
2023-04-17,0.0059803591928974664,0
2023-04-18,0.0042276483080448887,0
2023-04-19,0.0046987267372730051,0
2023-04-20,-0.0039754426449053037,0
2023-04-21,-0.0057453019132879639,0
2023-04-24,0.0080193968531530636,0
2023-04-25,0.0015178596406425094,0
2023-04-26,-0.0025195964064956031,0
2023-04-27,0.0048363266912992984,0
2023-04-28,-0.0045419556775383096,0
2023-05-01,0.0021802367765844004,0
2023-05-02,-0.010052389768160606,0
2023-05-03,-0.0031588629428889832,0
2023-05-04,0.017753336993382916,0
2023-05-05,0.0019227834460430217,0
2023-05-08,0.0049581868779004293,0
2023-05-09,-0.0028219828460568355,0
2023-05-10,-0.012471995430238397,0
2023-05-11,0.012181543079030466,0
2023-05-12,-0.00870838770353859,0
2023-05-15,-0.013998781479933282,0
2023-05-16,-3.0680695934362165e-05,0
2023-05-17,-0.015935045495332166,0
2023-05-18,0.0011881670242218242,0
2023-05-19,-0.01147059683026088,0
2023-05-22,0.0009894428138353447,0
2023-05-23,0.0052616300935982279,0
2023-05-24,-0.0086828091188949248,0
2023-05-25,0.0045340986426801386,0
2023-05-26,-0.0080085379562662533,0
2023-05-29,-0.0027628411196975802,0
2023-05-30,-0.001545093823393069,0
2023-05-31,-0.0012575759878121009,0
2023-06-01,0.0076174462256446192,0
2023-06-02,-0.014855266360063586,0
2023-06-05,-0.0023407681548678378,0
2023-06-06,0.0085342335093625404,0
2023-06-07,-0.0033060704858084923,0
2023-06-08,-0.019334167193867248,0
2023-06-09,0.0054025006807294062,0
2023-06-12,0.0013623047857634035,0
2023-06-13,0.00093123443417311822,0
2023-06-14,-0.0045024200514860993,0
2023-06-15,0.01234478535154291,0
2023-06-16,-0.0093689307486696186,0
2023-06-19,-0.012416995090063148,0
2023-06-20,-0.0033063531391679998,0
2023-06-21,-0.0012747238781563213,0
2023-06-22,-0.0033720117877732367,0
2023-06-23,0.007894304477555604,0
2023-06-26,0.015097666696020404,0
2023-06-27,0.0017492455150438669,0
2023-06-28,-0.0057695263216804276,0
2023-06-29,-0.0050454191616813061,0
2023-06-30,-0.014406623669704598,0
2023-07-03,0.0070899837226852912,0
2023-07-04,-0.0024152628220354784,0
2023-07-05,0.014771299723821154,0
2023-07-06,0.0034981475119117431,0
2023-07-07,-0.013268866844871895,0
2023-07-10,-0.010361970165933189,0
2023-07-11,0.0010937087799051421,0
2023-07-12,0.015162544562562056,0
2023-07-13,0.029236102307484264,0
2023-07-14,0.021927846982712676,0
2023-07-17,0.0063387269513999877,0
2023-07-18,-0.0097778505305386523,0
2023-07-19,-0.019802068862812439,0
2023-07-20,0.0015783873752266771,0
2023-07-21,-0.010257856727082567,0
2023-07-24,-0.0040904476960380506,0
2023-07-25,-0.0073711142265573603,0
2023-07-26,0.003572107929096405,0
2023-07-27,0.0094725202138960778,0
2023-07-28,0.0003972076758983411,0
2023-07-31,-0.0057129321302946756,0
2023-08-01,-0.0050049561128461539,0
2023-08-02,-0.015287125619675353,0
2023-08-03,-0.0016522765665577075,0
2023-08-04,0.0007018838728313785,0
2023-08-07,0.0086823600997046821,0
2023-08-08,0.013335421137371579,0
2023-08-09,0.015549380301121497,0
2023-08-10,0.0055483953956132846,0
2023-08-11,0.0055146184709621449,0
2023-08-14,-0.0027687890758117282,0
2023-08-15,-0.0095357988823845906,0
2023-08-16,0.018072827391559181,0
2023-08-17,-0.0069471405858340081,0
2023-08-18,0.00015336404775783113,0
2023-08-21,-0.014338070629258848,0
2023-08-22,0.007801625204913668,0
2023-08-23,-0.0048343830916224096,0
2023-08-24,-0.0013275441830403333,0
2023-08-25,0.0051186703969490176,0
2023-08-28,-0.00094450560252801663,0
2023-08-29,0.012628760586505701,0
2023-08-30,0.0023164270198460643,0
2023-08-31,-0.0066439430998077847,0
2023-09-01,-0.014006041923668753,0
2023-09-04,-0.008630209604080008,0
2023-09-05,0.0205362735153405,0
2023-09-06,-0.0007570277077587268,0
2023-09-07,0.0057534761891210873,0
2023-09-08,-0.0003044864837601401,0
2023-09-11,0.010981532966927545,0
2023-09-12,0.013030803715314105,0
2023-09-13,-0.0082517361806639343,0
2023-09-14,0.012327169602301553,0
2023-09-15,0.006819074718703428,0
2023-09-18,0.018336684407708078,0
2023-09-19,0.005699957939289629,0
2023-09-20,-0.011350860382073256,0
2023-09-21,-0.0087257279487240533,0
2023-09-22,0.010809987478039485,0
2023-09-25,0.011155961782301665,0
2023-09-26,-0.0088703640327885067,0
2023-09-27,-0.00041718800333363218,0
2023-09-28,0.020221979092890908,0
2023-09-29,-0.014306177114758057,0
2023-10-02,-0.0043215236095851695,0
2023-10-03,-0.0014626037072964287,0
2023-10-04,-0.0048598011005417437,0
2023-10-05,0.0011484111808195349,0
2023-10-06,-0.0029184771032116147,0
2023-10-09,-0.0087742662447657955,0
2023-10-10,-0.001505769214469644,0
2023-10-11,0.00066309999096641938,0
2023-10-12,0.0042683973896739816,0
2023-10-13,-0.021433731702530982,0
2023-10-16,0.0051085781821281978,0
2023-10-17,-0.0079226492629060636,0
2023-10-18,-0.0085859208654540716,0
2023-10-19,-0.0080695920207109525,0
2023-10-20,0.002894287030440344,0
2023-10-23,0.016806674027523914,0
2023-10-24,0.002889955232901021,0
2023-10-25,0.007334040872395778,0
2023-10-26,-0.00047921904036584036,0
2023-10-27,-0.00029839868782213525,0
2023-10-30,-0.0037027032847925714,0
2023-10-31,-0.0022000944419143442,0
2023-11-01,0.01620303250387034,0
2023-11-02,-0.0028450433090799953,0
2023-11-03,-0.0023771001694283221,0
2023-11-06,0.00042724190163682453,0
2023-11-07,0.0011067720380418698,0
2023-11-08,-0.0019907265134495272,0
2023-11-09,-0.0056973596384461561,0
2023-11-10,-0.0053044358341970948,0
2023-11-13,0.0089633418328962135,0
2023-11-14,0.01924302090733079,0
2023-11-15,-0.0011097077749624689,0
2023-11-16,-0.0073378035849428012,0
2023-11-17,-0.010354662251255857,0
2023-11-20,-0.011124936082816771,0
2023-11-21,-0.0075149651767049287,0
2023-11-22,0.0031077366932837028,0
2023-11-23,0.010466347643646977,0
2023-11-24,-0.00039123440272454627,0
2023-11-27,-0.007087906454253794,0
2023-11-28,-0.010595444587925305,0
2023-11-29,-0.0048135058219673822,0
2023-11-30,-0.014079830115622183,0
2023-12-01,-0.0057699841486689319,0
2023-12-04,-0.0044589634349227608,0
2023-12-05,-0.0030307626327463542,0
2023-12-06,-0.010930924601896258,0
2023-12-07,-0.016216122093223324,0
2023-12-08,0.027357789845502977,0
2023-12-11,-0.0072420251508433543,0
2023-12-12,0.00411898013233419,0
2023-12-13,0.023147216443773086,0
2023-12-14,0.014004830390419595,0
2023-12-15,-0.013757859608020177,0
2023-12-18,0.0019550142237985133,0
2023-12-19,0.011976687368299203,0
