name,LE,LX,SE,SX,gross_sharpe,gross_annret,gross_annvol,gross_maxdd,net_sharpe,net_annret,net_annvol,net_maxdd,final_eq_net,avg_reb_turnover,corr_to_bench,beta_to_bench
grid_067,0.12,0.25,0.92,0.7,2.588041450298675,0.2577158908803865,0.08859877064108837,-0.0878017806136212,2.367193105485956,0.2305692112696549,0.08764677256235759,-0.08994299781392057,3.55050794140181,1.7768084897217276,-0.037781055597604196,-0.017953728278232117
grid_058,0.12,0.2,0.92,0.7,2.5873553678278234,0.2586721794919602,0.08891601917508186,-0.08824372560813909,2.363200729056551,0.2310821387323989,0.08797118570134432,-0.09042423233721075,3.5595556946572673,1.8047640726416982,-0.03605918176343548,-0.017198910829358403
grid_068,0.12,0.25,0.92,0.75,2.5177544260268703,0.2519595490635571,0.08925015115786875,-0.0878017806136212,2.2947169364357936,0.2245783917766997,0.08828828147016854,-0.08994299781392057,3.4462492606739943,1.8006583634349245,-0.037236115743498756,-0.01782428290033827
grid_059,0.12,0.2,0.92,0.75,2.516759482007031,0.2529114609123313,0.08958742913143779,-0.08824372560813909,2.290484190521903,0.22508882213825343,0.08863337720302092,-0.09042423233721075,3.45503133171339,1.8286139463548947,-0.03552041177926819,-0.017069465451464573
grid_064,0.12,0.25,0.9,0.7,2.5187133084350277,0.2344321872092745,0.08361852705001216,-0.08962627430059333,2.2860831473640557,0.20782682158870935,0.08259661501873906,-0.09178976109990189,3.168211979667111,1.7741956220997042,-0.023615691693926997,-0.010575661735137052
grid_055,0.12,0.2,0.9,0.7,2.512385336590458,0.23537077234678283,0.08413165865445553,-0.09006733535800704,2.2766963996103953,0.20833026953894085,0.0831202017597594,-0.0922700190621113,3.176285528783484,1.802151205019674,-0.02179202582424622,-0.009820844286263336
grid_069,0.12,0.25,0.92,0.8,2.475995111261804,0.2509579416345955,0.0904321701221058,-0.08104674039161974,2.250736768192133,0.22313460195969204,0.08948932293377838,-0.08325001481905281,3.4215095414649057,1.8315485617442133,-0.04510924373112514,-0.021886756182557282
grid_060,0.12,0.2,0.92,0.8,2.4779303310466974,0.2519090919236371,0.0906682713965228,-0.08149195809172982,2.2492527553383543,0.22364443051889205,0.08973364308049515,-0.0837347885651315,3.4302285683205755,1.8595041446641836,-0.043434958548128746,-0.021131938733683575
grid_066,0.12,0.25,0.9,0.8,2.475493841852738,0.23380202259588856,0.08487214694791566,-0.07329717191369578,2.237964001894205,0.20633551610673173,0.08382050166184903,-0.0755773884953882,3.144397279070917,1.8332186730627125,-0.03554523637822521,-0.01615385922932052
grid_065,0.12,0.25,0.9,0.75,2.466944848041102,0.23008787147703558,0.08394415757703906,-0.08962627430059333,2.231076802369262,0.20316649362549155,0.08290025063731367,-0.09178976109990189,3.0942877779421294,1.8019150202402405,-0.02299894932362198,-0.010337332163882457
grid_057,0.12,0.2,0.9,0.8,2.471275728624894,0.23474012859558258,0.08532456467963775,-0.07374614415193781,2.2306095257857255,0.2068383424490683,0.0842836891102154,-0.07606621949575132,3.1524101412268943,1.8611742559826823,-0.033698108885795226,-0.0153990417804468
grid_056,0.12,0.2,0.9,0.75,2.4603645212202774,0.23102315346818925,0.08447758610526075,-0.09006733535800704,2.2215086467435508,0.20366799905174648,0.0834448971589284,-0.0922700190621113,3.1021729461429186,1.8298706031602114,-0.02118044495851764,-0.009582514715008742
grid_004,0.08,0.2,0.92,0.7,2.404603736246369,0.27047920076032805,0.09955659185198762,-0.12427532797528384,2.202118306782562,0.24263272642347755,0.09864696855101099,-0.12634995731366405,3.768468407347317,1.8046083866945473,-0.01214269628062218,-0.006494466900307356
grid_013,0.08,0.25,0.92,0.7,2.376420325085498,0.2657418860766383,0.09916529453635466,-0.12427532797528384,2.176883678254487,0.23844394902089672,0.09823938408393312,-0.12634995731366405,3.6915535385938507,1.7753635045659117,-0.014514033080753518,-0.007730692005960254
grid_070,0.12,0.25,0.94,0.7,2.3609671646312265,0.25737511749263,0.09700529145263456,-0.09582633466256574,2.1565977754053045,0.2302795269315736,0.09609645507225457,-0.09787440177928208,3.5454065754744946,1.773913829819376,-0.024377171669654325,-0.012700923917078754
grid_061,0.12,0.2,0.94,0.7,2.3566037161218465,0.2583311470014029,0.0975074234912898,-0.09626439189297731,2.1494728557180816,0.23079233364771423,0.09660886628013016,-0.09835144220769998,3.5544413289279637,1.8018694127393462,-0.0228068215164994,-0.011946106468205049
grid_076,0.12,0.3,0.92,0.7,2.362494273460482,0.23574808062352415,0.08959874416369339,-0.09365772277575268,2.1458117138467054,0.20959797029426053,0.08867881893660304,-0.09574777767189013,3.1966912671212,1.7416326834974063,-0.03661841360209902,-0.017606136216119967
grid_031,0.1,0.2,0.92,0.7,2.362610259424066,0.2433685437119255,0.09219644376685257,-0.1017785176645073,2.1429646015167654,0.21608988403751717,0.09129441450770039,-0.1039036131385902,3.3029159352628574,1.8063760331820262,-0.027775483624075923,-0.01374834649137456
grid_005,0.08,0.2,0.92,0.75,2.3453255734323517,0.2646644435454619,0.10011694224109663,-0.12427532797528384,2.1407646728422596,0.23658317773343596,0.0991944967606113,-0.12634995731366405,3.6578094393914835,1.8284582604077442,-0.011834983763675613,-0.006365021522413525
grid_014,0.08,0.25,0.92,0.75,2.317480264906273,0.25994881070805453,0.09970790138542028,-0.12427532797528384,2.1158055567493084,0.2324147926900051,0.09876875980317026,-0.12634995731366405,3.583153132758401,1.799213378279109,-0.014194516097091343,-0.007601246628066416
grid_040,0.1,0.25,0.92,0.7,2.3270315785039677,0.23794226467285928,0.09172653228244715,-0.1017785176645073,2.109806691440781,0.21118044121404012,0.09081185308437889,-0.1039036131385902,3.2223174842593667,1.7796280982520443,-0.029110578452354884,-0.014333029831194059
grid_006,0.08,0.2,0.92,0.8,2.3162890100171016,0.2636526717971286,0.10102645739877007,-0.11779038286444465,2.109151502612918,0.235125234157195,0.10012195371131022,-0.11992472805316823,3.631550985168935,1.8593484587170326,-0.019209056548063902,-0.010427494804632549
grid_071,0.12,0.25,0.94,0.75,2.3137116365696664,0.25502890365999553,0.09817930615593366,-0.09582633466256574,2.1084993256293867,0.2276007122040622,0.09725477330270269,-0.09787440177928208,3.498522133720609,1.7993254491698982,-0.023422474428872807,-0.012350607806411524
grid_062,0.12,0.2,0.94,0.75,2.3097232855541656,0.2559831492543052,0.09867790361845165,-0.09626439189297731,2.101775811543545,0.228112402333156,0.09776416554616343,-0.09835144220769998,3.5074374116321296,1.8272810320898691,-0.021876408567914347,-0.011595790357537814
grid_001,0.08,0.2,0.9,0.7,2.3070808506768383,0.2469592138973904,0.09566546344418411,-0.12186548811719888,2.0967556303079617,0.21966738856534906,0.09470735949404199,-0.12397143787394982,3.3627038582093496,1.8019955190725228,0.0017207872190303898,0.0008835996427877036
grid_015,0.08,0.25,0.92,0.8,2.286709959355843,0.25894081161586313,0.10069958404459706,-0.11779038286444465,2.0826029168595928,0.23096176368021348,0.09977695884887837,-0.11992472805316823,3.5574306165727023,1.8301035765883977,-0.021560666787905587,-0.011663719910285432
grid_032,0.1,0.2,0.92,0.75,2.297942683918839,0.23767786714991668,0.09279471487904196,-0.1017785176645073,2.0761496076485715,0.21016955471694132,0.09188185521608529,-0.1039036131385902,3.205927655374808,1.8302259068952222,-0.02733805918164879,-0.01361890111348073
grid_077,0.12,0.3,0.92,0.75,2.294757916016042,0.23009228156497796,0.09024446142543692,-0.09365772277575268,2.075895377049377,0.2037092457652263,0.08931462998799361,-0.09574777767189013,3.1028222152264324,1.7654825572106037,-0.036090422705533115,-0.017476690838226134
grid_010,0.08,0.25,0.9,0.7,2.283254022561266,0.242309599649142,0.0950276339747121,-0.12186548811719888,2.075485828961805,0.21555602477518732,0.09405104238542487,-0.12397143787394982,3.2940706900483243,1.772750636943888,-0.0006915210814575101,-0.0003526254628651778
grid_072,0.12,0.25,0.94,0.8,2.279959576718594,0.25536324025483714,0.09974956025272916,-0.08755818098529422,2.0735139945094345,0.227490191613976,0.09885228199995591,-0.08967688237844729,3.496599002466848,1.8283462545255333,-0.032803018991741775,-0.017581063655772385
grid_063,0.12,0.2,0.94,0.8,2.2770736098253535,0.25631774005781227,0.10020976608791642,-0.08800024399981499,2.067861176538719,0.2280018356757334,0.09932403920729711,-0.09015825762252139,3.505509379666316,1.856301837445504,-0.03124555441573579,-0.01682624620689867
grid_003,0.08,0.2,0.9,0.8,2.2795961710964687,0.24632265436898892,0.09659488894433216,-0.10611465090692418,2.0641316731691393,0.21816146351860755,0.09560568617408999,-0.10833353725020867,3.3374272081332603,1.8610185700355308,-0.00905670123349334,-0.004694597851395769
grid_073,0.12,0.3,0.9,0.7,2.283978465471489,0.2128710602010162,0.08449743680227509,-0.09547050395410661,2.055201874635424,0.18724315420932847,0.08351196272173898,-0.09758276141626121,2.852492019435384,1.7390198158753825,-0.022589174247615165,-0.010228069673024915
grid_002,0.08,0.2,0.9,0.75,2.2622415883856366,0.24257081201794684,0.09600321647495363,-0.12186548811719888,2.0491108153612916,0.21496137447859476,0.09502281881238996,-0.12397143787394982,3.284241558353461,1.8297149172130593,0.0021776742499651823,0.0011219292140423028
grid_007,0.08,0.2,0.94,0.7,2.237780284252694,0.2701349692017887,0.10685730474455839,-0.1278459847263489,2.047665724056192,0.24234020225211417,0.10597279541818497,-0.1298404743559285,3.7630538760609005,1.801713726792195,-0.002161048712812279,-0.0012416625391539987
grid_041,0.1,0.25,0.92,0.75,2.2633154798602777,0.23227642322438347,0.09228196921865317,-0.1017785176645073,2.0438211424200237,0.20528401269115792,0.09135595599582351,-0.1039036131385902,3.1276959328251164,1.8034779719652416,-0.028675860545152598,-0.014203584453300232
grid_012,0.08,0.25,0.9,0.8,2.2551313248752836,0.24167541369978007,0.09598625381206927,-0.10611465090692418,2.0422396609372897,0.21405517603512236,0.09497716898578376,-0.10833353725020867,3.2693099392748115,1.8317736879068964,-0.011517311369573801,-0.005930822957048663
grid_028,0.1,0.2,0.9,0.7,2.272516710090084,0.2203504480229972,0.08762886938949895,-0.0986448588212665,2.042206671806819,0.1936150896281057,0.08666438854866802,-0.10080365692846316,2.9472790954529366,1.8037631655600015,-0.01355730009661288,-0.0063702799482795005
grid_033,0.1,0.2,0.92,0.8,2.266485281095063,0.23668768552038566,0.09372952295627876,-0.09512697843488294,2.0421089524440785,0.20874275305876555,0.09283577751288373,-0.09731330301008301,3.1829131419141334,1.8611161052045115,-0.03512820913359432,-0.01768137439569975
grid_078,0.12,0.3,0.92,0.8,2.2566751480426697,0.2291081686449996,0.09141273188273867,-0.08694604716903143,2.0356593645698235,0.20229006087404722,0.09050046653711684,-0.0890974857313025,3.080547868667589,1.7963727555198925,-0.04389685395004065,-0.021539164120445143
grid_011,0.08,0.25,0.9,0.75,2.239132218518346,0.23793756107627528,0.09532565156590332,-0.12186548811719888,2.028453087679927,0.21086587414112,0.09432591925146783,-0.12397143787394982,3.2172098146554218,1.8004700350844245,-0.00022348837719771372,-0.00011429589161059353
grid_016,0.08,0.25,0.94,0.7,2.212917655858196,0.2653989380756856,0.10636972320531618,-0.1278459847263489,2.0254625448435393,0.23815241091614214,0.10546740438295327,-0.1298404743559285,3.686249518506729,1.7724688446635601,-0.004333299639954886,-0.0024778876448068865
grid_037,0.1,0.25,0.9,0.7,2.240335207591444,0.21502462400250755,0.08693535797496338,-0.0986448588212665,2.0119813960066883,0.18879637917529535,0.0859557397194405,-0.10080365692846316,2.875358969593127,1.7770152306300204,-0.01492365938469068,-0.006954963288098992
grid_075,0.12,0.3,0.9,0.8,2.244355348725658,0.21225190231558666,0.08576168936661924,-0.0792462277739534,2.010683616017503,0.18577726341052703,0.0847465392859667,-0.08147379909672814,2.8310505111550506,1.798042866838391,-0.03440033837265819,-0.015806267167208385
grid_042,0.1,0.25,0.92,0.8,2.2302391790889815,0.23129056292166128,0.09329172378336408,-0.09512697843488294,2.008313706270006,0.20386297113447904,0.09238373889511342,-0.09731330301008301,3.10524302437404,1.8343681702745305,-0.03646738816087161,-0.018266057735519224
grid_030,0.1,0.2,0.9,0.8,2.2421697792219084,0.21972747198896148,0.08858715874970566,-0.08550728429567633,2.006470315993697,0.1921413313916458,0.08759218953677042,-0.08783236072042244,2.925125095126543,1.8627862165230098,-0.0251595317409659,-0.011948477442462978
grid_008,0.08,0.2,0.94,0.75,2.197222723881396,0.26776494597435585,0.10797970657012408,-0.1278459847263489,2.0061812751022767,0.239635126570108,0.10707760371211342,-0.1298404743559285,3.7132912673126106,1.827125346142717,-0.0015353353648106464,-0.0008913464284867582
grid_074,0.12,0.3,0.9,0.75,2.23373085907744,0.20860262416815423,0.08481990362411557,-0.09547050395410661,2.001705585390562,0.18266224710261025,0.08381254468614552,-0.09758276141626121,2.7859345425945166,1.7667392140159193,-0.02198368696070497,-0.009989740101770322
grid_029,0.1,0.2,0.9,0.75,2.2245787510533135,0.2160556899106243,0.08793241418248032,-0.0986448588212665,1.9911215781204359,0.18900959678750473,0.08694631753698405,-0.10080365692846316,2.8785099424447536,1.8314825637005385,-0.013007768740076753,-0.0061319503770249
grid_017,0.08,0.25,0.94,0.75,2.1726366050258856,0.26303775210102254,0.10748218694178653,-0.1278459847263489,1.984205899143336,0.235456453744898,0.10656177368520793,-0.1298404743559285,3.637502570262131,1.7978804640140822,-0.0036824605155844877,-0.0021275715341396496
grid_009,0.08,0.2,0.94,0.8,2.1734291193248185,0.2681026754193596,0.10928436769820563,-0.1198706325291129,1.9807297348925514,0.23952352252465747,0.10840805081104432,-0.12193342725809941,3.711250077856743,1.856146151498352,-0.010415332314936784,-0.006121802277847621
grid_039,0.1,0.25,0.9,0.8,2.209278376935845,0.2144043667454687,0.08792632267875715,-0.08247752009896703,1.9755505307126908,0.18732857060743524,0.08691546090184737,-0.08475219050132077,2.853745575853404,1.8360382815930283,-0.026596160308116696,-0.012533160782282478
grid_022,0.08,0.3,0.92,0.7,2.1601739209798207,0.24498433838762868,0.1014376426365827,-0.1309222830678647,1.9664296628114686,0.2186468663065373,0.10055844913812106,-0.13292640467075512,3.3455571831904756,1.7410921155267636,-0.014638673331752554,-0.007981139794631735
grid_034,0.1,0.2,0.94,0.7,2.166617407885728,0.243031657683894,0.10041148944187031,-0.10485797338905223,1.9629607716514257,0.21580360823126554,0.09954618906992167,-0.10690221295923341,3.298170309259182,1.8034813732796737,-0.015740619754315212,-0.008495542130221209
grid_038,0.1,0.25,0.9,0.75,2.1930548886794345,0.2107486089700048,0.08720203693408653,-0.0986448588212665,1.9614248012994517,0.18420947904241425,0.086200320077194,-0.10080365692846316,2.8082679359551936,1.8047346287705568,-0.014371369487970463,-0.006716633716844398
grid_079,0.12,0.3,0.94,0.7,2.159822391091353,0.2354132593312901,0.09788098221338655,-0.10163076244614566,1.9592802441077417,0.20931322272853237,0.09700124038981242,-0.10362859134029989,3.1920982646045526,1.7387380235950547,-0.023488873497106856,-0.01235333185496662
grid_018,0.08,0.25,0.94,0.8,2.1491490401310482,0.263374222233274,0.10878077388809847,-0.1198706325291129,1.9590442766612217,0.23534522590433382,0.10788447646659785,-0.12193342725809941,3.635503041715181,1.826901269369718,-0.01257933867380631,-0.007358027383500519
grid_043,0.1,0.25,0.94,0.7,2.1356477409853927,0.23760684887471406,0.09981962388613162,-0.10485797338905223,1.9341056380202746,0.21089532112392506,0.09893979782866712,-0.10690221295923341,3.217687662021953,1.7767334383496924,-0.01692703851618202,-0.009080225470040705
grid_035,0.1,0.2,0.94,0.75,2.1229026066783363,0.2407122081981461,0.10159937413338825,-0.10485797338905223,1.9184598553295955,0.2131563134172043,0.10071906704989825,-0.10690221295923341,3.2545553188576504,1.8288929926301962,-0.014915809019789011,-0.00814522601955397
grid_080,0.12,0.3,0.94,0.75,2.114034946702039,0.23310802548521004,0.09911748742921189,-0.10163076244614566,1.9127434029834585,0.20668006010141848,0.098221662323599,-0.10362859134029989,3.149885970478738,1.764149642945577,-0.022539198287154782,-0.012003015744299385
grid_023,0.08,0.3,0.92,0.75,2.1038400039617104,0.23928626662092656,0.10197335446701132,-0.1309222830678647,1.9079783825322365,0.2127140887473089,0.10108127956159316,-0.13292640467075512,3.24731676689635,1.764941989239961,-0.014326761339491925,-0.007851694416737935
grid_036,0.1,0.2,0.94,0.8,2.097618874347704,0.24104273086073813,0.10295098927357367,-0.1019902755363361,1.8916724095872153,0.21304709325278703,0.10209772686632253,-0.10928996527669999,3.2527662957182994,1.8579137979858316,-0.024163243272309863,-0.013375681868914831
grid_044,0.1,0.25,0.94,0.75,2.09258690576739,0.2352975218745239,0.10098115824207733,-0.10485797338905223,1.8901780399175103,0.20825871363051118,0.10008593873151483,-0.10690221295923341,3.1751369738115116,1.8021450577002145,-0.01608762876846466,-0.008729909359373459
grid_081,0.12,0.3,0.94,0.8,2.08330428375353,0.2334365224123407,0.10070741750936374,-0.09341568695812397,1.8808946765782617,0.20657142299249376,0.09983695800248792,-0.09548335964824484,3.1481544838898046,1.793170448301212,-0.03183734190077723,-0.017233471593660232
grid_049,0.1,0.3,0.92,0.7,2.0892598569474496,0.21447274806348027,0.09300424250757161,-0.10796464903420189,1.8770241828635263,0.18876759648160535,0.09212302049955243,-0.1100319806120702,2.874933834200284,1.7419927255494507,-0.028973834388147466,-0.014471674109361265
grid_024,0.08,0.3,0.92,0.8,2.074979978763533,0.23829479822070065,0.10300594351520828,-0.12448656020724469,1.8768402189944096,0.21128428705879898,0.10212973328874334,-0.12654954166668253,3.2240051318638074,1.7958321875492496,-0.021516264748211097,-0.011914167698956929
grid_045,0.1,0.25,0.94,0.8,2.0675578590181796,0.23562660207807573,0.10233242595466062,-0.09667240890875806,1.863638490169172,0.20814993439579776,0.10146292356882376,-0.10670685931415314,3.173391606791983,1.8311658630558494,-0.02537726274526813,-0.013960365208734308
grid_019,0.08,0.3,0.9,0.7,2.064186526241096,0.22193632999369672,0.09710205629632318,-0.1285307344579638,1.8620521312914347,0.1961248158089377,0.09617722732781964,-0.13056578966315757,2.9853290068295193,1.7384792479047393,-0.001156520091986039,-0.000603073251536686
grid_025,0.08,0.3,0.94,0.7,2.015281800295165,0.24464701456611038,0.10859621083645633,-0.13446583769901288,1.833204322022503,0.21835998856931793,0.10773795390088914,-0.1363906466595588,3.340750290288417,1.738197455624412,-0.00467072618769153,-0.002728335433478399
grid_021,0.08,0.3,0.9,0.8,2.036906902515943,0.22131254438363945,0.09815182826078905,-0.11289944978623434,1.8298193652794228,0.19464795881001873,0.09719623161632886,-0.11504560417156628,2.9628889943129924,1.797502298867748,-0.011729613653786176,-0.006181270745720161
grid_020,0.08,0.3,0.9,0.75,2.0214306769778343,0.21763599071447937,0.09741183245363441,-0.1285307344579638,1.8164269775644883,0.19150963933911824,0.09646471329459126,-0.13056578966315757,2.9156720314968694,1.7661986460452768,-0.0006973883151376146,-0.00036474368028209026
grid_050,0.1,0.3,0.92,0.75,2.02797123202443,0.20891432241602836,0.0935529556028923,-0.10796464903420189,1.8134717625391064,0.18298028112837317,0.09266034343513323,-0.1100319806120702,2.7905130094393162,1.7658425992626474,-0.028548159025878945,-0.014342228731467442
grid_026,0.08,0.3,0.94,0.75,1.9775677813212666,0.2423245508862617,0.10972279409958897,-0.13446583769901288,1.7945243367358545,0.2157071274842195,0.10884550375175533,-0.1363906466595588,3.296572222395509,1.763609074974934,-0.004029584376037313,-0.00237801932281115
grid_051,0.1,0.3,0.92,0.8,1.9974962340650269,0.2079471525364458,0.09457957789031435,-0.10135891954782494,1.7806927613190116,0.18158553588782067,0.09370353755605892,-0.10348674135185787,2.7704806487245452,1.7967327975719365,-0.036226649710885225,-0.018404702013686453
grid_046,0.1,0.3,0.9,0.7,1.9943496832545853,0.19198959126504223,0.08806070365665858,-0.10485257197858622,1.7707022545590663,0.1667977505991689,0.0871196898150751,-0.10695322487890735,2.565379366724487,1.7393798579274267,-0.015017796208671426,-0.007093607566266195
grid_027,0.08,0.3,0.94,0.8,1.9549879935900232,0.24265550307295647,0.11112632161863409,-0.1265510202903879,1.7704938401513117,0.2155976776706392,0.11027198581116064,-0.12854312028106607,3.294760102640692,1.792629880330569,-0.012725879325110935,-0.007608475172172011
grid_048,0.1,0.3,0.9,0.8,1.9651701876790924,0.19138109314929097,0.08910842315058287,-0.08879657915838468,1.736260120087926,0.1653571037690722,0.08813631386094718,-0.091011533790887,2.546096016391153,1.7984029088904347,-0.02651789023943272,-0.012671805060449681
grid_052,0.1,0.3,0.94,0.7,1.920841721833791,0.21414369124254273,0.1010177180356849,-0.11102289627282891,1.7239037012303096,0.18848775252714467,0.10016899590058594,-0.11301007312805711,2.8708031324113756,1.7390980656470985,-0.016974606953133818,-0.009218869748207908
grid_047,0.1,0.3,0.9,0.75,1.9484685101272525,0.1877946430227213,0.08832493093707752,-0.10485257197858622,1.7215398668465898,0.1622957308664188,0.08736197781546591,-0.10695322487890735,2.5055211176477434,1.7670992560679633,-0.014472980661619676,-0.006855277995011621
grid_053,0.1,0.3,0.94,0.75,1.879779299653393,0.21187814559624463,0.10223080054716346,-0.11102289627282891,1.6820419359822125,0.18589993534800553,0.10136603720989178,-0.11301007312805711,2.8328396437724463,1.7645096849976205,-0.016136736109574404,-0.008868553637540692
grid_054,0.1,0.3,0.94,0.8,1.8568088023115656,0.21220098693589828,0.10363894465835315,-0.10698880138879285,1.6577345197755025,0.18579316906859966,0.10279805941880447,-0.11838002276995663,2.8312824369726663,1.7935304903532558,-0.02529641951107515,-0.014099009486901518
