param,status,current,frozen
bootstrap_iterations,MATCH,5000,5000
bootstrap_seed,MATCH,42,42
commission_bps_oneway,MATCH,0.4,0.4
coverage_pass_threshold,MATCH,0.88,0.88
data_checks_fail_on_fail,MATCH,True,True
data_checks_max_warn,MATCH,None,None
data_checks_warn_fail_list,MATCH,[],[]
delisting_returns_path,MATCH,data/delisting_returns.csv,data/delisting_returns.csv
enable_bootstrap_report,MATCH,True,True
enable_delisting_returns_integration,MATCH,True,True
enable_parameter_freeze_report,MATCH,True,True
enable_period_backtests,MATCH,True,True
enable_rolling_walkforward_report,MATCH,True,True
enable_train_test_split_report,MATCH,True,True
enable_universe_realism_report,MATCH,True,True
end_date,MATCH,2026-02-13,2026-02-13
enforce_delisting_data_gate,MATCH,False,False
enforce_reliability_gate,MATCH,True,True
enforce_universe_realism_gate,MATCH,True,True
exchange_fee_bps_oneway,MATCH,0.2,0.2
execution_cost_scenarios,MATCH,"[""Base:33.6"", ""Conservative:57.8"", ""Stressed:106.0""]","[""Base:33.6"", ""Conservative:57.8"", ""Stressed:106.0""]"
ibkr_margin_account_nav_usd,DIFF,1000000.0,<MISSING>
ibkr_margin_benchmark_rate,DIFF,0.0364,<MISSING>
ibkr_margin_day_count,DIFF,360,<MISSING>
ibkr_margin_floor_benchmark_at_zero,DIFF,True,<MISSING>
impact_bps_oneway,MATCH,15.0,15.0
kill_switch_deact_zscore,DIFF,2.0,<MISSING>
kill_switch_fred_series,DIFF,BAMLH0A0HYM2,<MISSING>
kill_switch_min_obs,DIFF,252,<MISSING>
kill_switch_trigger_zscore,DIFF,3.0,<MISSING>
kill_switch_window,DIFF,5,<MISSING>
lookback_months_sector,MATCH,36,36
lookback_months_stock,MATCH,13,13
max_abs_stock_quarter_return,MATCH,0.8,0.8
max_universe_realism_warn,MATCH,1,1
min_applied_delisting_events,MATCH,50,50
min_avg_dollar_vol,MATCH,5000000,5000000
min_history_events_for_trust,MATCH,200,200
min_history_months_for_stock_selection,MATCH,24,24
min_oos_quarters,MATCH,24,24
min_reliability_score,DIFF,55.0,65.0
min_removed_events_for_realism,MATCH,200,200
outlier_count_warn_max,MATCH,80,80
outlier_warn_threshold,MATCH,0.8,0.8
parameter_snapshot_path,MATCH,data/frozen_config.json,data/frozen_config.json
period_windows,MATCH,"[""2005-09-30:2025-12-31:Full"", ""2005-09-30:2009-12-31:GFC_Regime"", ""2010-01-01:2014-12-31:PostGFC_Early"", ""2015-01-01:2019-12-31:LateCycle_PreCovid"", ""2020-01-01:2022-12-31:Covid_And_Shock"", ""2023-01-01:2025-12-31:Recent_Regime""]","[""2005-09-30:2025-12-31:Full"", ""2005-09-30:2009-12-31:GFC_Regime"", ""2010-01-01:2014-12-31:PostGFC_Early"", ""2015-01-01:2019-12-31:LateCycle_PreCovid"", ""2020-01-01:2022-12-31:Covid_And_Shock"", ""2023-01-01:2025-12-31:Recent_Regime""]"
rebalance_freq,MATCH,Q,Q
regime_burn_in_end,DIFF,2006-12-31,<MISSING>
regime_confirm_window,DIFF,5,<MISSING>
regime_covariance_type,DIFF,full,<MISSING>
regime_exposure_contraction,DIFF,0.5,<MISSING>
regime_exposure_expansion,DIFF,1.1,<MISSING>
regime_exposure_transition,DIFF,1.0,<MISSING>
regime_insample_end,DIFF,2018-12-31,<MISSING>
regime_min_train_days,DIFF,504,<MISSING>
regime_n_iter,DIFF,100,<MISSING>
regime_n_states,DIFF,3,<MISSING>
regime_oos_end,DIFF,2022-12-31,<MISSING>
regime_oos_start,DIFF,2019-01-01,<MISSING>
regime_random_state,DIFF,42,<MISSING>
regime_robust_start,DIFF,2023-01-01,<MISSING>
rolling_step_quarters,MATCH,4,4
rolling_test_quarters,MATCH,8,8
rolling_train_quarters,MATCH,32,32
sector_tickers,MATCH,"[""XLC"", ""XLY"", ""XLP"", ""XLE"", ""XLF"", ""XLV"", ""XLI"", ""XLB"", ""XLRE"", ""XLK"", ""XLU""]","[""XLC"", ""XLY"", ""XLP"", ""XLE"", ""XLF"", ""XLV"", ""XLI"", ""XLB"", ""XLRE"", ""XLK"", ""XLU""]"
shuffled_label_sharpe_ratio_max,MATCH,0.8,0.8
slippage_bps_oneway,MATCH,10.0,10.0
spread_bps_oneway,MATCH,8.0,8.0
spy_ticker,MATCH,SPY,SPY
stale_feature_sharpe_ratio_max,MATCH,0.9,0.9
start_date,MATCH,1999-12-31,1999-12-31
top_k_sectors,MATCH,3,3
top_n_stocks_per_sector,MATCH,10,10
train_test_split_date,MATCH,2015-12-31,2015-12-31
txn_cost_bps,MATCH,10.0,10.0
use_ibkr_margin_financing,DIFF,True,<MISSING>
use_turnover_cost_model,MATCH,True,True
